
> nmi-portal@0.1.0 test:storybook
> node --max-old-space-size=8192 ./node_modules/vitest/vitest.mjs run --config vitest.storybook.config.ts --reporter=default


 RUN  v4.1.11 C:/Users/gregm/offline-site-robots-off/portal.measurement.gov.au/source-map-capture/portal.measurement.gov.au

8:22:02 pm [vite] [90m[2m(client)[22m[39m [optimizer] scanning dependencies...
8:22:04 pm [vite] [90m[2m(client)[22m[39m [optimizer] bundling dependencies...
8:22:18 pm [vite] [31m[2m(client)[22m[39m [2m[console.error] [22m[env] Missing required runtime variable: REACT_APP_APPINSIGHTS_INSTRUMENTATIONKEY
8:22:18 pm [vite] [31m[2m(client)[22m[39m [2m[console.error] [22m[env] Missing required runtime variable: REACT_APP_GA_TRACKINGID
8:22:18 pm [vite] [31m[2m(client)[22m[39m [2m[console.error] [22m[env] Missing required runtime variable: REACT_APP_APPINSIGHTS_INSTRUMENTATIONKEY
8:22:18 pm [vite] [31m[2m(client)[22m[39m [2m[console.error] [22m[env] Missing required runtime variable: REACT_APP_GA_TRACKINGID
stderr | unknown test
[env] Missing required runtime variable: REACT_APP_APPINSIGHTS_INSTRUMENTATIONKEY
stderr | unknown test
[env] Missing required runtime variable: REACT_APP_GA_TRACKINGID
stderr | unknown test
[env] Missing required runtime variable: REACT_APP_APPINSIGHTS_INSTRUMENTATIONKEY
stderr | unknown test
[env] Missing required runtime variable: REACT_APP_GA_TRACKINGID
8:22:18 pm [vite] [31m[2m(client)[22m[39m [2m[console.error] [22m[env] Missing required runtime variable: REACT_APP_APPINSIGHTS_INSTRUMENTATIONKEY
8:22:18 pm [vite] [31m[2m(client)[22m[39m [2m[console.error] [22m[env] Missing required runtime variable: REACT_APP_GA_TRACKINGID
stderr | unknown test
[env] Missing required runtime variable: REACT_APP_APPINSIGHTS_INSTRUMENTATIONKEY
stderr | unknown test
[env] Missing required runtime variable: REACT_APP_GA_TRACKINGID
8:22:18 pm [vite] [31m[2m(client)[22m[39m [2m[console.error] [22m[env] Missing required runtime variable: REACT_APP_APPINSIGHTS_INSTRUMENTATIONKEY
8:22:18 pm [vite] [31m[2m(client)[22m[39m [2m[console.error] [22m[env] Missing required runtime variable: REACT_APP_GA_TRACKINGID
stderr | unknown test
[env] Missing required runtime variable: REACT_APP_APPINSIGHTS_INSTRUMENTATIONKEY
stderr | unknown test
[env] Missing required runtime variable: REACT_APP_GA_TRACKINGID
8:22:19 pm [vite] [31m[2m(client)[22m[39m [2m[console.error] [22m[env] Missing required runtime variable: REACT_APP_APPINSIGHTS_INSTRUMENTATIONKEY
8:22:19 pm [vite] [31m[2m(client)[22m[39m [2m[console.error] [22m[env] Missing required runtime variable: REACT_APP_GA_TRACKINGID
stderr | unknown test
[env] Missing required runtime variable: REACT_APP_APPINSIGHTS_INSTRUMENTATIONKEY
stderr | unknown test
[env] Missing required runtime variable: REACT_APP_GA_TRACKINGID
8:22:19 pm [vite] [31m[2m(client)[22m[39m [2m[console.error] [22m[env] Missing required runtime variable: REACT_APP_APPINSIGHTS_INSTRUMENTATIONKEY
8:22:19 pm [vite] [31m[2m(client)[22m[39m [2m[console.error] [22m[env] Missing required runtime variable: REACT_APP_GA_TRACKINGID
stderr | unknown test
[env] Missing required runtime variable: REACT_APP_APPINSIGHTS_INSTRUMENTATIONKEY
stderr | unknown test
[env] Missing required runtime variable: REACT_APP_GA_TRACKINGID
8:22:19 pm [vite] [31m[2m(client)[22m[39m [2m[console.error] [22m[env] Missing required runtime variable: REACT_APP_APPINSIGHTS_INSTRUMENTATIONKEY
8:22:19 pm [vite] [31m[2m(client)[22m[39m [2m[console.error] [22m[env] Missing required runtime variable: REACT_APP_GA_TRACKINGID
stderr | unknown test
[env] Missing required runtime variable: REACT_APP_APPINSIGHTS_INSTRUMENTATIONKEY
stderr | unknown test
[env] Missing required runtime variable: REACT_APP_GA_TRACKINGID
8:22:19 pm [vite] [31m[2m(client)[22m[39m [2m[console.error] [22m[env] Missing required runtime variable: REACT_APP_APPINSIGHTS_INSTRUMENTATIONKEY
8:22:19 pm [vite] [31m[2m(client)[22m[39m [2m[console.error] [22m[env] Missing required runtime variable: REACT_APP_GA_TRACKINGID
stderr | unknown test
[env] Missing required runtime variable: REACT_APP_APPINSIGHTS_INSTRUMENTATIONKEY
stderr | unknown test
[env] Missing required runtime variable: REACT_APP_GA_TRACKINGID
8:22:19 pm [vite] [31m[2m(client)[22m[39m [2m[console.error] [22m[env] Missing required runtime variable: REACT_APP_APPINSIGHTS_INSTRUMENTATIONKEY
stderr | unknown test
[env] Missing required runtime variable: REACT_APP_APPINSIGHTS_INSTRUMENTATIONKEY
stderr | unknown test
[env] Missing required runtime variable: REACT_APP_GA_TRACKINGID
8:22:19 pm [vite] [31m[2m(client)[22m[39m [2m[console.error] [22m[env] Missing required runtime variable: REACT_APP_GA_TRACKINGID
8:22:19 pm [vite] [33m[2m(client)[22m[39m [2m[console.warn] [22mIf you do not provide a visible label, you must specify an aria-label or aria-labelledby attribute for accessibility
stderr | ClientApp/src/components/Inputs/AutoSuggest/AutoSuggest.stories.tsx > With Suggestions
If you do not provide a visible label, you must specify an aria-label or aria-labelledby attribute for accessibility
8:22:19 pm [vite] [33m[2m(client)[22m[39m [2m[console.warn] [22mIf you do not provide a visible label, you must specify an aria-label or aria-labelledby attribute for accessibility
stderr | ClientApp/src/routes/acceptQuote/AcceptQuote.stories.tsx > Report Recipient Step
If you do not provide a visible label, you must specify an aria-label or aria-labelledby attribute for accessibility
8:22:19 pm [vite] [33m[2m(client)[22m[39m [2m[console.warn] [22mIf you do not provide a visible label, you must specify an aria-label or aria-labelledby attribute for accessibility
stderr | ClientApp/src/components/Inputs/AutoSuggest/AutoSuggest.stories.tsx > With Suggestions
If you do not provide a visible label, you must specify an aria-label or aria-labelledby attribute for accessibility
8:22:19 pm [vite] [33m[2m(client)[22m[39m [2m[console.warn] [22mIf you do not provide a visible label, you must specify an aria-label or aria-labelledby attribute for accessibility
stderr | ClientApp/src/routes/acceptQuote/AcceptQuote.stories.tsx > Report Recipient Step
If you do not provide a visible label, you must specify an aria-label or aria-labelledby attribute for accessibility
8:22:19 pm [vite] [33m[2m(client)[22m[39m [2m[console.warn] [22mIf you do not provide a visible label, you must specify an aria-label or aria-labelledby attribute for accessibility
stderr | ClientApp/src/components/Inputs/AutoSuggest/AutoSuggest.stories.tsx > With Suggestions
If you do not provide a visible label, you must specify an aria-label or aria-labelledby attribute for accessibility
8:22:19 pm [vite] [33m[2m(client)[22m[39m [2m[console.warn] [22mIf you do not provide a visible label, you must specify an aria-label or aria-labelledby attribute for accessibility
stderr | ClientApp/src/routes/acceptQuote/AcceptQuote.stories.tsx > Report Recipient Step
If you do not provide a visible label, you must specify an aria-label or aria-labelledby attribute for accessibility
8:22:19 pm [vite] [33m[2m(client)[22m[39m [2m[console.warn] [22mIf you do not provide a visible label, you must specify an aria-label or aria-labelledby attribute for accessibility
stderr | ClientApp/src/components/Inputs/AutoSuggest/AutoSuggest.stories.tsx > With Suggestions
If you do not provide a visible label, you must specify an aria-label or aria-labelledby attribute for accessibility
stderr | ClientApp/src/components/Inputs/AutoSuggest/AutoSuggest.stories.tsx > With Suggestions
If you do not provide a visible label, you must specify an aria-label or aria-labelledby attribute for accessibility
8:22:20 pm [vite] [33m[2m(client)[22m[39m [2m[console.warn] [22m[MSW] Warning: intercepted a request without a matching request handler:

  • GET https://www.googletagmanager.com/gtag/js?id=

If you still wish to intercept this unhandled request, please create a request handler for it.
Read more: https://mswjs.io/docs/http/intercepting-requests
8:22:20 pm [vite] [33m[2m(client)[22m[39m [2m[console.warn] [22mIf you do not provide a visible label, you must specify an aria-label or aria-labelledby attribute for accessibility
8:22:20 pm [vite] [33m[2m(client)[22m[39m [2m[console.warn] [22mIf you do not provide a visible label, you must specify an aria-label or aria-labelledby attribute for accessibility
8:22:20 pm [vite] [33m[2m(client)[22m[39m [2m[console.warn] [22mIf you do not provide a visible label, you must specify an aria-label or aria-labelledby attribute for accessibility
8:22:20 pm [vite] [33m[2m(client)[22m[39m [2m[console.warn] [22mIf you do not provide a visible label, you must specify an aria-label or aria-labelledby attribute for accessibility
8:22:20 pm [vite] [33m[2m(client)[22m[39m [2m[console.warn] [22mIf you do not provide a visible label, you must specify an aria-label or aria-labelledby attribute for accessibility
8:22:20 pm [vite] [33m[2m(client)[22m[39m [2m[console.warn] [22mIf you do not provide a visible label, you must specify an aria-label or aria-labelledby attribute for accessibility
8:22:20 pm [vite] [33m[2m(client)[22m[39m [2m[console.warn] [22mIf you do not provide a visible label, you must specify an aria-label or aria-labelledby attribute for accessibility
8:22:20 pm [vite] [33m[2m(client)[22m[39m [2m[console.warn] [22mIf you do not provide a visible label, you must specify an aria-label or aria-labelledby attribute for accessibility
8:22:20 pm [vite] [33m[2m(client)[22m[39m [2m[console.warn] [22mIf you do not provide a visible label, you must specify an aria-label or aria-labelledby attribute for accessibility
8:22:20 pm [vite] [33m[2m(client)[22m[39m [2m[console.warn] [22mIf you do not provide a visible label, you must specify an aria-label or aria-labelledby attribute for accessibility
8:22:20 pm [vite] [33m[2m(client)[22m[39m [2m[console.warn] [22mIf you do not provide a visible label, you must specify an aria-label or aria-labelledby attribute for accessibility
8:22:20 pm [vite] [33m[2m(client)[22m[39m [2m[console.warn] [22mIf you do not provide a visible label, you must specify an aria-label or aria-labelledby attribute for accessibility
stderr | ClientApp/src/components/forms/WizardForm/WizardForm.stories.tsx > Step 1 Contact Details
[MSW] Warning: intercepted a request without a matching request handler:

  • GET https://www.googletagmanager.com/gtag/js?id=

If you still wish to intercept this unhandled request, please create a request handler for it.
Read more: https://mswjs.io/docs/http/intercepting-requests
stderr | ClientApp/src/components/Inputs/AutoSuggest/AutoSuggest.stories.tsx > With Suggestions
If you do not provide a visible label, you must specify an aria-label or aria-labelledby attribute for accessibility
stderr | ClientApp/src/components/Inputs/AutoSuggest/AutoSuggest.stories.tsx > With Suggestions
If you do not provide a visible label, you must specify an aria-label or aria-labelledby attribute for accessibility
stderr | ClientApp/src/components/Inputs/AutoSuggest/AutoSuggest.stories.tsx > With Suggestions
If you do not provide a visible label, you must specify an aria-label or aria-labelledby attribute for accessibility
stderr | ClientApp/src/components/Inputs/AutoSuggest/AutoSuggest.stories.tsx > With Suggestions
If you do not provide a visible label, you must specify an aria-label or aria-labelledby attribute for accessibility
stderr | ClientApp/src/components/Inputs/AutoSuggest/AutoSuggest.stories.tsx > With Suggestions
If you do not provide a visible label, you must specify an aria-label or aria-labelledby attribute for accessibility
stderr | ClientApp/src/components/Inputs/AutoSuggest/AutoSuggest.stories.tsx > With Suggestions
If you do not provide a visible label, you must specify an aria-label or aria-labelledby attribute for accessibility
stderr | ClientApp/src/components/Inputs/AutoSuggest/AutoSuggest.stories.tsx > With Suggestions
If you do not provide a visible label, you must specify an aria-label or aria-labelledby attribute for accessibility
stderr | ClientApp/src/components/Inputs/AutoSuggest/AutoSuggest.stories.tsx > With Suggestions
If you do not provide a visible label, you must specify an aria-label or aria-labelledby attribute for accessibility
stderr | ClientApp/src/components/Inputs/AutoSuggest/AutoSuggest.stories.tsx > With Suggestions
If you do not provide a visible label, you must specify an aria-label or aria-labelledby attribute for accessibility
stderr | ClientApp/src/components/Inputs/AutoSuggest/AutoSuggest.stories.tsx > With Suggestions
If you do not provide a visible label, you must specify an aria-label or aria-labelledby attribute for accessibility
stderr | ClientApp/src/components/Inputs/AutoSuggest/AutoSuggest.stories.tsx > With Suggestions
If you do not provide a visible label, you must specify an aria-label or aria-labelledby attribute for accessibility
8:22:20 pm [vite] [31m[2m(client)[22m[39m [2m[console.error] [22mWarning: An update to ReportRecipient inside a test was not wrapped in act(...).

When testing, code that causes React state updates should be wrapped into act(...):

act(() => {
  /* fire events that update state */
});
/* assert on the output */

This ensures that you're testing the behavior the user would see in the browser. Learn more at https://reactjs.org/link/wrap-tests-with-act
    at ReportRecipient (http://localhost:63315/ClientApp/src/routes/acceptQuote/reportRecipient.tsx:23:10)
    at hookified (http://localhost:63315/node_modules/.cache/storybook/10.5.10/d089ae206bd7a58edd27e2b4d3689eedc26f6a98c46b1c5d1ba852a9c5dce8b8/sb-vitest/deps/csf-B8OjfbGV.js?v=1fe95d09:8281:9)
    at form
    at http://localhost:63315/node_modules/.cache/storybook/10.5.10/d089ae206bd7a58edd27e2b4d3689eedc26f6a98c46b1c5d1ba852a9c5dce8b8/sb-vitest/deps/formik.js?v=399fd654:3385:21
    at Formik (http://localhost:63315/node_modules/.cache/storybook/10.5.10/d089ae206bd7a58edd27e2b4d3689eedc26f6a98c46b1c5d1ba852a9c5dce8b8/sb-vitest/deps/formik.js?v=399fd654:3190:18)
    at RenderedRoute (http://localhost:63315/node_modules/.cache/storybook/10.5.10/d089ae206bd7a58edd27e2b4d3689eedc26f6a98c46b1c5d1ba852a9c5dce8b8/sb-vitest/deps/react-router.js?v=d4d01f76:4139:26)
    at RenderErrorBoundary (http://localhost:63315/node_modules/.cache/storybook/10.5.10/d089ae206bd7a58edd27e2b4d3689eedc26f6a98c46b1c5d1ba852a9c5dce8b8/sb-vitest/deps/react-router.js?v=d4d01f76:4073:3)
    at DataRoutes2 (http://localhost:63315/node_modules/.cache/storybook/10.5.10/d089ae206bd7a58edd27e2b4d3689eedc26f6a98c46b1c5d1ba852a9c5dce8b8/sb-vitest/deps/react-router.js?v=d4d01f76:4706:24)
    at Router (http://localhost:63315/node_modules/.cache/storybook/10.5.10/d089ae206bd7a58edd27e2b4d3689eedc26f6a98c46b1c5d1ba852a9c5dce8b8/sb-vitest/deps/react-router.js?v=d4d01f76:4771:29)
    at RouterProvider (http://localhost:63315/node_modules/.cache/storybook/10.5.10/d089ae206bd7a58edd27e2b4d3689eedc26f6a98c46b1c5d1ba852a9c5dce8b8/sb-vitest/deps/react-router.js?v=d4d01f76:4516:27)
    at unboundStoryFn (http://localhost:63315/node_modules/.cache/storybook/10.5.10/d089ae206bd7a58edd27e2b4d3689eedc26f6a98c46b1c5d1ba852a9c5dce8b8/sb-vitest/deps/csf-B8OjfbGV.js?v=1fe95d09:8788:243)
8:22:20 pm [vite] [31m[2m(client)[22m[39m [2m[console.error] [22mWarning: An update to ReportRecipient inside a test was not wrapped in act(...).

When testing, code that causes React state updates should be wrapped into act(...):

act(() => {
  /* fire events that update state */
});
/* assert on the output */

This ensures that you're testing the behavior the user would see in the browser. Learn more at https://reactjs.org/link/wrap-tests-with-act
    at ReportRecipient (http://localhost:63315/ClientApp/src/routes/acceptQuote/reportRecipient.tsx:23:10)
    at hookified (http://localhost:63315/node_modules/.cache/storybook/10.5.10/d089ae206bd7a58edd27e2b4d3689eedc26f6a98c46b1c5d1ba852a9c5dce8b8/sb-vitest/deps/csf-B8OjfbGV.js?v=1fe95d09:8281:9)
    at form
    at http://localhost:63315/node_modules/.cache/storybook/10.5.10/d089ae206bd7a58edd27e2b4d3689eedc26f6a98c46b1c5d1ba852a9c5dce8b8/sb-vitest/deps/formik.js?v=399fd654:3385:21
    at Formik (http://localhost:63315/node_modules/.cache/storybook/10.5.10/d089ae206bd7a58edd27e2b4d3689eedc26f6a98c46b1c5d1ba852a9c5dce8b8/sb-vitest/deps/formik.js?v=399fd654:3190:18)
    at RenderedRoute (http://localhost:63315/node_modules/.cache/storybook/10.5.10/d089ae206bd7a58edd27e2b4d3689eedc26f6a98c46b1c5d1ba852a9c5dce8b8/sb-vitest/deps/react-router.js?v=d4d01f76:4139:26)
    at RenderErrorBoundary (http://localhost:63315/node_modules/.cache/storybook/10.5.10/d089ae206bd7a58edd27e2b4d3689eedc26f6a98c46b1c5d1ba852a9c5dce8b8/sb-vitest/deps/react-router.js?v=d4d01f76:4073:3)
    at DataRoutes2 (http://localhost:63315/node_modules/.cache/storybook/10.5.10/d089ae206bd7a58edd27e2b4d3689eedc26f6a98c46b1c5d1ba852a9c5dce8b8/sb-vitest/deps/react-router.js?v=d4d01f76:4706:24)
    at Router (http://localhost:63315/node_modules/.cache/storybook/10.5.10/d089ae206bd7a58edd27e2b4d3689eedc26f6a98c46b1c5d1ba852a9c5dce8b8/sb-vitest/deps/react-router.js?v=d4d01f76:4771:29)
    at RouterProvider (http://localhost:63315/node_modules/.cache/storybook/10.5.10/d089ae206bd7a58edd27e2b4d3689eedc26f6a98c46b1c5d1ba852a9c5dce8b8/sb-vitest/deps/react-router.js?v=d4d01f76:4516:27)
    at unboundStoryFn (http://localhost:63315/node_modules/.cache/storybook/10.5.10/d089ae206bd7a58edd27e2b4d3689eedc26f6a98c46b1c5d1ba852a9c5dce8b8/sb-vitest/deps/csf-B8OjfbGV.js?v=1fe95d09:8788:243)
8:22:20 pm [vite] [31m[2m(client)[22m[39m [2m[console.error] [22mWarning: An update to ReportRecipient inside a test was not wrapped in act(...).

When testing, code that causes React state updates should be wrapped into act(...):

act(() => {
  /* fire events that update state */
});
/* assert on the output */

This ensures that you're testing the behavior the user would see in the browser. Learn more at https://reactjs.org/link/wrap-tests-with-act
    at ReportRecipient (http://localhost:63315/ClientApp/src/routes/acceptQuote/reportRecipient.tsx:23:10)
    at hookified (http://localhost:63315/node_modules/.cache/storybook/10.5.10/d089ae206bd7a58edd27e2b4d3689eedc26f6a98c46b1c5d1ba852a9c5dce8b8/sb-vitest/deps/csf-B8OjfbGV.js?v=1fe95d09:8281:9)
    at form
    at http://localhost:63315/node_modules/.cache/storybook/10.5.10/d089ae206bd7a58edd27e2b4d3689eedc26f6a98c46b1c5d1ba852a9c5dce8b8/sb-vitest/deps/formik.js?v=399fd654:3385:21
    at Formik (http://localhost:63315/node_modules/.cache/storybook/10.5.10/d089ae206bd7a58edd27e2b4d3689eedc26f6a98c46b1c5d1ba852a9c5dce8b8/sb-vitest/deps/formik.js?v=399fd654:3190:18)
    at RenderedRoute (http://localhost:63315/node_modules/.cache/storybook/10.5.10/d089ae206bd7a58edd27e2b4d3689eedc26f6a98c46b1c5d1ba852a9c5dce8b8/sb-vitest/deps/react-router.js?v=d4d01f76:4139:26)
    at RenderErrorBoundary (http://localhost:63315/node_modules/.cache/storybook/10.5.10/d089ae206bd7a58edd27e2b4d3689eedc26f6a98c46b1c5d1ba852a9c5dce8b8/sb-vitest/deps/react-router.js?v=d4d01f76:4073:3)
    at DataRoutes2 (http://localhost:63315/node_modules/.cache/storybook/10.5.10/d089ae206bd7a58edd27e2b4d3689eedc26f6a98c46b1c5d1ba852a9c5dce8b8/sb-vitest/deps/react-router.js?v=d4d01f76:4706:24)
    at Router (http://localhost:63315/node_modules/.cache/storybook/10.5.10/d089ae206bd7a58edd27e2b4d3689eedc26f6a98c46b1c5d1ba852a9c5dce8b8/sb-vitest/deps/react-router.js?v=d4d01f76:4771:29)
    at RouterProvider (http://localhost:63315/node_modules/.cache/storybook/10.5.10/d089ae206bd7a58edd27e2b4d3689eedc26f6a98c46b1c5d1ba852a9c5dce8b8/sb-vitest/deps/react-router.js?v=d4d01f76:4516:27)
    at unboundStoryFn (http://localhost:63315/node_modules/.cache/storybook/10.5.10/d089ae206bd7a58edd27e2b4d3689eedc26f6a98c46b1c5d1ba852a9c5dce8b8/sb-vitest/deps/csf-B8OjfbGV.js?v=1fe95d09:8788:243)
8:22:20 pm [vite] [31m[2m(client)[22m[39m [2m[console.error] [22mWarning: An update to ReportRecipient inside a test was not wrapped in act(...).

When testing, code that causes React state updates should be wrapped into act(...):

act(() => {
  /* fire events that update state */
});
/* assert on the output */

This ensures that you're testing the behavior the user would see in the browser. Learn more at https://reactjs.org/link/wrap-tests-with-act
    at ReportRecipient (http://localhost:63315/ClientApp/src/routes/acceptQuote/reportRecipient.tsx:23:10)
    at hookified (http://localhost:63315/node_modules/.cache/storybook/10.5.10/d089ae206bd7a58edd27e2b4d3689eedc26f6a98c46b1c5d1ba852a9c5dce8b8/sb-vitest/deps/csf-B8OjfbGV.js?v=1fe95d09:8281:9)
    at form
    at http://localhost:63315/node_modules/.cache/storybook/10.5.10/d089ae206bd7a58edd27e2b4d3689eedc26f6a98c46b1c5d1ba852a9c5dce8b8/sb-vitest/deps/formik.js?v=399fd654:3385:21
    at Formik (http://localhost:63315/node_modules/.cache/storybook/10.5.10/d089ae206bd7a58edd27e2b4d3689eedc26f6a98c46b1c5d1ba852a9c5dce8b8/sb-vitest/deps/formik.js?v=399fd654:3190:18)
    at RenderedRoute (http://localhost:63315/node_modules/.cache/storybook/10.5.10/d089ae206bd7a58edd27e2b4d3689eedc26f6a98c46b1c5d1ba852a9c5dce8b8/sb-vitest/deps/react-router.js?v=d4d01f76:4139:26)
    at RenderErrorBoundary (http://localhost:63315/node_modules/.cache/storybook/10.5.10/d089ae206bd7a58edd27e2b4d3689eedc26f6a98c46b1c5d1ba852a9c5dce8b8/sb-vitest/deps/react-router.js?v=d4d01f76:4073:3)
    at DataRoutes2 (http://localhost:63315/node_modules/.cache/storybook/10.5.10/d089ae206bd7a58edd27e2b4d3689eedc26f6a98c46b1c5d1ba852a9c5dce8b8/sb-vitest/deps/react-router.js?v=d4d01f76:4706:24)
    at Router (http://localhost:63315/node_modules/.cache/storybook/10.5.10/d089ae206bd7a58edd27e2b4d3689eedc26f6a98c46b1c5d1ba852a9c5dce8b8/sb-vitest/deps/react-router.js?v=d4d01f76:4771:29)
    at RouterProvider (http://localhost:63315/node_modules/.cache/storybook/10.5.10/d089ae206bd7a58edd27e2b4d3689eedc26f6a98c46b1c5d1ba852a9c5dce8b8/sb-vitest/deps/react-router.js?v=d4d01f76:4516:27)
    at unboundStoryFn (http://localhost:63315/node_modules/.cache/storybook/10.5.10/d089ae206bd7a58edd27e2b4d3689eedc26f6a98c46b1c5d1ba852a9c5dce8b8/sb-vitest/deps/csf-B8OjfbGV.js?v=1fe95d09:8788:243)
8:22:20 pm [vite] [33m[2m(client)[22m[39m [2m[console.warn] [22mIf you do not provide a visible label, you must specify an aria-label or aria-labelledby attribute for accessibility
stderr | ClientApp/src/routes/acceptQuote/AcceptQuote.stories.tsx > Report Recipient Step
Warning: An update to ReportRecipient inside a test was not wrapped in act(...).

When testing, code that causes React state updates should be wrapped into act(...):

act(() => {
  /* fire events that update state */
});
/* assert on the output */

This ensures that you're testing the behavior the user would see in the browser. Learn more at https://reactjs.org/link/wrap-tests-with-act
    at ReportRecipient (http://localhost:63315/ClientApp/src/routes/acceptQuote/reportRecipient.tsx:23:10)
    at hookified (http://localhost:63315/node_modules/.cache/storybook/10.5.10/d089ae206bd7a58edd27e2b4d3689eedc26f6a98c46b1c5d1ba852a9c5dce8b8/sb-vitest/deps/csf-B8OjfbGV.js?v=1fe95d09:8281:9)
    at form
    at http://localhost:63315/node_modules/.cache/storybook/10.5.10/d089ae206bd7a58edd27e2b4d3689eedc26f6a98c46b1c5d1ba852a9c5dce8b8/sb-vitest/deps/formik.js?v=399fd654:3385:21
    at Formik (http://localhost:63315/node_modules/.cache/storybook/10.5.10/d089ae206bd7a58edd27e2b4d3689eedc26f6a98c46b1c5d1ba852a9c5dce8b8/sb-vitest/deps/formik.js?v=399fd654:3190:18)
    at RenderedRoute (http://localhost:63315/node_modules/.cache/storybook/10.5.10/d089ae206bd7a58edd27e2b4d3689eedc26f6a98c46b1c5d1ba852a9c5dce8b8/sb-vitest/deps/react-router.js?v=d4d01f76:4139:26)
    at RenderErrorBoundary (http://localhost:63315/node_modules/.cache/storybook/10.5.10/d089ae206bd7a58edd27e2b4d3689eedc26f6a98c46b1c5d1ba852a9c5dce8b8/sb-vitest/deps/react-router.js?v=d4d01f76:4073:3)
    at DataRoutes2 (http://localhost:63315/node_modules/.cache/storybook/10.5.10/d089ae206bd7a58edd27e2b4d3689eedc26f6a98c46b1c5d1ba852a9c5dce8b8/sb-vitest/deps/react-router.js?v=d4d01f76:4706:24)
    at Router (http://localhost:63315/node_modules/.cache/storybook/10.5.10/d089ae206bd7a58edd27e2b4d3689eedc26f6a98c46b1c5d1ba852a9c5dce8b8/sb-vitest/deps/react-router.js?v=d4d01f76:4771:29)
    at RouterProvider (http://localhost:63315/node_modules/.cache/storybook/10.5.10/d089ae206bd7a58edd27e2b4d3689eedc26f6a98c46b1c5d1ba852a9c5dce8b8/sb-vitest/deps/react-router.js?v=d4d01f76:4516:27)
    at unboundStoryFn (http://localhost:63315/node_modules/.cache/storybook/10.5.10/d089ae206bd7a58edd27e2b4d3689eedc26f6a98c46b1c5d1ba852a9c5dce8b8/sb-vitest/deps/csf-B8OjfbGV.js?v=1fe95d09:8788:243)
stderr | ClientApp/src/routes/acceptQuote/AcceptQuote.stories.tsx > Report Recipient Step
Warning: An update to ReportRecipient inside a test was not wrapped in act(...).

When testing, code that causes React state updates should be wrapped into act(...):

act(() => {
  /* fire events that update state */
});
/* assert on the output */

This ensures that you're testing the behavior the user would see in the browser. Learn more at https://reactjs.org/link/wrap-tests-with-act
    at ReportRecipient (http://localhost:63315/ClientApp/src/routes/acceptQuote/reportRecipient.tsx:23:10)
    at hookified (http://localhost:63315/node_modules/.cache/storybook/10.5.10/d089ae206bd7a58edd27e2b4d3689eedc26f6a98c46b1c5d1ba852a9c5dce8b8/sb-vitest/deps/csf-B8OjfbGV.js?v=1fe95d09:8281:9)
    at form
    at http://localhost:63315/node_modules/.cache/storybook/10.5.10/d089ae206bd7a58edd27e2b4d3689eedc26f6a98c46b1c5d1ba852a9c5dce8b8/sb-vitest/deps/formik.js?v=399fd654:3385:21
    at Formik (http://localhost:63315/node_modules/.cache/storybook/10.5.10/d089ae206bd7a58edd27e2b4d3689eedc26f6a98c46b1c5d1ba852a9c5dce8b8/sb-vitest/deps/formik.js?v=399fd654:3190:18)
    at RenderedRoute (http://localhost:63315/node_modules/.cache/storybook/10.5.10/d089ae206bd7a58edd27e2b4d3689eedc26f6a98c46b1c5d1ba852a9c5dce8b8/sb-vitest/deps/react-router.js?v=d4d01f76:4139:26)
    at RenderErrorBoundary (http://localhost:63315/node_modules/.cache/storybook/10.5.10/d089ae206bd7a58edd27e2b4d3689eedc26f6a98c46b1c5d1ba852a9c5dce8b8/sb-vitest/deps/react-router.js?v=d4d01f76:4073:3)
    at DataRoutes2 (http://localhost:63315/node_modules/.cache/storybook/10.5.10/d089ae206bd7a58edd27e2b4d3689eedc26f6a98c46b1c5d1ba852a9c5dce8b8/sb-vitest/deps/react-router.js?v=d4d01f76:4706:24)
    at Router (http://localhost:63315/node_modules/.cache/storybook/10.5.10/d089ae206bd7a58edd27e2b4d3689eedc26f6a98c46b1c5d1ba852a9c5dce8b8/sb-vitest/deps/react-router.js?v=d4d01f76:4771:29)
    at RouterProvider (http://localhost:63315/node_modules/.cache/storybook/10.5.10/d089ae206bd7a58edd27e2b4d3689eedc26f6a98c46b1c5d1ba852a9c5dce8b8/sb-vitest/deps/react-router.js?v=d4d01f76:4516:27)
    at unboundStoryFn (http://localhost:63315/node_modules/.cache/storybook/10.5.10/d089ae206bd7a58edd27e2b4d3689eedc26f6a98c46b1c5d1ba852a9c5dce8b8/sb-vitest/deps/csf-B8OjfbGV.js?v=1fe95d09:8788:243)
stderr | ClientApp/src/routes/acceptQuote/AcceptQuote.stories.tsx > Report Recipient Step
Warning: An update to ReportRecipient inside a test was not wrapped in act(...).

When testing, code that causes React state updates should be wrapped into act(...):

act(() => {
  /* fire events that update state */
});
/* assert on the output */

This ensures that you're testing the behavior the user would see in the browser. Learn more at https://reactjs.org/link/wrap-tests-with-act
    at ReportRecipient (http://localhost:63315/ClientApp/src/routes/acceptQuote/reportRecipient.tsx:23:10)
    at hookified (http://localhost:63315/node_modules/.cache/storybook/10.5.10/d089ae206bd7a58edd27e2b4d3689eedc26f6a98c46b1c5d1ba852a9c5dce8b8/sb-vitest/deps/csf-B8OjfbGV.js?v=1fe95d09:8281:9)
    at form
    at http://localhost:63315/node_modules/.cache/storybook/10.5.10/d089ae206bd7a58edd27e2b4d3689eedc26f6a98c46b1c5d1ba852a9c5dce8b8/sb-vitest/deps/formik.js?v=399fd654:3385:21
    at Formik (http://localhost:63315/node_modules/.cache/storybook/10.5.10/d089ae206bd7a58edd27e2b4d3689eedc26f6a98c46b1c5d1ba852a9c5dce8b8/sb-vitest/deps/formik.js?v=399fd654:3190:18)
    at RenderedRoute (http://localhost:63315/node_modules/.cache/storybook/10.5.10/d089ae206bd7a58edd27e2b4d3689eedc26f6a98c46b1c5d1ba852a9c5dce8b8/sb-vitest/deps/react-router.js?v=d4d01f76:4139:26)
    at RenderErrorBoundary (http://localhost:63315/node_modules/.cache/storybook/10.5.10/d089ae206bd7a58edd27e2b4d3689eedc26f6a98c46b1c5d1ba852a9c5dce8b8/sb-vitest/deps/react-router.js?v=d4d01f76:4073:3)
    at DataRoutes2 (http://localhost:63315/node_modules/.cache/storybook/10.5.10/d089ae206bd7a58edd27e2b4d3689eedc26f6a98c46b1c5d1ba852a9c5dce8b8/sb-vitest/deps/react-router.js?v=d4d01f76:4706:24)
    at Router (http://localhost:63315/node_modules/.cache/storybook/10.5.10/d089ae206bd7a58edd27e2b4d3689eedc26f6a98c46b1c5d1ba852a9c5dce8b8/sb-vitest/deps/react-router.js?v=d4d01f76:4771:29)
    at RouterProvider (http://localhost:63315/node_modules/.cache/storybook/10.5.10/d089ae206bd7a58edd27e2b4d3689eedc26f6a98c46b1c5d1ba852a9c5dce8b8/sb-vitest/deps/react-router.js?v=d4d01f76:4516:27)
    at unboundStoryFn (http://localhost:63315/node_modules/.cache/storybook/10.5.10/d089ae206bd7a58edd27e2b4d3689eedc26f6a98c46b1c5d1ba852a9c5dce8b8/sb-vitest/deps/csf-B8OjfbGV.js?v=1fe95d09:8788:243)
stderr | ClientApp/src/routes/acceptQuote/AcceptQuote.stories.tsx > Report Recipient Step
Warning: An update to ReportRecipient inside a test was not wrapped in act(...).

When testing, code that causes React state updates should be wrapped into act(...):

act(() => {
  /* fire events that update state */
});
/* assert on the output */

This ensures that you're testing the behavior the user would see in the browser. Learn more at https://reactjs.org/link/wrap-tests-with-act
    at ReportRecipient (http://localhost:63315/ClientApp/src/routes/acceptQuote/reportRecipient.tsx:23:10)
    at hookified (http://localhost:63315/node_modules/.cache/storybook/10.5.10/d089ae206bd7a58edd27e2b4d3689eedc26f6a98c46b1c5d1ba852a9c5dce8b8/sb-vitest/deps/csf-B8OjfbGV.js?v=1fe95d09:8281:9)
    at form
    at http://localhost:63315/node_modules/.cache/storybook/10.5.10/d089ae206bd7a58edd27e2b4d3689eedc26f6a98c46b1c5d1ba852a9c5dce8b8/sb-vitest/deps/formik.js?v=399fd654:3385:21
    at Formik (http://localhost:63315/node_modules/.cache/storybook/10.5.10/d089ae206bd7a58edd27e2b4d3689eedc26f6a98c46b1c5d1ba852a9c5dce8b8/sb-vitest/deps/formik.js?v=399fd654:3190:18)
    at RenderedRoute (http://localhost:63315/node_modules/.cache/storybook/10.5.10/d089ae206bd7a58edd27e2b4d3689eedc26f6a98c46b1c5d1ba852a9c5dce8b8/sb-vitest/deps/react-router.js?v=d4d01f76:4139:26)
    at RenderErrorBoundary (http://localhost:63315/node_modules/.cache/storybook/10.5.10/d089ae206bd7a58edd27e2b4d3689eedc26f6a98c46b1c5d1ba852a9c5dce8b8/sb-vitest/deps/react-router.js?v=d4d01f76:4073:3)
    at DataRoutes2 (http://localhost:63315/node_modules/.cache/storybook/10.5.10/d089ae206bd7a58edd27e2b4d3689eedc26f6a98c46b1c5d1ba852a9c5dce8b8/sb-vitest/deps/react-router.js?v=d4d01f76:4706:24)
    at Router (http://localhost:63315/node_modules/.cache/storybook/10.5.10/d089ae206bd7a58edd27e2b4d3689eedc26f6a98c46b1c5d1ba852a9c5dce8b8/sb-vitest/deps/react-router.js?v=d4d01f76:4771:29)
    at RouterProvider (http://localhost:63315/node_modules/.cache/storybook/10.5.10/d089ae206bd7a58edd27e2b4d3689eedc26f6a98c46b1c5d1ba852a9c5dce8b8/sb-vitest/deps/react-router.js?v=d4d01f76:4516:27)
    at unboundStoryFn (http://localhost:63315/node_modules/.cache/storybook/10.5.10/d089ae206bd7a58edd27e2b4d3689eedc26f6a98c46b1c5d1ba852a9c5dce8b8/sb-vitest/deps/csf-B8OjfbGV.js?v=1fe95d09:8788:243)
stderr | ClientApp/src/routes/acceptQuote/AcceptQuote.stories.tsx > Report Recipient Step
If you do not provide a visible label, you must specify an aria-label or aria-labelledby attribute for accessibility
8:22:21 pm [vite] [31m[2m(client)[22m[39m [31m[Unhandled error] [1mError[22m: Simulated render error from a broken child component.
[39m > BrokenApp ClientApp/src/components/ErrorBoundary/ErrorBoundary.stories.tsx:78:22
    76 |      render: () => {
    77 |          const BrokenApp = () => {
    78 |              throw new Error('Simulated render error from a broken child component.');
       |                        ^
    79 |          };
    80 |          return (
 > renderWithHooks node_modules/react-dom/cjs/react-dom.development.js:15486:17
 > mountIndeterminateComponent node_modules/react-dom/cjs/react-dom.development.js:20103:12
 > beginWork node_modules/react-dom/cjs/react-dom.development.js:21626:15
 > HTMLUnknownElement.callCallback node_modules/react-dom/cjs/react-dom.development.js:4164:13
 > Object.invokeGuardedCallbackDev node_modules/react-dom/cjs/react-dom.development.js:4213:15
 > invokeGuardedCallback node_modules/react-dom/cjs/react-dom.development.js:4277:30
 > beginWork$1 node_modules/react-dom/cjs/react-dom.development.js:27490:6
 > performUnitOfWork node_modules/react-dom/cjs/react-dom.development.js:26599:11
 > workLoopSync node_modules/react-dom/cjs/react-dom.development.js:26505:4

8:22:21 pm [vite] [31m[2m(client)[22m[39m [31m[Unhandled error] [1mError[22m: Simulated render error from a broken child component.
[39m > BrokenApp ClientApp/src/components/ErrorBoundary/ErrorBoundary.stories.tsx:78:22
    76 |      render: () => {
    77 |          const BrokenApp = () => {
    78 |              throw new Error('Simulated render error from a broken child component.');
       |                        ^
    79 |          };
    80 |          return (
 > renderWithHooks node_modules/react-dom/cjs/react-dom.development.js:15486:17
 > mountIndeterminateComponent node_modules/react-dom/cjs/react-dom.development.js:20103:12
 > beginWork node_modules/react-dom/cjs/react-dom.development.js:21626:15
 > HTMLUnknownElement.callCallback node_modules/react-dom/cjs/react-dom.development.js:4164:13
 > Object.invokeGuardedCallbackDev node_modules/react-dom/cjs/react-dom.development.js:4213:15
 > invokeGuardedCallback node_modules/react-dom/cjs/react-dom.development.js:4277:30
 > beginWork$1 node_modules/react-dom/cjs/react-dom.development.js:27490:6
 > performUnitOfWork node_modules/react-dom/cjs/react-dom.development.js:26599:11
 > workLoopSync node_modules/react-dom/cjs/react-dom.development.js:26505:4

8:22:21 pm [vite] [31m[2m(client)[22m[39m [31m[Unhandled error] [1mError[22m: Inner component error
[39m > BrokenChild ClientApp/src/components/ErrorBoundary/ErrorBoundary.stories.tsx:114:22
    112 |      render: () => {
    113 |          const BrokenChild = () => {
    114 |              throw new Error('Inner component error');
        |                        ^
    115 |          };
    116 |          return (
 > renderWithHooks node_modules/react-dom/cjs/react-dom.development.js:15486:17
 > mountIndeterminateComponent node_modules/react-dom/cjs/react-dom.development.js:20103:12
 > beginWork node_modules/react-dom/cjs/react-dom.development.js:21626:15
 > HTMLUnknownElement.callCallback node_modules/react-dom/cjs/react-dom.development.js:4164:13
 > Object.invokeGuardedCallbackDev node_modules/react-dom/cjs/react-dom.development.js:4213:15
 > invokeGuardedCallback node_modules/react-dom/cjs/react-dom.development.js:4277:30
 > beginWork$1 node_modules/react-dom/cjs/react-dom.development.js:27490:6
 > performUnitOfWork node_modules/react-dom/cjs/react-dom.development.js:26599:11
 > workLoopSync node_modules/react-dom/cjs/react-dom.development.js:26505:4

8:22:21 pm [vite] [31m[2m(client)[22m[39m [31m[Unhandled error] [1mError[22m: Inner component error
[39m > BrokenChild ClientApp/src/components/ErrorBoundary/ErrorBoundary.stories.tsx:114:22
    112 |      render: () => {
    113 |          const BrokenChild = () => {
    114 |              throw new Error('Inner component error');
        |                        ^
    115 |          };
    116 |          return (
 > renderWithHooks node_modules/react-dom/cjs/react-dom.development.js:15486:17
 > mountIndeterminateComponent node_modules/react-dom/cjs/react-dom.development.js:20103:12
 > beginWork node_modules/react-dom/cjs/react-dom.development.js:21626:15
 > HTMLUnknownElement.callCallback node_modules/react-dom/cjs/react-dom.development.js:4164:13
 > Object.invokeGuardedCallbackDev node_modules/react-dom/cjs/react-dom.development.js:4213:15
 > invokeGuardedCallback node_modules/react-dom/cjs/react-dom.development.js:4277:30
 > beginWork$1 node_modules/react-dom/cjs/react-dom.development.js:27490:6
 > performUnitOfWork node_modules/react-dom/cjs/react-dom.development.js:26599:11
 > workLoopSync node_modules/react-dom/cjs/react-dom.development.js:26505:4

 ✓ |storybook (chromium)| ClientApp/src/components/ErrorBoundary/ErrorBoundary.stories.tsx (4 tests) 1007ms
   ✓ No Error  883ms
stderr | ClientApp/src/routes/requestForQuote/RequestForQuote.stories.tsx > Organisation And Contact Validation
Warning: An update to InstrumentAndRequest inside a test was not wrapped in act(...).

When testing, code that causes React state updates should be wrapped into act(...):

act(() => {
  /* fire events that update state */
});
/* assert on the output */

This ensures that you're testing the behavior the user would see in the browser. Learn more at https://reactjs.org/link/wrap-tests-with-act
    at InstrumentAndRequest (http://localhost:63315/ClientApp/src/routes/requestForQuote/instrumentAndRequest.tsx:49:10)
    at hookified (http://localhost:63315/node_modules/.cache/storybook/10.5.10/d089ae206bd7a58edd27e2b4d3689eedc26f6a98c46b1c5d1ba852a9c5dce8b8/sb-vitest/deps/csf-B8OjfbGV.js?v=1fe95d09:8281:9)
    at form
    at http://localhost:63315/node_modules/.cache/storybook/10.5.10/d089ae206bd7a58edd27e2b4d3689eedc26f6a98c46b1c5d1ba852a9c5dce8b8/sb-vitest/deps/formik.js?v=399fd654:3385:21
    at Formik (http://localhost:63315/node_modules/.cache/storybook/10.5.10/d089ae206bd7a58edd27e2b4d3689eedc26f6a98c46b1c5d1ba852a9c5dce8b8/sb-vitest/deps/formik.js?v=399fd654:3190:18)
    at RenderedRoute (http://localhost:63315/node_modules/.cache/storybook/10.5.10/d089ae206bd7a58edd27e2b4d3689eedc26f6a98c46b1c5d1ba852a9c5dce8b8/sb-vitest/deps/react-router.js?v=d4d01f76:4139:26)
    at RenderErrorBoundary (http://localhost:63315/node_modules/.cache/storybook/10.5.10/d089ae206bd7a58edd27e2b4d3689eedc26f6a98c46b1c5d1ba852a9c5dce8b8/sb-vitest/deps/react-router.js?v=d4d01f76:4073:3)
    at DataRoutes2 (http://localhost:63315/node_modules/.cache/storybook/10.5.10/d089ae206bd7a58edd27e2b4d3689eedc26f6a98c46b1c5d1ba852a9c5dce8b8/sb-vitest/deps/react-router.js?v=d4d01f76:4706:24)
    at Router (http://localhost:63315/node_modules/.cache/storybook/10.5.10/d089ae206bd7a58edd27e2b4d3689eedc26f6a98c46b1c5d1ba852a9c5dce8b8/sb-vitest/deps/react-router.js?v=d4d01f76:4771:29)
    at RouterProvider (http://localhost:63315/node_modules/.cache/storybook/10.5.10/d089ae206bd7a58edd27e2b4d3689eedc26f6a98c46b1c5d1ba852a9c5dce8b8/sb-vitest/deps/react-router.js?v=d4d01f76:4516:27)
    at unboundStoryFn (http://localhost:63315/node_modules/.cache/storybook/10.5.10/d089ae206bd7a58edd27e2b4d3689eedc26f6a98c46b1c5d1ba852a9c5dce8b8/sb-vitest/deps/csf-B8OjfbGV.js?v=1fe95d09:8788:243)
stderr | ClientApp/src/routes/requestForQuote/RequestForQuote.stories.tsx > Organisation And Contact Validation
Warning: An update to InstrumentAndRequest inside a test was not wrapped in act(...).

When testing, code that causes React state updates should be wrapped into act(...):

act(() => {
  /* fire events that update state */
});
/* assert on the output */

This ensures that you're testing the behavior the user would see in the browser. Learn more at https://reactjs.org/link/wrap-tests-with-act
    at InstrumentAndRequest (http://localhost:63315/ClientApp/src/routes/requestForQuote/instrumentAndRequest.tsx:49:10)
    at hookified (http://localhost:63315/node_modules/.cache/storybook/10.5.10/d089ae206bd7a58edd27e2b4d3689eedc26f6a98c46b1c5d1ba852a9c5dce8b8/sb-vitest/deps/csf-B8OjfbGV.js?v=1fe95d09:8281:9)
    at form
    at http://localhost:63315/node_modules/.cache/storybook/10.5.10/d089ae206bd7a58edd27e2b4d3689eedc26f6a98c46b1c5d1ba852a9c5dce8b8/sb-vitest/deps/formik.js?v=399fd654:3385:21
    at Formik (http://localhost:63315/node_modules/.cache/storybook/10.5.10/d089ae206bd7a58edd27e2b4d3689eedc26f6a98c46b1c5d1ba852a9c5dce8b8/sb-vitest/deps/formik.js?v=399fd654:3190:18)
    at RenderedRoute (http://localhost:63315/node_modules/.cache/storybook/10.5.10/d089ae206bd7a58edd27e2b4d3689eedc26f6a98c46b1c5d1ba852a9c5dce8b8/sb-vitest/deps/react-router.js?v=d4d01f76:4139:26)
    at RenderErrorBoundary (http://localhost:63315/node_modules/.cache/storybook/10.5.10/d089ae206bd7a58edd27e2b4d3689eedc26f6a98c46b1c5d1ba852a9c5dce8b8/sb-vitest/deps/react-router.js?v=d4d01f76:4073:3)
    at DataRoutes2 (http://localhost:63315/node_modules/.cache/storybook/10.5.10/d089ae206bd7a58edd27e2b4d3689eedc26f6a98c46b1c5d1ba852a9c5dce8b8/sb-vitest/deps/react-router.js?v=d4d01f76:4706:24)
    at Router (http://localhost:63315/node_modules/.cache/storybook/10.5.10/d089ae206bd7a58edd27e2b4d3689eedc26f6a98c46b1c5d1ba852a9c5dce8b8/sb-vitest/deps/react-router.js?v=d4d01f76:4771:29)
    at RouterProvider (http://localhost:63315/node_modules/.cache/storybook/10.5.10/d089ae206bd7a58edd27e2b4d3689eedc26f6a98c46b1c5d1ba852a9c5dce8b8/sb-vitest/deps/react-router.js?v=d4d01f76:4516:27)
    at unboundStoryFn (http://localhost:63315/node_modules/.cache/storybook/10.5.10/d089ae206bd7a58edd27e2b4d3689eedc26f6a98c46b1c5d1ba852a9c5dce8b8/sb-vitest/deps/csf-B8OjfbGV.js?v=1fe95d09:8788:243)
stderr | ClientApp/src/routes/requestForQuote/RequestForQuote.stories.tsx > Organisation And Contact Validation
Warning: An update to InstrumentAndRequest inside a test was not wrapped in act(...).

When testing, code that causes React state updates should be wrapped into act(...):

act(() => {
  /* fire events that update state */
});
/* assert on the output */

This ensures that you're testing the behavior the user would see in the browser. Learn more at https://reactjs.org/link/wrap-tests-with-act
    at InstrumentAndRequest (http://localhost:63315/ClientApp/src/routes/requestForQuote/instrumentAndRequest.tsx:49:10)
    at hookified (http://localhost:63315/node_modules/.cache/storybook/10.5.10/d089ae206bd7a58edd27e2b4d3689eedc26f6a98c46b1c5d1ba852a9c5dce8b8/sb-vitest/deps/csf-B8OjfbGV.js?v=1fe95d09:8281:9)
    at form
    at http://localhost:63315/node_modules/.cache/storybook/10.5.10/d089ae206bd7a58edd27e2b4d3689eedc26f6a98c46b1c5d1ba852a9c5dce8b8/sb-vitest/deps/formik.js?v=399fd654:3385:21
    at Formik (http://localhost:63315/node_modules/.cache/storybook/10.5.10/d089ae206bd7a58edd27e2b4d3689eedc26f6a98c46b1c5d1ba852a9c5dce8b8/sb-vitest/deps/formik.js?v=399fd654:3190:18)
    at RenderedRoute (http://localhost:63315/node_modules/.cache/storybook/10.5.10/d089ae206bd7a58edd27e2b4d3689eedc26f6a98c46b1c5d1ba852a9c5dce8b8/sb-vitest/deps/react-router.js?v=d4d01f76:4139:26)
    at RenderErrorBoundary (http://localhost:63315/node_modules/.cache/storybook/10.5.10/d089ae206bd7a58edd27e2b4d3689eedc26f6a98c46b1c5d1ba852a9c5dce8b8/sb-vitest/deps/react-router.js?v=d4d01f76:4073:3)
    at DataRoutes2 (http://localhost:63315/node_modules/.cache/storybook/10.5.10/d089ae206bd7a58edd27e2b4d3689eedc26f6a98c46b1c5d1ba852a9c5dce8b8/sb-vitest/deps/react-router.js?v=d4d01f76:4706:24)
    at Router (http://localhost:63315/node_modules/.cache/storybook/10.5.10/d089ae206bd7a58edd27e2b4d3689eedc26f6a98c46b1c5d1ba852a9c5dce8b8/sb-vitest/deps/react-router.js?v=d4d01f76:4771:29)
    at RouterProvider (http://localhost:63315/node_modules/.cache/storybook/10.5.10/d089ae206bd7a58edd27e2b4d3689eedc26f6a98c46b1c5d1ba852a9c5dce8b8/sb-vitest/deps/react-router.js?v=d4d01f76:4516:27)
    at unboundStoryFn (http://localhost:63315/node_modules/.cache/storybook/10.5.10/d089ae206bd7a58edd27e2b4d3689eedc26f6a98c46b1c5d1ba852a9c5dce8b8/sb-vitest/deps/csf-B8OjfbGV.js?v=1fe95d09:8788:243)
stderr | ClientApp/src/routes/requestForQuote/RequestForQuote.stories.tsx > Organisation And Contact Validation
Warning: An update to null inside a test was not wrapped in act(...).

When testing, code that causes React state updates should be wrapped into act(...):

act(() => {
  /* fire events that update state */
});
/* assert on the output */

This ensures that you're testing the behavior the user would see in the browser. Learn more at https://reactjs.org/link/wrap-tests-with-act
    at Gt (http://localhost:63315/node_modules/.cache/storybook/10.5.10/d089ae206bd7a58edd27e2b4d3689eedc26f6a98c46b1c5d1ba852a9c5dce8b8/sb-vitest/deps/react-datepicker.js?v=bc925e97:24789:37)
    at n (http://localhost:63315/node_modules/.cache/storybook/10.5.10/d089ae206bd7a58edd27e2b4d3689eedc26f6a98c46b1c5d1ba852a9c5dce8b8/sb-vitest/deps/react-datepicker.js?v=bc925e97:24806:15)
    at div
    at CustomDatePicker (http://localhost:63315/ClientApp/src/components/Inputs/DatePicker/CustomDatePicker.tsx:10:10)
    at DatePicker (http://localhost:63315/ClientApp/src/components/Inputs/DatePicker/index.tsx:10:10)
    at div
    at http://localhost:63315/node_modules/.cache/storybook/10.5.10/d089ae206bd7a58edd27e2b4d3689eedc26f6a98c46b1c5d1ba852a9c5dce8b8/sb-vitest/deps/react-bootstrap_Row.js?v=88f5539d:10:52
    at InstrumentAndRequest (http://localhost:63315/ClientApp/src/routes/requestForQuote/instrumentAndRequest.tsx:49:10)
    at hookified (http://localhost:63315/node_modules/.cache/storybook/10.5.10/d089ae206bd7a58edd27e2b4d3689eedc26f6a98c46b1c5d1ba852a9c5dce8b8/sb-vitest/deps/csf-B8OjfbGV.js?v=1fe95d09:8281:9)
    at form
    at http://localhost:63315/node_modules/.cache/storybook/10.5.10/d089ae206bd7a58edd27e2b4d3689eedc26f6a98c46b1c5d1ba852a9c5dce8b8/sb-vitest/deps/formik.js?v=399fd654:3385:21
    at Formik (http://localhost:63315/node_modules/.cache/storybook/10.5.10/d089ae206bd7a58edd27e2b4d3689eedc26f6a98c46b1c5d1ba852a9c5dce8b8/sb-vitest/deps/formik.js?v=399fd654:3190:18)
    at RenderedRoute (http://localhost:63315/node_modules/.cache/storybook/10.5.10/d089ae206bd7a58edd27e2b4d3689eedc26f6a98c46b1c5d1ba852a9c5dce8b8/sb-vitest/deps/react-router.js?v=d4d01f76:4139:26)
    at RenderErrorBoundary (http://localhost:63315/node_modules/.cache/storybook/10.5.10/d089ae206bd7a58edd27e2b4d3689eedc26f6a98c46b1c5d1ba852a9c5dce8b8/sb-vitest/deps/react-router.js?v=d4d01f76:4073:3)
    at DataRoutes2 (http://localhost:63315/node_modules/.cache/storybook/10.5.10/d089ae206bd7a58edd27e2b4d3689eedc26f6a98c46b1c5d1ba852a9c5dce8b8/sb-vitest/deps/react-router.js?v=d4d01f76:4706:24)
    at Router (http://localhost:63315/node_modules/.cache/storybook/10.5.10/d089ae206bd7a58edd27e2b4d3689eedc26f6a98c46b1c5d1ba852a9c5dce8b8/sb-vitest/deps/react-router.js?v=d4d01f76:4771:29)
    at RouterProvider (http://localhost:63315/node_modules/.cache/storybook/10.5.10/d089ae206bd7a58edd27e2b4d3689eedc26f6a98c46b1c5d1ba852a9c5dce8b8/sb-vitest/deps/react-router.js?v=d4d01f76:4516:27)
    at unboundStoryFn (http://localhost:63315/node_modules/.cache/storybook/10.5.10/d089ae206bd7a58edd27e2b4d3689eedc26f6a98c46b1c5d1ba852a9c5dce8b8/sb-vitest/deps/csf-B8OjfbGV.js?v=1fe95d09:8788:243)
stderr | ClientApp/src/routes/requestForQuote/RequestForQuote.stories.tsx > Organisation And Contact Validation
Warning: An update to null inside a test was not wrapped in act(...).

When testing, code that causes React state updates should be wrapped into act(...):

act(() => {
  /* fire events that update state */
});
/* assert on the output */

This ensures that you're testing the behavior the user would see in the browser. Learn more at https://reactjs.org/link/wrap-tests-with-act
    at Gt (http://localhost:63315/node_modules/.cache/storybook/10.5.10/d089ae206bd7a58edd27e2b4d3689eedc26f6a98c46b1c5d1ba852a9c5dce8b8/sb-vitest/deps/react-datepicker.js?v=bc925e97:24789:37)
    at n (http://localhost:63315/node_modules/.cache/storybook/10.5.10/d089ae206bd7a58edd27e2b4d3689eedc26f6a98c46b1c5d1ba852a9c5dce8b8/sb-vitest/deps/react-datepicker.js?v=bc925e97:24806:15)
    at div
    at CustomDatePicker (http://localhost:63315/ClientApp/src/components/Inputs/DatePicker/CustomDatePicker.tsx:10:10)
    at DatePicker (http://localhost:63315/ClientApp/src/components/Inputs/DatePicker/index.tsx:10:10)
    at div
    at http://localhost:63315/node_modules/.cache/storybook/10.5.10/d089ae206bd7a58edd27e2b4d3689eedc26f6a98c46b1c5d1ba852a9c5dce8b8/sb-vitest/deps/react-bootstrap_Row.js?v=88f5539d:10:52
    at InstrumentAndRequest (http://localhost:63315/ClientApp/src/routes/requestForQuote/instrumentAndRequest.tsx:49:10)
    at hookified (http://localhost:63315/node_modules/.cache/storybook/10.5.10/d089ae206bd7a58edd27e2b4d3689eedc26f6a98c46b1c5d1ba852a9c5dce8b8/sb-vitest/deps/csf-B8OjfbGV.js?v=1fe95d09:8281:9)
    at form
    at http://localhost:63315/node_modules/.cache/storybook/10.5.10/d089ae206bd7a58edd27e2b4d3689eedc26f6a98c46b1c5d1ba852a9c5dce8b8/sb-vitest/deps/formik.js?v=399fd654:3385:21
    at Formik (http://localhost:63315/node_modules/.cache/storybook/10.5.10/d089ae206bd7a58edd27e2b4d3689eedc26f6a98c46b1c5d1ba852a9c5dce8b8/sb-vitest/deps/formik.js?v=399fd654:3190:18)
    at RenderedRoute (http://localhost:63315/node_modules/.cache/storybook/10.5.10/d089ae206bd7a58edd27e2b4d3689eedc26f6a98c46b1c5d1ba852a9c5dce8b8/sb-vitest/deps/react-router.js?v=d4d01f76:4139:26)
    at RenderErrorBoundary (http://localhost:63315/node_modules/.cache/storybook/10.5.10/d089ae206bd7a58edd27e2b4d3689eedc26f6a98c46b1c5d1ba852a9c5dce8b8/sb-vitest/deps/react-router.js?v=d4d01f76:4073:3)
    at DataRoutes2 (http://localhost:63315/node_modules/.cache/storybook/10.5.10/d089ae206bd7a58edd27e2b4d3689eedc26f6a98c46b1c5d1ba852a9c5dce8b8/sb-vitest/deps/react-router.js?v=d4d01f76:4706:24)
    at Router (http://localhost:63315/node_modules/.cache/storybook/10.5.10/d089ae206bd7a58edd27e2b4d3689eedc26f6a98c46b1c5d1ba852a9c5dce8b8/sb-vitest/deps/react-router.js?v=d4d01f76:4771:29)
    at RouterProvider (http://localhost:63315/node_modules/.cache/storybook/10.5.10/d089ae206bd7a58edd27e2b4d3689eedc26f6a98c46b1c5d1ba852a9c5dce8b8/sb-vitest/deps/react-router.js?v=d4d01f76:4516:27)
    at unboundStoryFn (http://localhost:63315/node_modules/.cache/storybook/10.5.10/d089ae206bd7a58edd27e2b4d3689eedc26f6a98c46b1c5d1ba852a9c5dce8b8/sb-vitest/deps/csf-B8OjfbGV.js?v=1fe95d09:8788:243)
stderr | ClientApp/src/routes/requestForQuote/RequestForQuote.stories.tsx > Organisation And Contact Validation
Warning: An update to HidableField inside a test was not wrapped in act(...).

When testing, code that causes React state updates should be wrapped into act(...):

act(() => {
  /* fire events that update state */
});
/* assert on the output */

This ensures that you're testing the behavior the user would see in the browser. Learn more at https://reactjs.org/link/wrap-tests-with-act
    at HidableField (http://localhost:63315/ClientApp/src/components/forms/HidableField/index.tsx:7:41)
    at div
    at http://localhost:63315/node_modules/.cache/storybook/10.5.10/d089ae206bd7a58edd27e2b4d3689eedc26f6a98c46b1c5d1ba852a9c5dce8b8/sb-vitest/deps/react-bootstrap_Row.js?v=88f5539d:10:52
    at InstrumentAndRequest (http://localhost:63315/ClientApp/src/routes/requestForQuote/instrumentAndRequest.tsx:49:10)
    at hookified (http://localhost:63315/node_modules/.cache/storybook/10.5.10/d089ae206bd7a58edd27e2b4d3689eedc26f6a98c46b1c5d1ba852a9c5dce8b8/sb-vitest/deps/csf-B8OjfbGV.js?v=1fe95d09:8281:9)
    at form
    at http://localhost:63315/node_modules/.cache/storybook/10.5.10/d089ae206bd7a58edd27e2b4d3689eedc26f6a98c46b1c5d1ba852a9c5dce8b8/sb-vitest/deps/formik.js?v=399fd654:3385:21
    at Formik (http://localhost:63315/node_modules/.cache/storybook/10.5.10/d089ae206bd7a58edd27e2b4d3689eedc26f6a98c46b1c5d1ba852a9c5dce8b8/sb-vitest/deps/formik.js?v=399fd654:3190:18)
    at RenderedRoute (http://localhost:63315/node_modules/.cache/storybook/10.5.10/d089ae206bd7a58edd27e2b4d3689eedc26f6a98c46b1c5d1ba852a9c5dce8b8/sb-vitest/deps/react-router.js?v=d4d01f76:4139:26)
    at RenderErrorBoundary (http://localhost:63315/node_modules/.cache/storybook/10.5.10/d089ae206bd7a58edd27e2b4d3689eedc26f6a98c46b1c5d1ba852a9c5dce8b8/sb-vitest/deps/react-router.js?v=d4d01f76:4073:3)
    at DataRoutes2 (http://localhost:63315/node_modules/.cache/storybook/10.5.10/d089ae206bd7a58edd27e2b4d3689eedc26f6a98c46b1c5d1ba852a9c5dce8b8/sb-vitest/deps/react-router.js?v=d4d01f76:4706:24)
    at Router (http://localhost:63315/node_modules/.cache/storybook/10.5.10/d089ae206bd7a58edd27e2b4d3689eedc26f6a98c46b1c5d1ba852a9c5dce8b8/sb-vitest/deps/react-router.js?v=d4d01f76:4771:29)
    at RouterProvider (http://localhost:63315/node_modules/.cache/storybook/10.5.10/d089ae206bd7a58edd27e2b4d3689eedc26f6a98c46b1c5d1ba852a9c5dce8b8/sb-vitest/deps/react-router.js?v=d4d01f76:4516:27)
    at unboundStoryFn (http://localhost:63315/node_modules/.cache/storybook/10.5.10/d089ae206bd7a58edd27e2b4d3689eedc26f6a98c46b1c5d1ba852a9c5dce8b8/sb-vitest/deps/csf-B8OjfbGV.js?v=1fe95d09:8788:243)
stderr | ClientApp/src/routes/requestForQuote/RequestForQuote.stories.tsx > Organisation And Contact Validation
Warning: An update to NumberFormatBase inside a test was not wrapped in act(...).

When testing, code that causes React state updates should be wrapped into act(...):

act(() => {
  /* fire events that update state */
});
/* assert on the output */

This ensures that you're testing the behavior the user would see in the browser. Learn more at https://reactjs.org/link/wrap-tests-with-act
    at NumberFormatBase (http://localhost:63315/node_modules/.cache/storybook/10.5.10/d089ae206bd7a58edd27e2b4d3689eedc26f6a98c46b1c5d1ba852a9c5dce8b8/sb-vitest/deps/react-number-format.js?v=75d33921:398:19)
    at NumericFormat (http://localhost:63315/node_modules/.cache/storybook/10.5.10/d089ae206bd7a58edd27e2b4d3689eedc26f6a98c46b1c5d1ba852a9c5dce8b8/sb-vitest/deps/react-number-format.js?v=75d33921:1024:27)
    at div
    at http://localhost:63315/node_modules/.cache/storybook/10.5.10/d089ae206bd7a58edd27e2b4d3689eedc26f6a98c46b1c5d1ba852a9c5dce8b8/sb-vitest/deps/Form-Bhe6QYJ3.js?v=1fe95d09:208:58
    at NumberInput (http://localhost:63315/ClientApp/src/components/Inputs/NumberInput/index.tsx:11:24)
    at div
    at http://localhost:63315/node_modules/.cache/storybook/10.5.10/d089ae206bd7a58edd27e2b4d3689eedc26f6a98c46b1c5d1ba852a9c5dce8b8/sb-vitest/deps/react-bootstrap_Row.js?v=88f5539d:10:52
    at InstrumentAndRequest (http://localhost:63315/ClientApp/src/routes/requestForQuote/instrumentAndRequest.tsx:49:10)
    at hookified (http://localhost:63315/node_modules/.cache/storybook/10.5.10/d089ae206bd7a58edd27e2b4d3689eedc26f6a98c46b1c5d1ba852a9c5dce8b8/sb-vitest/deps/csf-B8OjfbGV.js?v=1fe95d09:8281:9)
    at form
    at http://localhost:63315/node_modules/.cache/storybook/10.5.10/d089ae206bd7a58edd27e2b4d3689eedc26f6a98c46b1c5d1ba852a9c5dce8b8/sb-vitest/deps/formik.js?v=399fd654:3385:21
    at Formik (http://localhost:63315/node_modules/.cache/storybook/10.5.10/d089ae206bd7a58edd27e2b4d3689eedc26f6a98c46b1c5d1ba852a9c5dce8b8/sb-vitest/deps/formik.js?v=399fd654:3190:18)
    at RenderedRoute (http://localhost:63315/node_modules/.cache/storybook/10.5.10/d089ae206bd7a58edd27e2b4d3689eedc26f6a98c46b1c5d1ba852a9c5dce8b8/sb-vitest/deps/react-router.js?v=d4d01f76:4139:26)
    at RenderErrorBoundary (http://localhost:63315/node_modules/.cache/storybook/10.5.10/d089ae206bd7a58edd27e2b4d3689eedc26f6a98c46b1c5d1ba852a9c5dce8b8/sb-vitest/deps/react-router.js?v=d4d01f76:4073:3)
    at DataRoutes2 (http://localhost:63315/node_modules/.cache/storybook/10.5.10/d089ae206bd7a58edd27e2b4d3689eedc26f6a98c46b1c5d1ba852a9c5dce8b8/sb-vitest/deps/react-router.js?v=d4d01f76:4706:24)
    at Router (http://localhost:63315/node_modules/.cache/storybook/10.5.10/d089ae206bd7a58edd27e2b4d3689eedc26f6a98c46b1c5d1ba852a9c5dce8b8/sb-vitest/deps/react-router.js?v=d4d01f76:4771:29)
    at RouterProvider (http://localhost:63315/node_modules/.cache/storybook/10.5.10/d089ae206bd7a58edd27e2b4d3689eedc26f6a98c46b1c5d1ba852a9c5dce8b8/sb-vitest/deps/react-router.js?v=d4d01f76:4516:27)
    at unboundStoryFn (http://localhost:63315/node_modules/.cache/storybook/10.5.10/d089ae206bd7a58edd27e2b4d3689eedc26f6a98c46b1c5d1ba852a9c5dce8b8/sb-vitest/deps/csf-B8OjfbGV.js?v=1fe95d09:8788:243)
stderr | ClientApp/src/routes/requestForQuote/RequestForQuote.stories.tsx > Organisation And Contact Validation
Warning: An update to DatePicker inside a test was not wrapped in act(...).

When testing, code that causes React state updates should be wrapped into act(...):

act(() => {
  /* fire events that update state */
});
/* assert on the output */

This ensures that you're testing the behavior the user would see in the browser. Learn more at https://reactjs.org/link/wrap-tests-with-act
    at DatePicker (http://localhost:63315/ClientApp/src/components/Inputs/DatePicker/index.tsx:10:10)
    at div
    at http://localhost:63315/node_modules/.cache/storybook/10.5.10/d089ae206bd7a58edd27e2b4d3689eedc26f6a98c46b1c5d1ba852a9c5dce8b8/sb-vitest/deps/react-bootstrap_Row.js?v=88f5539d:10:52
    at InstrumentAndRequest (http://localhost:63315/ClientApp/src/routes/requestForQuote/instrumentAndRequest.tsx:49:10)
    at hookified (http://localhost:63315/node_modules/.cache/storybook/10.5.10/d089ae206bd7a58edd27e2b4d3689eedc26f6a98c46b1c5d1ba852a9c5dce8b8/sb-vitest/deps/csf-B8OjfbGV.js?v=1fe95d09:8281:9)
    at form
    at http://localhost:63315/node_modules/.cache/storybook/10.5.10/d089ae206bd7a58edd27e2b4d3689eedc26f6a98c46b1c5d1ba852a9c5dce8b8/sb-vitest/deps/formik.js?v=399fd654:3385:21
    at Formik (http://localhost:63315/node_modules/.cache/storybook/10.5.10/d089ae206bd7a58edd27e2b4d3689eedc26f6a98c46b1c5d1ba852a9c5dce8b8/sb-vitest/deps/formik.js?v=399fd654:3190:18)
    at RenderedRoute (http://localhost:63315/node_modules/.cache/storybook/10.5.10/d089ae206bd7a58edd27e2b4d3689eedc26f6a98c46b1c5d1ba852a9c5dce8b8/sb-vitest/deps/react-router.js?v=d4d01f76:4139:26)
    at RenderErrorBoundary (http://localhost:63315/node_modules/.cache/storybook/10.5.10/d089ae206bd7a58edd27e2b4d3689eedc26f6a98c46b1c5d1ba852a9c5dce8b8/sb-vitest/deps/react-router.js?v=d4d01f76:4073:3)
    at DataRoutes2 (http://localhost:63315/node_modules/.cache/storybook/10.5.10/d089ae206bd7a58edd27e2b4d3689eedc26f6a98c46b1c5d1ba852a9c5dce8b8/sb-vitest/deps/react-router.js?v=d4d01f76:4706:24)
    at Router (http://localhost:63315/node_modules/.cache/storybook/10.5.10/d089ae206bd7a58edd27e2b4d3689eedc26f6a98c46b1c5d1ba852a9c5dce8b8/sb-vitest/deps/react-router.js?v=d4d01f76:4771:29)
    at RouterProvider (http://localhost:63315/node_modules/.cache/storybook/10.5.10/d089ae206bd7a58edd27e2b4d3689eedc26f6a98c46b1c5d1ba852a9c5dce8b8/sb-vitest/deps/react-router.js?v=d4d01f76:4516:27)
    at unboundStoryFn (http://localhost:63315/node_modules/.cache/storybook/10.5.10/d089ae206bd7a58edd27e2b4d3689eedc26f6a98c46b1c5d1ba852a9c5dce8b8/sb-vitest/deps/csf-B8OjfbGV.js?v=1fe95d09:8788:243)
stderr | ClientApp/src/routes/requestForQuote/RequestForQuote.stories.tsx > Organisation And Contact Validation
Warning: An update to n inside a test was not wrapped in act(...).

When testing, code that causes React state updates should be wrapped into act(...):

act(() => {
  /* fire events that update state */
});
/* assert on the output */

This ensures that you're testing the behavior the user would see in the browser. Learn more at https://reactjs.org/link/wrap-tests-with-act
    at n (http://localhost:63315/node_modules/.cache/storybook/10.5.10/d089ae206bd7a58edd27e2b4d3689eedc26f6a98c46b1c5d1ba852a9c5dce8b8/sb-vitest/deps/react-datepicker.js?v=bc925e97:24806:15)
    at div
    at CustomDatePicker (http://localhost:63315/ClientApp/src/components/Inputs/DatePicker/CustomDatePicker.tsx:10:10)
    at DatePicker (http://localhost:63315/ClientApp/src/components/Inputs/DatePicker/index.tsx:10:10)
    at div
    at http://localhost:63315/node_modules/.cache/storybook/10.5.10/d089ae206bd7a58edd27e2b4d3689eedc26f6a98c46b1c5d1ba852a9c5dce8b8/sb-vitest/deps/react-bootstrap_Row.js?v=88f5539d:10:52
    at InstrumentAndRequest (http://localhost:63315/ClientApp/src/routes/requestForQuote/instrumentAndRequest.tsx:49:10)
    at hookified (http://localhost:63315/node_modules/.cache/storybook/10.5.10/d089ae206bd7a58edd27e2b4d3689eedc26f6a98c46b1c5d1ba852a9c5dce8b8/sb-vitest/deps/csf-B8OjfbGV.js?v=1fe95d09:8281:9)
    at form
    at http://localhost:63315/node_modules/.cache/storybook/10.5.10/d089ae206bd7a58edd27e2b4d3689eedc26f6a98c46b1c5d1ba852a9c5dce8b8/sb-vitest/deps/formik.js?v=399fd654:3385:21
    at Formik (http://localhost:63315/node_modules/.cache/storybook/10.5.10/d089ae206bd7a58edd27e2b4d3689eedc26f6a98c46b1c5d1ba852a9c5dce8b8/sb-vitest/deps/formik.js?v=399fd654:3190:18)
    at RenderedRoute (http://localhost:63315/node_modules/.cache/storybook/10.5.10/d089ae206bd7a58edd27e2b4d3689eedc26f6a98c46b1c5d1ba852a9c5dce8b8/sb-vitest/deps/react-router.js?v=d4d01f76:4139:26)
    at RenderErrorBoundary (http://localhost:63315/node_modules/.cache/storybook/10.5.10/d089ae206bd7a58edd27e2b4d3689eedc26f6a98c46b1c5d1ba852a9c5dce8b8/sb-vitest/deps/react-router.js?v=d4d01f76:4073:3)
    at DataRoutes2 (http://localhost:63315/node_modules/.cache/storybook/10.5.10/d089ae206bd7a58edd27e2b4d3689eedc26f6a98c46b1c5d1ba852a9c5dce8b8/sb-vitest/deps/react-router.js?v=d4d01f76:4706:24)
    at Router (http://localhost:63315/node_modules/.cache/storybook/10.5.10/d089ae206bd7a58edd27e2b4d3689eedc26f6a98c46b1c5d1ba852a9c5dce8b8/sb-vitest/deps/react-router.js?v=d4d01f76:4771:29)
    at RouterProvider (http://localhost:63315/node_modules/.cache/storybook/10.5.10/d089ae206bd7a58edd27e2b4d3689eedc26f6a98c46b1c5d1ba852a9c5dce8b8/sb-vitest/deps/react-router.js?v=d4d01f76:4516:27)
    at unboundStoryFn (http://localhost:63315/node_modules/.cache/storybook/10.5.10/d089ae206bd7a58edd27e2b4d3689eedc26f6a98c46b1c5d1ba852a9c5dce8b8/sb-vitest/deps/csf-B8OjfbGV.js?v=1fe95d09:8788:243)
stderr | ClientApp/src/routes/requestForQuote/RequestForQuote.stories.tsx > Organisation And Contact Validation
Warning: An update to CustomDatePicker inside a test was not wrapped in act(...).

When testing, code that causes React state updates should be wrapped into act(...):

act(() => {
  /* fire events that update state */
});
/* assert on the output */

This ensures that you're testing the behavior the user would see in the browser. Learn more at https://reactjs.org/link/wrap-tests-with-act
    at CustomDatePicker (http://localhost:63315/ClientApp/src/components/Inputs/DatePicker/CustomDatePicker.tsx:10:10)
    at DatePicker (http://localhost:63315/ClientApp/src/components/Inputs/DatePicker/index.tsx:10:10)
    at div
    at http://localhost:63315/node_modules/.cache/storybook/10.5.10/d089ae206bd7a58edd27e2b4d3689eedc26f6a98c46b1c5d1ba852a9c5dce8b8/sb-vitest/deps/react-bootstrap_Row.js?v=88f5539d:10:52
    at InstrumentAndRequest (http://localhost:63315/ClientApp/src/routes/requestForQuote/instrumentAndRequest.tsx:49:10)
    at hookified (http://localhost:63315/node_modules/.cache/storybook/10.5.10/d089ae206bd7a58edd27e2b4d3689eedc26f6a98c46b1c5d1ba852a9c5dce8b8/sb-vitest/deps/csf-B8OjfbGV.js?v=1fe95d09:8281:9)
    at form
    at http://localhost:63315/node_modules/.cache/storybook/10.5.10/d089ae206bd7a58edd27e2b4d3689eedc26f6a98c46b1c5d1ba852a9c5dce8b8/sb-vitest/deps/formik.js?v=399fd654:3385:21
    at Formik (http://localhost:63315/node_modules/.cache/storybook/10.5.10/d089ae206bd7a58edd27e2b4d3689eedc26f6a98c46b1c5d1ba852a9c5dce8b8/sb-vitest/deps/formik.js?v=399fd654:3190:18)
    at RenderedRoute (http://localhost:63315/node_modules/.cache/storybook/10.5.10/d089ae206bd7a58edd27e2b4d3689eedc26f6a98c46b1c5d1ba852a9c5dce8b8/sb-vitest/deps/react-router.js?v=d4d01f76:4139:26)
    at RenderErrorBoundary (http://localhost:63315/node_modules/.cache/storybook/10.5.10/d089ae206bd7a58edd27e2b4d3689eedc26f6a98c46b1c5d1ba852a9c5dce8b8/sb-vitest/deps/react-router.js?v=d4d01f76:4073:3)
    at DataRoutes2 (http://localhost:63315/node_modules/.cache/storybook/10.5.10/d089ae206bd7a58edd27e2b4d3689eedc26f6a98c46b1c5d1ba852a9c5dce8b8/sb-vitest/deps/react-router.js?v=d4d01f76:4706:24)
    at Router (http://localhost:63315/node_modules/.cache/storybook/10.5.10/d089ae206bd7a58edd27e2b4d3689eedc26f6a98c46b1c5d1ba852a9c5dce8b8/sb-vitest/deps/react-router.js?v=d4d01f76:4771:29)
    at RouterProvider (http://localhost:63315/node_modules/.cache/storybook/10.5.10/d089ae206bd7a58edd27e2b4d3689eedc26f6a98c46b1c5d1ba852a9c5dce8b8/sb-vitest/deps/react-router.js?v=d4d01f76:4516:27)
    at unboundStoryFn (http://localhost:63315/node_modules/.cache/storybook/10.5.10/d089ae206bd7a58edd27e2b4d3689eedc26f6a98c46b1c5d1ba852a9c5dce8b8/sb-vitest/deps/csf-B8OjfbGV.js?v=1fe95d09:8788:243)
stderr | ClientApp/src/routes/requestForQuote/RequestForQuote.stories.tsx > Organisation And Contact Validation
Warning: An update to n inside a test was not wrapped in act(...).

When testing, code that causes React state updates should be wrapped into act(...):

act(() => {
  /* fire events that update state */
});
/* assert on the output */

This ensures that you're testing the behavior the user would see in the browser. Learn more at https://reactjs.org/link/wrap-tests-with-act
    at n (http://localhost:63315/node_modules/.cache/storybook/10.5.10/d089ae206bd7a58edd27e2b4d3689eedc26f6a98c46b1c5d1ba852a9c5dce8b8/sb-vitest/deps/react-datepicker.js?v=bc925e97:24806:15)
    at div
    at CustomDatePicker (http://localhost:63315/ClientApp/src/components/Inputs/DatePicker/CustomDatePicker.tsx:10:10)
    at DatePicker (http://localhost:63315/ClientApp/src/components/Inputs/DatePicker/index.tsx:10:10)
    at div
    at http://localhost:63315/node_modules/.cache/storybook/10.5.10/d089ae206bd7a58edd27e2b4d3689eedc26f6a98c46b1c5d1ba852a9c5dce8b8/sb-vitest/deps/react-bootstrap_Row.js?v=88f5539d:10:52
    at InstrumentAndRequest (http://localhost:63315/ClientApp/src/routes/requestForQuote/instrumentAndRequest.tsx:49:10)
    at hookified (http://localhost:63315/node_modules/.cache/storybook/10.5.10/d089ae206bd7a58edd27e2b4d3689eedc26f6a98c46b1c5d1ba852a9c5dce8b8/sb-vitest/deps/csf-B8OjfbGV.js?v=1fe95d09:8281:9)
    at form
    at http://localhost:63315/node_modules/.cache/storybook/10.5.10/d089ae206bd7a58edd27e2b4d3689eedc26f6a98c46b1c5d1ba852a9c5dce8b8/sb-vitest/deps/formik.js?v=399fd654:3385:21
    at Formik (http://localhost:63315/node_modules/.cache/storybook/10.5.10/d089ae206bd7a58edd27e2b4d3689eedc26f6a98c46b1c5d1ba852a9c5dce8b8/sb-vitest/deps/formik.js?v=399fd654:3190:18)
    at RenderedRoute (http://localhost:63315/node_modules/.cache/storybook/10.5.10/d089ae206bd7a58edd27e2b4d3689eedc26f6a98c46b1c5d1ba852a9c5dce8b8/sb-vitest/deps/react-router.js?v=d4d01f76:4139:26)
    at RenderErrorBoundary (http://localhost:63315/node_modules/.cache/storybook/10.5.10/d089ae206bd7a58edd27e2b4d3689eedc26f6a98c46b1c5d1ba852a9c5dce8b8/sb-vitest/deps/react-router.js?v=d4d01f76:4073:3)
    at DataRoutes2 (http://localhost:63315/node_modules/.cache/storybook/10.5.10/d089ae206bd7a58edd27e2b4d3689eedc26f6a98c46b1c5d1ba852a9c5dce8b8/sb-vitest/deps/react-router.js?v=d4d01f76:4706:24)
    at Router (http://localhost:63315/node_modules/.cache/storybook/10.5.10/d089ae206bd7a58edd27e2b4d3689eedc26f6a98c46b1c5d1ba852a9c5dce8b8/sb-vitest/deps/react-router.js?v=d4d01f76:4771:29)
    at RouterProvider (http://localhost:63315/node_modules/.cache/storybook/10.5.10/d089ae206bd7a58edd27e2b4d3689eedc26f6a98c46b1c5d1ba852a9c5dce8b8/sb-vitest/deps/react-router.js?v=d4d01f76:4516:27)
    at unboundStoryFn (http://localhost:63315/node_modules/.cache/storybook/10.5.10/d089ae206bd7a58edd27e2b4d3689eedc26f6a98c46b1c5d1ba852a9c5dce8b8/sb-vitest/deps/csf-B8OjfbGV.js?v=1fe95d09:8788:243)
stderr | ClientApp/src/routes/requestForQuote/RequestForQuote.stories.tsx > Organisation And Contact Validation
Warning: An update to n inside a test was not wrapped in act(...).

When testing, code that causes React state updates should be wrapped into act(...):

act(() => {
  /* fire events that update state */
});
/* assert on the output */

This ensures that you're testing the behavior the user would see in the browser. Learn more at https://reactjs.org/link/wrap-tests-with-act
    at n (http://localhost:63315/node_modules/.cache/storybook/10.5.10/d089ae206bd7a58edd27e2b4d3689eedc26f6a98c46b1c5d1ba852a9c5dce8b8/sb-vitest/deps/react-datepicker.js?v=bc925e97:24806:15)
    at div
    at CustomDatePicker (http://localhost:63315/ClientApp/src/components/Inputs/DatePicker/CustomDatePicker.tsx:10:10)
    at DatePicker (http://localhost:63315/ClientApp/src/components/Inputs/DatePicker/index.tsx:10:10)
    at div
    at http://localhost:63315/node_modules/.cache/storybook/10.5.10/d089ae206bd7a58edd27e2b4d3689eedc26f6a98c46b1c5d1ba852a9c5dce8b8/sb-vitest/deps/react-bootstrap_Row.js?v=88f5539d:10:52
    at InstrumentAndRequest (http://localhost:63315/ClientApp/src/routes/requestForQuote/instrumentAndRequest.tsx:49:10)
    at hookified (http://localhost:63315/node_modules/.cache/storybook/10.5.10/d089ae206bd7a58edd27e2b4d3689eedc26f6a98c46b1c5d1ba852a9c5dce8b8/sb-vitest/deps/csf-B8OjfbGV.js?v=1fe95d09:8281:9)
    at form
    at http://localhost:63315/node_modules/.cache/storybook/10.5.10/d089ae206bd7a58edd27e2b4d3689eedc26f6a98c46b1c5d1ba852a9c5dce8b8/sb-vitest/deps/formik.js?v=399fd654:3385:21
    at Formik (http://localhost:63315/node_modules/.cache/storybook/10.5.10/d089ae206bd7a58edd27e2b4d3689eedc26f6a98c46b1c5d1ba852a9c5dce8b8/sb-vitest/deps/formik.js?v=399fd654:3190:18)
    at RenderedRoute (http://localhost:63315/node_modules/.cache/storybook/10.5.10/d089ae206bd7a58edd27e2b4d3689eedc26f6a98c46b1c5d1ba852a9c5dce8b8/sb-vitest/deps/react-router.js?v=d4d01f76:4139:26)
    at RenderErrorBoundary (http://localhost:63315/node_modules/.cache/storybook/10.5.10/d089ae206bd7a58edd27e2b4d3689eedc26f6a98c46b1c5d1ba852a9c5dce8b8/sb-vitest/deps/react-router.js?v=d4d01f76:4073:3)
    at DataRoutes2 (http://localhost:63315/node_modules/.cache/storybook/10.5.10/d089ae206bd7a58edd27e2b4d3689eedc26f6a98c46b1c5d1ba852a9c5dce8b8/sb-vitest/deps/react-router.js?v=d4d01f76:4706:24)
    at Router (http://localhost:63315/node_modules/.cache/storybook/10.5.10/d089ae206bd7a58edd27e2b4d3689eedc26f6a98c46b1c5d1ba852a9c5dce8b8/sb-vitest/deps/react-router.js?v=d4d01f76:4771:29)
    at RouterProvider (http://localhost:63315/node_modules/.cache/storybook/10.5.10/d089ae206bd7a58edd27e2b4d3689eedc26f6a98c46b1c5d1ba852a9c5dce8b8/sb-vitest/deps/react-router.js?v=d4d01f76:4516:27)
    at unboundStoryFn (http://localhost:63315/node_modules/.cache/storybook/10.5.10/d089ae206bd7a58edd27e2b4d3689eedc26f6a98c46b1c5d1ba852a9c5dce8b8/sb-vitest/deps/csf-B8OjfbGV.js?v=1fe95d09:8788:243)
8:22:21 pm [vite] [31m[2m(client)[22m[39m [2m[console.error] [22mWarning: An update to InstrumentAndRequest inside a test was not wrapped in act(...).

When testing, code that causes React state updates should be wrapped into act(...):

act(() => {
  /* fire events that update state */
});
/* assert on the output */

This ensures that you're testing the behavior the user would see in the browser. Learn more at https://reactjs.org/link/wrap-tests-with-act
    at InstrumentAndRequest (http://localhost:63315/ClientApp/src/routes/requestForQuote/instrumentAndRequest.tsx:49:10)
    at hookified (http://localhost:63315/node_modules/.cache/storybook/10.5.10/d089ae206bd7a58edd27e2b4d3689eedc26f6a98c46b1c5d1ba852a9c5dce8b8/sb-vitest/deps/csf-B8OjfbGV.js?v=1fe95d09:8281:9)
    at form
    at http://localhost:63315/node_modules/.cache/storybook/10.5.10/d089ae206bd7a58edd27e2b4d3689eedc26f6a98c46b1c5d1ba852a9c5dce8b8/sb-vitest/deps/formik.js?v=399fd654:3385:21
    at Formik (http://localhost:63315/node_modules/.cache/storybook/10.5.10/d089ae206bd7a58edd27e2b4d3689eedc26f6a98c46b1c5d1ba852a9c5dce8b8/sb-vitest/deps/formik.js?v=399fd654:3190:18)
    at RenderedRoute (http://localhost:63315/node_modules/.cache/storybook/10.5.10/d089ae206bd7a58edd27e2b4d3689eedc26f6a98c46b1c5d1ba852a9c5dce8b8/sb-vitest/deps/react-router.js?v=d4d01f76:4139:26)
    at RenderErrorBoundary (http://localhost:63315/node_modules/.cache/storybook/10.5.10/d089ae206bd7a58edd27e2b4d3689eedc26f6a98c46b1c5d1ba852a9c5dce8b8/sb-vitest/deps/react-router.js?v=d4d01f76:4073:3)
    at DataRoutes2 (http://localhost:63315/node_modules/.cache/storybook/10.5.10/d089ae206bd7a58edd27e2b4d3689eedc26f6a98c46b1c5d1ba852a9c5dce8b8/sb-vitest/deps/react-router.js?v=d4d01f76:4706:24)
    at Router (http://localhost:63315/node_modules/.cache/storybook/10.5.10/d089ae206bd7a58edd27e2b4d3689eedc26f6a98c46b1c5d1ba852a9c5dce8b8/sb-vitest/deps/react-router.js?v=d4d01f76:4771:29)
    at RouterProvider (http://localhost:63315/node_modules/.cache/storybook/10.5.10/d089ae206bd7a58edd27e2b4d3689eedc26f6a98c46b1c5d1ba852a9c5dce8b8/sb-vitest/deps/react-router.js?v=d4d01f76:4516:27)
    at unboundStoryFn (http://localhost:63315/node_modules/.cache/storybook/10.5.10/d089ae206bd7a58edd27e2b4d3689eedc26f6a98c46b1c5d1ba852a9c5dce8b8/sb-vitest/deps/csf-B8OjfbGV.js?v=1fe95d09:8788:243)
8:22:21 pm [vite] [31m[2m(client)[22m[39m [2m[console.error] [22mWarning: An update to InstrumentAndRequest inside a test was not wrapped in act(...).

When testing, code that causes React state updates should be wrapped into act(...):

act(() => {
  /* fire events that update state */
});
/* assert on the output */

This ensures that you're testing the behavior the user would see in the browser. Learn more at https://reactjs.org/link/wrap-tests-with-act
    at InstrumentAndRequest (http://localhost:63315/ClientApp/src/routes/requestForQuote/instrumentAndRequest.tsx:49:10)
    at hookified (http://localhost:63315/node_modules/.cache/storybook/10.5.10/d089ae206bd7a58edd27e2b4d3689eedc26f6a98c46b1c5d1ba852a9c5dce8b8/sb-vitest/deps/csf-B8OjfbGV.js?v=1fe95d09:8281:9)
    at form
    at http://localhost:63315/node_modules/.cache/storybook/10.5.10/d089ae206bd7a58edd27e2b4d3689eedc26f6a98c46b1c5d1ba852a9c5dce8b8/sb-vitest/deps/formik.js?v=399fd654:3385:21
    at Formik (http://localhost:63315/node_modules/.cache/storybook/10.5.10/d089ae206bd7a58edd27e2b4d3689eedc26f6a98c46b1c5d1ba852a9c5dce8b8/sb-vitest/deps/formik.js?v=399fd654:3190:18)
    at RenderedRoute (http://localhost:63315/node_modules/.cache/storybook/10.5.10/d089ae206bd7a58edd27e2b4d3689eedc26f6a98c46b1c5d1ba852a9c5dce8b8/sb-vitest/deps/react-router.js?v=d4d01f76:4139:26)
    at RenderErrorBoundary (http://localhost:63315/node_modules/.cache/storybook/10.5.10/d089ae206bd7a58edd27e2b4d3689eedc26f6a98c46b1c5d1ba852a9c5dce8b8/sb-vitest/deps/react-router.js?v=d4d01f76:4073:3)
    at DataRoutes2 (http://localhost:63315/node_modules/.cache/storybook/10.5.10/d089ae206bd7a58edd27e2b4d3689eedc26f6a98c46b1c5d1ba852a9c5dce8b8/sb-vitest/deps/react-router.js?v=d4d01f76:4706:24)
    at Router (http://localhost:63315/node_modules/.cache/storybook/10.5.10/d089ae206bd7a58edd27e2b4d3689eedc26f6a98c46b1c5d1ba852a9c5dce8b8/sb-vitest/deps/react-router.js?v=d4d01f76:4771:29)
    at RouterProvider (http://localhost:63315/node_modules/.cache/storybook/10.5.10/d089ae206bd7a58edd27e2b4d3689eedc26f6a98c46b1c5d1ba852a9c5dce8b8/sb-vitest/deps/react-router.js?v=d4d01f76:4516:27)
    at unboundStoryFn (http://localhost:63315/node_modules/.cache/storybook/10.5.10/d089ae206bd7a58edd27e2b4d3689eedc26f6a98c46b1c5d1ba852a9c5dce8b8/sb-vitest/deps/csf-B8OjfbGV.js?v=1fe95d09:8788:243)
8:22:21 pm [vite] [31m[2m(client)[22m[39m [2m[console.error] [22mWarning: An update to InstrumentAndRequest inside a test was not wrapped in act(...).

When testing, code that causes React state updates should be wrapped into act(...):

act(() => {
  /* fire events that update state */
});
/* assert on the output */

This ensures that you're testing the behavior the user would see in the browser. Learn more at https://reactjs.org/link/wrap-tests-with-act
    at InstrumentAndRequest (http://localhost:63315/ClientApp/src/routes/requestForQuote/instrumentAndRequest.tsx:49:10)
    at hookified (http://localhost:63315/node_modules/.cache/storybook/10.5.10/d089ae206bd7a58edd27e2b4d3689eedc26f6a98c46b1c5d1ba852a9c5dce8b8/sb-vitest/deps/csf-B8OjfbGV.js?v=1fe95d09:8281:9)
    at form
    at http://localhost:63315/node_modules/.cache/storybook/10.5.10/d089ae206bd7a58edd27e2b4d3689eedc26f6a98c46b1c5d1ba852a9c5dce8b8/sb-vitest/deps/formik.js?v=399fd654:3385:21
    at Formik (http://localhost:63315/node_modules/.cache/storybook/10.5.10/d089ae206bd7a58edd27e2b4d3689eedc26f6a98c46b1c5d1ba852a9c5dce8b8/sb-vitest/deps/formik.js?v=399fd654:3190:18)
    at RenderedRoute (http://localhost:63315/node_modules/.cache/storybook/10.5.10/d089ae206bd7a58edd27e2b4d3689eedc26f6a98c46b1c5d1ba852a9c5dce8b8/sb-vitest/deps/react-router.js?v=d4d01f76:4139:26)
    at RenderErrorBoundary (http://localhost:63315/node_modules/.cache/storybook/10.5.10/d089ae206bd7a58edd27e2b4d3689eedc26f6a98c46b1c5d1ba852a9c5dce8b8/sb-vitest/deps/react-router.js?v=d4d01f76:4073:3)
    at DataRoutes2 (http://localhost:63315/node_modules/.cache/storybook/10.5.10/d089ae206bd7a58edd27e2b4d3689eedc26f6a98c46b1c5d1ba852a9c5dce8b8/sb-vitest/deps/react-router.js?v=d4d01f76:4706:24)
    at Router (http://localhost:63315/node_modules/.cache/storybook/10.5.10/d089ae206bd7a58edd27e2b4d3689eedc26f6a98c46b1c5d1ba852a9c5dce8b8/sb-vitest/deps/react-router.js?v=d4d01f76:4771:29)
    at RouterProvider (http://localhost:63315/node_modules/.cache/storybook/10.5.10/d089ae206bd7a58edd27e2b4d3689eedc26f6a98c46b1c5d1ba852a9c5dce8b8/sb-vitest/deps/react-router.js?v=d4d01f76:4516:27)
    at unboundStoryFn (http://localhost:63315/node_modules/.cache/storybook/10.5.10/d089ae206bd7a58edd27e2b4d3689eedc26f6a98c46b1c5d1ba852a9c5dce8b8/sb-vitest/deps/csf-B8OjfbGV.js?v=1fe95d09:8788:243)
8:22:21 pm [vite] [31m[2m(client)[22m[39m [2m[console.error] [22mWarning: An update to null inside a test was not wrapped in act(...).

When testing, code that causes React state updates should be wrapped into act(...):

act(() => {
  /* fire events that update state */
});
/* assert on the output */

This ensures that you're testing the behavior the user would see in the browser. Learn more at https://reactjs.org/link/wrap-tests-with-act
    at Gt (http://localhost:63315/node_modules/.cache/storybook/10.5.10/d089ae206bd7a58edd27e2b4d3689eedc26f6a98c46b1c5d1ba852a9c5dce8b8/sb-vitest/deps/react-datepicker.js?v=bc925e97:24789:37)
    at n (http://localhost:63315/node_modules/.cache/storybook/10.5.10/d089ae206bd7a58edd27e2b4d3689eedc26f6a98c46b1c5d1ba852a9c5dce8b8/sb-vitest/deps/react-datepicker.js?v=bc925e97:24806:15)
    at div
    at CustomDatePicker (http://localhost:63315/ClientApp/src/components/Inputs/DatePicker/CustomDatePicker.tsx:10:10)
    at DatePicker (http://localhost:63315/ClientApp/src/components/Inputs/DatePicker/index.tsx:10:10)
    at div
    at http://localhost:63315/node_modules/.cache/storybook/10.5.10/d089ae206bd7a58edd27e2b4d3689eedc26f6a98c46b1c5d1ba852a9c5dce8b8/sb-vitest/deps/react-bootstrap_Row.js?v=88f5539d:10:52
    at InstrumentAndRequest (http://localhost:63315/ClientApp/src/routes/requestForQuote/instrumentAndRequest.tsx:49:10)
    at hookified (http://localhost:63315/node_modules/.cache/storybook/10.5.10/d089ae206bd7a58edd27e2b4d3689eedc26f6a98c46b1c5d1ba852a9c5dce8b8/sb-vitest/deps/csf-B8OjfbGV.js?v=1fe95d09:8281:9)
    at form
    at http://localhost:63315/node_modules/.cache/storybook/10.5.10/d089ae206bd7a58edd27e2b4d3689eedc26f6a98c46b1c5d1ba852a9c5dce8b8/sb-vitest/deps/formik.js?v=399fd654:3385:21
    at Formik (http://localhost:63315/node_modules/.cache/storybook/10.5.10/d089ae206bd7a58edd27e2b4d3689eedc26f6a98c46b1c5d1ba852a9c5dce8b8/sb-vitest/deps/formik.js?v=399fd654:3190:18)
    at RenderedRoute (http://localhost:63315/node_modules/.cache/storybook/10.5.10/d089ae206bd7a58edd27e2b4d3689eedc26f6a98c46b1c5d1ba852a9c5dce8b8/sb-vitest/deps/react-router.js?v=d4d01f76:4139:26)
    at RenderErrorBoundary (http://localhost:63315/node_modules/.cache/storybook/10.5.10/d089ae206bd7a58edd27e2b4d3689eedc26f6a98c46b1c5d1ba852a9c5dce8b8/sb-vitest/deps/react-router.js?v=d4d01f76:4073:3)
    at DataRoutes2 (http://localhost:63315/node_modules/.cache/storybook/10.5.10/d089ae206bd7a58edd27e2b4d3689eedc26f6a98c46b1c5d1ba852a9c5dce8b8/sb-vitest/deps/react-router.js?v=d4d01f76:4706:24)
    at Router (http://localhost:63315/node_modules/.cache/storybook/10.5.10/d089ae206bd7a58edd27e2b4d3689eedc26f6a98c46b1c5d1ba852a9c5dce8b8/sb-vitest/deps/react-router.js?v=d4d01f76:4771:29)
    at RouterProvider (http://localhost:63315/node_modules/.cache/storybook/10.5.10/d089ae206bd7a58edd27e2b4d3689eedc26f6a98c46b1c5d1ba852a9c5dce8b8/sb-vitest/deps/react-router.js?v=d4d01f76:4516:27)
    at unboundStoryFn (http://localhost:63315/node_modules/.cache/storybook/10.5.10/d089ae206bd7a58edd27e2b4d3689eedc26f6a98c46b1c5d1ba852a9c5dce8b8/sb-vitest/deps/csf-B8OjfbGV.js?v=1fe95d09:8788:243)
8:22:21 pm [vite] [31m[2m(client)[22m[39m [2m[console.error] [22mWarning: An update to null inside a test was not wrapped in act(...).

When testing, code that causes React state updates should be wrapped into act(...):

act(() => {
  /* fire events that update state */
});
/* assert on the output */

This ensures that you're testing the behavior the user would see in the browser. Learn more at https://reactjs.org/link/wrap-tests-with-act
    at Gt (http://localhost:63315/node_modules/.cache/storybook/10.5.10/d089ae206bd7a58edd27e2b4d3689eedc26f6a98c46b1c5d1ba852a9c5dce8b8/sb-vitest/deps/react-datepicker.js?v=bc925e97:24789:37)
    at n (http://localhost:63315/node_modules/.cache/storybook/10.5.10/d089ae206bd7a58edd27e2b4d3689eedc26f6a98c46b1c5d1ba852a9c5dce8b8/sb-vitest/deps/react-datepicker.js?v=bc925e97:24806:15)
    at div
    at CustomDatePicker (http://localhost:63315/ClientApp/src/components/Inputs/DatePicker/CustomDatePicker.tsx:10:10)
    at DatePicker (http://localhost:63315/ClientApp/src/components/Inputs/DatePicker/index.tsx:10:10)
    at div
    at http://localhost:63315/node_modules/.cache/storybook/10.5.10/d089ae206bd7a58edd27e2b4d3689eedc26f6a98c46b1c5d1ba852a9c5dce8b8/sb-vitest/deps/react-bootstrap_Row.js?v=88f5539d:10:52
    at InstrumentAndRequest (http://localhost:63315/ClientApp/src/routes/requestForQuote/instrumentAndRequest.tsx:49:10)
    at hookified (http://localhost:63315/node_modules/.cache/storybook/10.5.10/d089ae206bd7a58edd27e2b4d3689eedc26f6a98c46b1c5d1ba852a9c5dce8b8/sb-vitest/deps/csf-B8OjfbGV.js?v=1fe95d09:8281:9)
    at form
    at http://localhost:63315/node_modules/.cache/storybook/10.5.10/d089ae206bd7a58edd27e2b4d3689eedc26f6a98c46b1c5d1ba852a9c5dce8b8/sb-vitest/deps/formik.js?v=399fd654:3385:21
    at Formik (http://localhost:63315/node_modules/.cache/storybook/10.5.10/d089ae206bd7a58edd27e2b4d3689eedc26f6a98c46b1c5d1ba852a9c5dce8b8/sb-vitest/deps/formik.js?v=399fd654:3190:18)
    at RenderedRoute (http://localhost:63315/node_modules/.cache/storybook/10.5.10/d089ae206bd7a58edd27e2b4d3689eedc26f6a98c46b1c5d1ba852a9c5dce8b8/sb-vitest/deps/react-router.js?v=d4d01f76:4139:26)
    at RenderErrorBoundary (http://localhost:63315/node_modules/.cache/storybook/10.5.10/d089ae206bd7a58edd27e2b4d3689eedc26f6a98c46b1c5d1ba852a9c5dce8b8/sb-vitest/deps/react-router.js?v=d4d01f76:4073:3)
    at DataRoutes2 (http://localhost:63315/node_modules/.cache/storybook/10.5.10/d089ae206bd7a58edd27e2b4d3689eedc26f6a98c46b1c5d1ba852a9c5dce8b8/sb-vitest/deps/react-router.js?v=d4d01f76:4706:24)
    at Router (http://localhost:63315/node_modules/.cache/storybook/10.5.10/d089ae206bd7a58edd27e2b4d3689eedc26f6a98c46b1c5d1ba852a9c5dce8b8/sb-vitest/deps/react-router.js?v=d4d01f76:4771:29)
    at RouterProvider (http://localhost:63315/node_modules/.cache/storybook/10.5.10/d089ae206bd7a58edd27e2b4d3689eedc26f6a98c46b1c5d1ba852a9c5dce8b8/sb-vitest/deps/react-router.js?v=d4d01f76:4516:27)
    at unboundStoryFn (http://localhost:63315/node_modules/.cache/storybook/10.5.10/d089ae206bd7a58edd27e2b4d3689eedc26f6a98c46b1c5d1ba852a9c5dce8b8/sb-vitest/deps/csf-B8OjfbGV.js?v=1fe95d09:8788:243)
8:22:21 pm [vite] [31m[2m(client)[22m[39m [2m[console.error] [22mWarning: An update to HidableField inside a test was not wrapped in act(...).

When testing, code that causes React state updates should be wrapped into act(...):

act(() => {
  /* fire events that update state */
});
/* assert on the output */

This ensures that you're testing the behavior the user would see in the browser. Learn more at https://reactjs.org/link/wrap-tests-with-act
    at HidableField (http://localhost:63315/ClientApp/src/components/forms/HidableField/index.tsx:7:41)
    at div
    at http://localhost:63315/node_modules/.cache/storybook/10.5.10/d089ae206bd7a58edd27e2b4d3689eedc26f6a98c46b1c5d1ba852a9c5dce8b8/sb-vitest/deps/react-bootstrap_Row.js?v=88f5539d:10:52
    at InstrumentAndRequest (http://localhost:63315/ClientApp/src/routes/requestForQuote/instrumentAndRequest.tsx:49:10)
    at hookified (http://localhost:63315/node_modules/.cache/storybook/10.5.10/d089ae206bd7a58edd27e2b4d3689eedc26f6a98c46b1c5d1ba852a9c5dce8b8/sb-vitest/deps/csf-B8OjfbGV.js?v=1fe95d09:8281:9)
    at form
    at http://localhost:63315/node_modules/.cache/storybook/10.5.10/d089ae206bd7a58edd27e2b4d3689eedc26f6a98c46b1c5d1ba852a9c5dce8b8/sb-vitest/deps/formik.js?v=399fd654:3385:21
    at Formik (http://localhost:63315/node_modules/.cache/storybook/10.5.10/d089ae206bd7a58edd27e2b4d3689eedc26f6a98c46b1c5d1ba852a9c5dce8b8/sb-vitest/deps/formik.js?v=399fd654:3190:18)
    at RenderedRoute (http://localhost:63315/node_modules/.cache/storybook/10.5.10/d089ae206bd7a58edd27e2b4d3689eedc26f6a98c46b1c5d1ba852a9c5dce8b8/sb-vitest/deps/react-router.js?v=d4d01f76:4139:26)
    at RenderErrorBoundary (http://localhost:63315/node_modules/.cache/storybook/10.5.10/d089ae206bd7a58edd27e2b4d3689eedc26f6a98c46b1c5d1ba852a9c5dce8b8/sb-vitest/deps/react-router.js?v=d4d01f76:4073:3)
    at DataRoutes2 (http://localhost:63315/node_modules/.cache/storybook/10.5.10/d089ae206bd7a58edd27e2b4d3689eedc26f6a98c46b1c5d1ba852a9c5dce8b8/sb-vitest/deps/react-router.js?v=d4d01f76:4706:24)
    at Router (http://localhost:63315/node_modules/.cache/storybook/10.5.10/d089ae206bd7a58edd27e2b4d3689eedc26f6a98c46b1c5d1ba852a9c5dce8b8/sb-vitest/deps/react-router.js?v=d4d01f76:4771:29)
    at RouterProvider (http://localhost:63315/node_modules/.cache/storybook/10.5.10/d089ae206bd7a58edd27e2b4d3689eedc26f6a98c46b1c5d1ba852a9c5dce8b8/sb-vitest/deps/react-router.js?v=d4d01f76:4516:27)
    at unboundStoryFn (http://localhost:63315/node_modules/.cache/storybook/10.5.10/d089ae206bd7a58edd27e2b4d3689eedc26f6a98c46b1c5d1ba852a9c5dce8b8/sb-vitest/deps/csf-B8OjfbGV.js?v=1fe95d09:8788:243)
8:22:21 pm [vite] [31m[2m(client)[22m[39m [2m[console.error] [22mWarning: An update to NumberFormatBase inside a test was not wrapped in act(...).

When testing, code that causes React state updates should be wrapped into act(...):

act(() => {
  /* fire events that update state */
});
/* assert on the output */

This ensures that you're testing the behavior the user would see in the browser. Learn more at https://reactjs.org/link/wrap-tests-with-act
    at NumberFormatBase (http://localhost:63315/node_modules/.cache/storybook/10.5.10/d089ae206bd7a58edd27e2b4d3689eedc26f6a98c46b1c5d1ba852a9c5dce8b8/sb-vitest/deps/react-number-format.js?v=75d33921:398:19)
    at NumericFormat (http://localhost:63315/node_modules/.cache/storybook/10.5.10/d089ae206bd7a58edd27e2b4d3689eedc26f6a98c46b1c5d1ba852a9c5dce8b8/sb-vitest/deps/react-number-format.js?v=75d33921:1024:27)
    at div
    at http://localhost:63315/node_modules/.cache/storybook/10.5.10/d089ae206bd7a58edd27e2b4d3689eedc26f6a98c46b1c5d1ba852a9c5dce8b8/sb-vitest/deps/Form-Bhe6QYJ3.js?v=1fe95d09:208:58
    at NumberInput (http://localhost:63315/ClientApp/src/components/Inputs/NumberInput/index.tsx:11:24)
    at div
    at http://localhost:63315/node_modules/.cache/storybook/10.5.10/d089ae206bd7a58edd27e2b4d3689eedc26f6a98c46b1c5d1ba852a9c5dce8b8/sb-vitest/deps/react-bootstrap_Row.js?v=88f5539d:10:52
    at InstrumentAndRequest (http://localhost:63315/ClientApp/src/routes/requestForQuote/instrumentAndRequest.tsx:49:10)
    at hookified (http://localhost:63315/node_modules/.cache/storybook/10.5.10/d089ae206bd7a58edd27e2b4d3689eedc26f6a98c46b1c5d1ba852a9c5dce8b8/sb-vitest/deps/csf-B8OjfbGV.js?v=1fe95d09:8281:9)
    at form
    at http://localhost:63315/node_modules/.cache/storybook/10.5.10/d089ae206bd7a58edd27e2b4d3689eedc26f6a98c46b1c5d1ba852a9c5dce8b8/sb-vitest/deps/formik.js?v=399fd654:3385:21
    at Formik (http://localhost:63315/node_modules/.cache/storybook/10.5.10/d089ae206bd7a58edd27e2b4d3689eedc26f6a98c46b1c5d1ba852a9c5dce8b8/sb-vitest/deps/formik.js?v=399fd654:3190:18)
    at RenderedRoute (http://localhost:63315/node_modules/.cache/storybook/10.5.10/d089ae206bd7a58edd27e2b4d3689eedc26f6a98c46b1c5d1ba852a9c5dce8b8/sb-vitest/deps/react-router.js?v=d4d01f76:4139:26)
    at RenderErrorBoundary (http://localhost:63315/node_modules/.cache/storybook/10.5.10/d089ae206bd7a58edd27e2b4d3689eedc26f6a98c46b1c5d1ba852a9c5dce8b8/sb-vitest/deps/react-router.js?v=d4d01f76:4073:3)
    at DataRoutes2 (http://localhost:63315/node_modules/.cache/storybook/10.5.10/d089ae206bd7a58edd27e2b4d3689eedc26f6a98c46b1c5d1ba852a9c5dce8b8/sb-vitest/deps/react-router.js?v=d4d01f76:4706:24)
    at Router (http://localhost:63315/node_modules/.cache/storybook/10.5.10/d089ae206bd7a58edd27e2b4d3689eedc26f6a98c46b1c5d1ba852a9c5dce8b8/sb-vitest/deps/react-router.js?v=d4d01f76:4771:29)
    at RouterProvider (http://localhost:63315/node_modules/.cache/storybook/10.5.10/d089ae206bd7a58edd27e2b4d3689eedc26f6a98c46b1c5d1ba852a9c5dce8b8/sb-vitest/deps/react-router.js?v=d4d01f76:4516:27)
    at unboundStoryFn (http://localhost:63315/node_modules/.cache/storybook/10.5.10/d089ae206bd7a58edd27e2b4d3689eedc26f6a98c46b1c5d1ba852a9c5dce8b8/sb-vitest/deps/csf-B8OjfbGV.js?v=1fe95d09:8788:243)
8:22:21 pm [vite] [31m[2m(client)[22m[39m [2m[console.error] [22mWarning: An update to DatePicker inside a test was not wrapped in act(...).

When testing, code that causes React state updates should be wrapped into act(...):

act(() => {
  /* fire events that update state */
});
/* assert on the output */

This ensures that you're testing the behavior the user would see in the browser. Learn more at https://reactjs.org/link/wrap-tests-with-act
    at DatePicker (http://localhost:63315/ClientApp/src/components/Inputs/DatePicker/index.tsx:10:10)
    at div
    at http://localhost:63315/node_modules/.cache/storybook/10.5.10/d089ae206bd7a58edd27e2b4d3689eedc26f6a98c46b1c5d1ba852a9c5dce8b8/sb-vitest/deps/react-bootstrap_Row.js?v=88f5539d:10:52
    at InstrumentAndRequest (http://localhost:63315/ClientApp/src/routes/requestForQuote/instrumentAndRequest.tsx:49:10)
    at hookified (http://localhost:63315/node_modules/.cache/storybook/10.5.10/d089ae206bd7a58edd27e2b4d3689eedc26f6a98c46b1c5d1ba852a9c5dce8b8/sb-vitest/deps/csf-B8OjfbGV.js?v=1fe95d09:8281:9)
    at form
    at http://localhost:63315/node_modules/.cache/storybook/10.5.10/d089ae206bd7a58edd27e2b4d3689eedc26f6a98c46b1c5d1ba852a9c5dce8b8/sb-vitest/deps/formik.js?v=399fd654:3385:21
    at Formik (http://localhost:63315/node_modules/.cache/storybook/10.5.10/d089ae206bd7a58edd27e2b4d3689eedc26f6a98c46b1c5d1ba852a9c5dce8b8/sb-vitest/deps/formik.js?v=399fd654:3190:18)
    at RenderedRoute (http://localhost:63315/node_modules/.cache/storybook/10.5.10/d089ae206bd7a58edd27e2b4d3689eedc26f6a98c46b1c5d1ba852a9c5dce8b8/sb-vitest/deps/react-router.js?v=d4d01f76:4139:26)
    at RenderErrorBoundary (http://localhost:63315/node_modules/.cache/storybook/10.5.10/d089ae206bd7a58edd27e2b4d3689eedc26f6a98c46b1c5d1ba852a9c5dce8b8/sb-vitest/deps/react-router.js?v=d4d01f76:4073:3)
    at DataRoutes2 (http://localhost:63315/node_modules/.cache/storybook/10.5.10/d089ae206bd7a58edd27e2b4d3689eedc26f6a98c46b1c5d1ba852a9c5dce8b8/sb-vitest/deps/react-router.js?v=d4d01f76:4706:24)
    at Router (http://localhost:63315/node_modules/.cache/storybook/10.5.10/d089ae206bd7a58edd27e2b4d3689eedc26f6a98c46b1c5d1ba852a9c5dce8b8/sb-vitest/deps/react-router.js?v=d4d01f76:4771:29)
    at RouterProvider (http://localhost:63315/node_modules/.cache/storybook/10.5.10/d089ae206bd7a58edd27e2b4d3689eedc26f6a98c46b1c5d1ba852a9c5dce8b8/sb-vitest/deps/react-router.js?v=d4d01f76:4516:27)
    at unboundStoryFn (http://localhost:63315/node_modules/.cache/storybook/10.5.10/d089ae206bd7a58edd27e2b4d3689eedc26f6a98c46b1c5d1ba852a9c5dce8b8/sb-vitest/deps/csf-B8OjfbGV.js?v=1fe95d09:8788:243)
8:22:21 pm [vite] [31m[2m(client)[22m[39m [2m[console.error] [22mWarning: An update to n inside a test was not wrapped in act(...).

When testing, code that causes React state updates should be wrapped into act(...):

act(() => {
  /* fire events that update state */
});
/* assert on the output */

This ensures that you're testing the behavior the user would see in the browser. Learn more at https://reactjs.org/link/wrap-tests-with-act
    at n (http://localhost:63315/node_modules/.cache/storybook/10.5.10/d089ae206bd7a58edd27e2b4d3689eedc26f6a98c46b1c5d1ba852a9c5dce8b8/sb-vitest/deps/react-datepicker.js?v=bc925e97:24806:15)
    at div
    at CustomDatePicker (http://localhost:63315/ClientApp/src/components/Inputs/DatePicker/CustomDatePicker.tsx:10:10)
    at DatePicker (http://localhost:63315/ClientApp/src/components/Inputs/DatePicker/index.tsx:10:10)
    at div
    at http://localhost:63315/node_modules/.cache/storybook/10.5.10/d089ae206bd7a58edd27e2b4d3689eedc26f6a98c46b1c5d1ba852a9c5dce8b8/sb-vitest/deps/react-bootstrap_Row.js?v=88f5539d:10:52
    at InstrumentAndRequest (http://localhost:63315/ClientApp/src/routes/requestForQuote/instrumentAndRequest.tsx:49:10)
    at hookified (http://localhost:63315/node_modules/.cache/storybook/10.5.10/d089ae206bd7a58edd27e2b4d3689eedc26f6a98c46b1c5d1ba852a9c5dce8b8/sb-vitest/deps/csf-B8OjfbGV.js?v=1fe95d09:8281:9)
    at form
    at http://localhost:63315/node_modules/.cache/storybook/10.5.10/d089ae206bd7a58edd27e2b4d3689eedc26f6a98c46b1c5d1ba852a9c5dce8b8/sb-vitest/deps/formik.js?v=399fd654:3385:21
    at Formik (http://localhost:63315/node_modules/.cache/storybook/10.5.10/d089ae206bd7a58edd27e2b4d3689eedc26f6a98c46b1c5d1ba852a9c5dce8b8/sb-vitest/deps/formik.js?v=399fd654:3190:18)
    at RenderedRoute (http://localhost:63315/node_modules/.cache/storybook/10.5.10/d089ae206bd7a58edd27e2b4d3689eedc26f6a98c46b1c5d1ba852a9c5dce8b8/sb-vitest/deps/react-router.js?v=d4d01f76:4139:26)
    at RenderErrorBoundary (http://localhost:63315/node_modules/.cache/storybook/10.5.10/d089ae206bd7a58edd27e2b4d3689eedc26f6a98c46b1c5d1ba852a9c5dce8b8/sb-vitest/deps/react-router.js?v=d4d01f76:4073:3)
    at DataRoutes2 (http://localhost:63315/node_modules/.cache/storybook/10.5.10/d089ae206bd7a58edd27e2b4d3689eedc26f6a98c46b1c5d1ba852a9c5dce8b8/sb-vitest/deps/react-router.js?v=d4d01f76:4706:24)
    at Router (http://localhost:63315/node_modules/.cache/storybook/10.5.10/d089ae206bd7a58edd27e2b4d3689eedc26f6a98c46b1c5d1ba852a9c5dce8b8/sb-vitest/deps/react-router.js?v=d4d01f76:4771:29)
    at RouterProvider (http://localhost:63315/node_modules/.cache/storybook/10.5.10/d089ae206bd7a58edd27e2b4d3689eedc26f6a98c46b1c5d1ba852a9c5dce8b8/sb-vitest/deps/react-router.js?v=d4d01f76:4516:27)
    at unboundStoryFn (http://localhost:63315/node_modules/.cache/storybook/10.5.10/d089ae206bd7a58edd27e2b4d3689eedc26f6a98c46b1c5d1ba852a9c5dce8b8/sb-vitest/deps/csf-B8OjfbGV.js?v=1fe95d09:8788:243)
8:22:21 pm [vite] [31m[2m(client)[22m[39m [2m[console.error] [22mWarning: An update to CustomDatePicker inside a test was not wrapped in act(...).

When testing, code that causes React state updates should be wrapped into act(...):

act(() => {
  /* fire events that update state */
});
/* assert on the output */

This ensures that you're testing the behavior the user would see in the browser. Learn more at https://reactjs.org/link/wrap-tests-with-act
    at CustomDatePicker (http://localhost:63315/ClientApp/src/components/Inputs/DatePicker/CustomDatePicker.tsx:10:10)
    at DatePicker (http://localhost:63315/ClientApp/src/components/Inputs/DatePicker/index.tsx:10:10)
    at div
    at http://localhost:63315/node_modules/.cache/storybook/10.5.10/d089ae206bd7a58edd27e2b4d3689eedc26f6a98c46b1c5d1ba852a9c5dce8b8/sb-vitest/deps/react-bootstrap_Row.js?v=88f5539d:10:52
    at InstrumentAndRequest (http://localhost:63315/ClientApp/src/routes/requestForQuote/instrumentAndRequest.tsx:49:10)
    at hookified (http://localhost:63315/node_modules/.cache/storybook/10.5.10/d089ae206bd7a58edd27e2b4d3689eedc26f6a98c46b1c5d1ba852a9c5dce8b8/sb-vitest/deps/csf-B8OjfbGV.js?v=1fe95d09:8281:9)
    at form
    at http://localhost:63315/node_modules/.cache/storybook/10.5.10/d089ae206bd7a58edd27e2b4d3689eedc26f6a98c46b1c5d1ba852a9c5dce8b8/sb-vitest/deps/formik.js?v=399fd654:3385:21
    at Formik (http://localhost:63315/node_modules/.cache/storybook/10.5.10/d089ae206bd7a58edd27e2b4d3689eedc26f6a98c46b1c5d1ba852a9c5dce8b8/sb-vitest/deps/formik.js?v=399fd654:3190:18)
    at RenderedRoute (http://localhost:63315/node_modules/.cache/storybook/10.5.10/d089ae206bd7a58edd27e2b4d3689eedc26f6a98c46b1c5d1ba852a9c5dce8b8/sb-vitest/deps/react-router.js?v=d4d01f76:4139:26)
    at RenderErrorBoundary (http://localhost:63315/node_modules/.cache/storybook/10.5.10/d089ae206bd7a58edd27e2b4d3689eedc26f6a98c46b1c5d1ba852a9c5dce8b8/sb-vitest/deps/react-router.js?v=d4d01f76:4073:3)
    at DataRoutes2 (http://localhost:63315/node_modules/.cache/storybook/10.5.10/d089ae206bd7a58edd27e2b4d3689eedc26f6a98c46b1c5d1ba852a9c5dce8b8/sb-vitest/deps/react-router.js?v=d4d01f76:4706:24)
    at Router (http://localhost:63315/node_modules/.cache/storybook/10.5.10/d089ae206bd7a58edd27e2b4d3689eedc26f6a98c46b1c5d1ba852a9c5dce8b8/sb-vitest/deps/react-router.js?v=d4d01f76:4771:29)
    at RouterProvider (http://localhost:63315/node_modules/.cache/storybook/10.5.10/d089ae206bd7a58edd27e2b4d3689eedc26f6a98c46b1c5d1ba852a9c5dce8b8/sb-vitest/deps/react-router.js?v=d4d01f76:4516:27)
    at unboundStoryFn (http://localhost:63315/node_modules/.cache/storybook/10.5.10/d089ae206bd7a58edd27e2b4d3689eedc26f6a98c46b1c5d1ba852a9c5dce8b8/sb-vitest/deps/csf-B8OjfbGV.js?v=1fe95d09:8788:243)
8:22:21 pm [vite] [31m[2m(client)[22m[39m [2m[console.error] [22mWarning: An update to n inside a test was not wrapped in act(...).

When testing, code that causes React state updates should be wrapped into act(...):

act(() => {
  /* fire events that update state */
});
/* assert on the output */

This ensures that you're testing the behavior the user would see in the browser. Learn more at https://reactjs.org/link/wrap-tests-with-act
    at n (http://localhost:63315/node_modules/.cache/storybook/10.5.10/d089ae206bd7a58edd27e2b4d3689eedc26f6a98c46b1c5d1ba852a9c5dce8b8/sb-vitest/deps/react-datepicker.js?v=bc925e97:24806:15)
    at div
    at CustomDatePicker (http://localhost:63315/ClientApp/src/components/Inputs/DatePicker/CustomDatePicker.tsx:10:10)
    at DatePicker (http://localhost:63315/ClientApp/src/components/Inputs/DatePicker/index.tsx:10:10)
    at div
    at http://localhost:63315/node_modules/.cache/storybook/10.5.10/d089ae206bd7a58edd27e2b4d3689eedc26f6a98c46b1c5d1ba852a9c5dce8b8/sb-vitest/deps/react-bootstrap_Row.js?v=88f5539d:10:52
    at InstrumentAndRequest (http://localhost:63315/ClientApp/src/routes/requestForQuote/instrumentAndRequest.tsx:49:10)
    at hookified (http://localhost:63315/node_modules/.cache/storybook/10.5.10/d089ae206bd7a58edd27e2b4d3689eedc26f6a98c46b1c5d1ba852a9c5dce8b8/sb-vitest/deps/csf-B8OjfbGV.js?v=1fe95d09:8281:9)
    at form
    at http://localhost:63315/node_modules/.cache/storybook/10.5.10/d089ae206bd7a58edd27e2b4d3689eedc26f6a98c46b1c5d1ba852a9c5dce8b8/sb-vitest/deps/formik.js?v=399fd654:3385:21
    at Formik (http://localhost:63315/node_modules/.cache/storybook/10.5.10/d089ae206bd7a58edd27e2b4d3689eedc26f6a98c46b1c5d1ba852a9c5dce8b8/sb-vitest/deps/formik.js?v=399fd654:3190:18)
    at RenderedRoute (http://localhost:63315/node_modules/.cache/storybook/10.5.10/d089ae206bd7a58edd27e2b4d3689eedc26f6a98c46b1c5d1ba852a9c5dce8b8/sb-vitest/deps/react-router.js?v=d4d01f76:4139:26)
    at RenderErrorBoundary (http://localhost:63315/node_modules/.cache/storybook/10.5.10/d089ae206bd7a58edd27e2b4d3689eedc26f6a98c46b1c5d1ba852a9c5dce8b8/sb-vitest/deps/react-router.js?v=d4d01f76:4073:3)
    at DataRoutes2 (http://localhost:63315/node_modules/.cache/storybook/10.5.10/d089ae206bd7a58edd27e2b4d3689eedc26f6a98c46b1c5d1ba852a9c5dce8b8/sb-vitest/deps/react-router.js?v=d4d01f76:4706:24)
    at Router (http://localhost:63315/node_modules/.cache/storybook/10.5.10/d089ae206bd7a58edd27e2b4d3689eedc26f6a98c46b1c5d1ba852a9c5dce8b8/sb-vitest/deps/react-router.js?v=d4d01f76:4771:29)
    at RouterProvider (http://localhost:63315/node_modules/.cache/storybook/10.5.10/d089ae206bd7a58edd27e2b4d3689eedc26f6a98c46b1c5d1ba852a9c5dce8b8/sb-vitest/deps/react-router.js?v=d4d01f76:4516:27)
    at unboundStoryFn (http://localhost:63315/node_modules/.cache/storybook/10.5.10/d089ae206bd7a58edd27e2b4d3689eedc26f6a98c46b1c5d1ba852a9c5dce8b8/sb-vitest/deps/csf-B8OjfbGV.js?v=1fe95d09:8788:243)
8:22:21 pm [vite] [31m[2m(client)[22m[39m [2m[console.error] [22mWarning: An update to n inside a test was not wrapped in act(...).

When testing, code that causes React state updates should be wrapped into act(...):

act(() => {
  /* fire events that update state */
});
/* assert on the output */

This ensures that you're testing the behavior the user would see in the browser. Learn more at https://reactjs.org/link/wrap-tests-with-act
    at n (http://localhost:63315/node_modules/.cache/storybook/10.5.10/d089ae206bd7a58edd27e2b4d3689eedc26f6a98c46b1c5d1ba852a9c5dce8b8/sb-vitest/deps/react-datepicker.js?v=bc925e97:24806:15)
    at div
    at CustomDatePicker (http://localhost:63315/ClientApp/src/components/Inputs/DatePicker/CustomDatePicker.tsx:10:10)
    at DatePicker (http://localhost:63315/ClientApp/src/components/Inputs/DatePicker/index.tsx:10:10)
    at div
    at http://localhost:63315/node_modules/.cache/storybook/10.5.10/d089ae206bd7a58edd27e2b4d3689eedc26f6a98c46b1c5d1ba852a9c5dce8b8/sb-vitest/deps/react-bootstrap_Row.js?v=88f5539d:10:52
    at InstrumentAndRequest (http://localhost:63315/ClientApp/src/routes/requestForQuote/instrumentAndRequest.tsx:49:10)
    at hookified (http://localhost:63315/node_modules/.cache/storybook/10.5.10/d089ae206bd7a58edd27e2b4d3689eedc26f6a98c46b1c5d1ba852a9c5dce8b8/sb-vitest/deps/csf-B8OjfbGV.js?v=1fe95d09:8281:9)
    at form
    at http://localhost:63315/node_modules/.cache/storybook/10.5.10/d089ae206bd7a58edd27e2b4d3689eedc26f6a98c46b1c5d1ba852a9c5dce8b8/sb-vitest/deps/formik.js?v=399fd654:3385:21
    at Formik (http://localhost:63315/node_modules/.cache/storybook/10.5.10/d089ae206bd7a58edd27e2b4d3689eedc26f6a98c46b1c5d1ba852a9c5dce8b8/sb-vitest/deps/formik.js?v=399fd654:3190:18)
    at RenderedRoute (http://localhost:63315/node_modules/.cache/storybook/10.5.10/d089ae206bd7a58edd27e2b4d3689eedc26f6a98c46b1c5d1ba852a9c5dce8b8/sb-vitest/deps/react-router.js?v=d4d01f76:4139:26)
    at RenderErrorBoundary (http://localhost:63315/node_modules/.cache/storybook/10.5.10/d089ae206bd7a58edd27e2b4d3689eedc26f6a98c46b1c5d1ba852a9c5dce8b8/sb-vitest/deps/react-router.js?v=d4d01f76:4073:3)
    at DataRoutes2 (http://localhost:63315/node_modules/.cache/storybook/10.5.10/d089ae206bd7a58edd27e2b4d3689eedc26f6a98c46b1c5d1ba852a9c5dce8b8/sb-vitest/deps/react-router.js?v=d4d01f76:4706:24)
    at Router (http://localhost:63315/node_modules/.cache/storybook/10.5.10/d089ae206bd7a58edd27e2b4d3689eedc26f6a98c46b1c5d1ba852a9c5dce8b8/sb-vitest/deps/react-router.js?v=d4d01f76:4771:29)
    at RouterProvider (http://localhost:63315/node_modules/.cache/storybook/10.5.10/d089ae206bd7a58edd27e2b4d3689eedc26f6a98c46b1c5d1ba852a9c5dce8b8/sb-vitest/deps/react-router.js?v=d4d01f76:4516:27)
    at unboundStoryFn (http://localhost:63315/node_modules/.cache/storybook/10.5.10/d089ae206bd7a58edd27e2b4d3689eedc26f6a98c46b1c5d1ba852a9c5dce8b8/sb-vitest/deps/csf-B8OjfbGV.js?v=1fe95d09:8788:243)
stderr | ClientApp/src/routes/acceptQuote/AcceptQuote.stories.tsx > Payment Details Step
Warning: An update to ReportRecipient inside a test was not wrapped in act(...).

When testing, code that causes React state updates should be wrapped into act(...):

act(() => {
  /* fire events that update state */
});
/* assert on the output */

This ensures that you're testing the behavior the user would see in the browser. Learn more at https://reactjs.org/link/wrap-tests-with-act
    at ReportRecipient (http://localhost:63315/ClientApp/src/routes/acceptQuote/reportRecipient.tsx:23:10)
    at hookified (http://localhost:63315/node_modules/.cache/storybook/10.5.10/d089ae206bd7a58edd27e2b4d3689eedc26f6a98c46b1c5d1ba852a9c5dce8b8/sb-vitest/deps/csf-B8OjfbGV.js?v=1fe95d09:8281:9)
    at form
    at http://localhost:63315/node_modules/.cache/storybook/10.5.10/d089ae206bd7a58edd27e2b4d3689eedc26f6a98c46b1c5d1ba852a9c5dce8b8/sb-vitest/deps/formik.js?v=399fd654:3385:21
    at Formik (http://localhost:63315/node_modules/.cache/storybook/10.5.10/d089ae206bd7a58edd27e2b4d3689eedc26f6a98c46b1c5d1ba852a9c5dce8b8/sb-vitest/deps/formik.js?v=399fd654:3190:18)
    at RenderedRoute (http://localhost:63315/node_modules/.cache/storybook/10.5.10/d089ae206bd7a58edd27e2b4d3689eedc26f6a98c46b1c5d1ba852a9c5dce8b8/sb-vitest/deps/react-router.js?v=d4d01f76:4139:26)
    at RenderErrorBoundary (http://localhost:63315/node_modules/.cache/storybook/10.5.10/d089ae206bd7a58edd27e2b4d3689eedc26f6a98c46b1c5d1ba852a9c5dce8b8/sb-vitest/deps/react-router.js?v=d4d01f76:4073:3)
    at DataRoutes2 (http://localhost:63315/node_modules/.cache/storybook/10.5.10/d089ae206bd7a58edd27e2b4d3689eedc26f6a98c46b1c5d1ba852a9c5dce8b8/sb-vitest/deps/react-router.js?v=d4d01f76:4706:24)
    at Router (http://localhost:63315/node_modules/.cache/storybook/10.5.10/d089ae206bd7a58edd27e2b4d3689eedc26f6a98c46b1c5d1ba852a9c5dce8b8/sb-vitest/deps/react-router.js?v=d4d01f76:4771:29)
    at RouterProvider (http://localhost:63315/node_modules/.cache/storybook/10.5.10/d089ae206bd7a58edd27e2b4d3689eedc26f6a98c46b1c5d1ba852a9c5dce8b8/sb-vitest/deps/react-router.js?v=d4d01f76:4516:27)
    at unboundStoryFn (http://localhost:63315/node_modules/.cache/storybook/10.5.10/d089ae206bd7a58edd27e2b4d3689eedc26f6a98c46b1c5d1ba852a9c5dce8b8/sb-vitest/deps/csf-B8OjfbGV.js?v=1fe95d09:8788:243)
stderr | ClientApp/src/routes/acceptQuote/AcceptQuote.stories.tsx > Payment Details Step
Warning: An update to ReportRecipient inside a test was not wrapped in act(...).

When testing, code that causes React state updates should be wrapped into act(...):

act(() => {
  /* fire events that update state */
});
/* assert on the output */

This ensures that you're testing the behavior the user would see in the browser. Learn more at https://reactjs.org/link/wrap-tests-with-act
    at ReportRecipient (http://localhost:63315/ClientApp/src/routes/acceptQuote/reportRecipient.tsx:23:10)
    at hookified (http://localhost:63315/node_modules/.cache/storybook/10.5.10/d089ae206bd7a58edd27e2b4d3689eedc26f6a98c46b1c5d1ba852a9c5dce8b8/sb-vitest/deps/csf-B8OjfbGV.js?v=1fe95d09:8281:9)
    at form
    at http://localhost:63315/node_modules/.cache/storybook/10.5.10/d089ae206bd7a58edd27e2b4d3689eedc26f6a98c46b1c5d1ba852a9c5dce8b8/sb-vitest/deps/formik.js?v=399fd654:3385:21
    at Formik (http://localhost:63315/node_modules/.cache/storybook/10.5.10/d089ae206bd7a58edd27e2b4d3689eedc26f6a98c46b1c5d1ba852a9c5dce8b8/sb-vitest/deps/formik.js?v=399fd654:3190:18)
    at RenderedRoute (http://localhost:63315/node_modules/.cache/storybook/10.5.10/d089ae206bd7a58edd27e2b4d3689eedc26f6a98c46b1c5d1ba852a9c5dce8b8/sb-vitest/deps/react-router.js?v=d4d01f76:4139:26)
    at RenderErrorBoundary (http://localhost:63315/node_modules/.cache/storybook/10.5.10/d089ae206bd7a58edd27e2b4d3689eedc26f6a98c46b1c5d1ba852a9c5dce8b8/sb-vitest/deps/react-router.js?v=d4d01f76:4073:3)
    at DataRoutes2 (http://localhost:63315/node_modules/.cache/storybook/10.5.10/d089ae206bd7a58edd27e2b4d3689eedc26f6a98c46b1c5d1ba852a9c5dce8b8/sb-vitest/deps/react-router.js?v=d4d01f76:4706:24)
    at Router (http://localhost:63315/node_modules/.cache/storybook/10.5.10/d089ae206bd7a58edd27e2b4d3689eedc26f6a98c46b1c5d1ba852a9c5dce8b8/sb-vitest/deps/react-router.js?v=d4d01f76:4771:29)
    at RouterProvider (http://localhost:63315/node_modules/.cache/storybook/10.5.10/d089ae206bd7a58edd27e2b4d3689eedc26f6a98c46b1c5d1ba852a9c5dce8b8/sb-vitest/deps/react-router.js?v=d4d01f76:4516:27)
    at unboundStoryFn (http://localhost:63315/node_modules/.cache/storybook/10.5.10/d089ae206bd7a58edd27e2b4d3689eedc26f6a98c46b1c5d1ba852a9c5dce8b8/sb-vitest/deps/csf-B8OjfbGV.js?v=1fe95d09:8788:243)
stderr | ClientApp/src/routes/acceptQuote/AcceptQuote.stories.tsx > Payment Details Step
Warning: An update to ReportRecipient inside a test was not wrapped in act(...).

When testing, code that causes React state updates should be wrapped into act(...):

act(() => {
  /* fire events that update state */
});
/* assert on the output */

This ensures that you're testing the behavior the user would see in the browser. Learn more at https://reactjs.org/link/wrap-tests-with-act
    at ReportRecipient (http://localhost:63315/ClientApp/src/routes/acceptQuote/reportRecipient.tsx:23:10)
    at hookified (http://localhost:63315/node_modules/.cache/storybook/10.5.10/d089ae206bd7a58edd27e2b4d3689eedc26f6a98c46b1c5d1ba852a9c5dce8b8/sb-vitest/deps/csf-B8OjfbGV.js?v=1fe95d09:8281:9)
    at form
    at http://localhost:63315/node_modules/.cache/storybook/10.5.10/d089ae206bd7a58edd27e2b4d3689eedc26f6a98c46b1c5d1ba852a9c5dce8b8/sb-vitest/deps/formik.js?v=399fd654:3385:21
    at Formik (http://localhost:63315/node_modules/.cache/storybook/10.5.10/d089ae206bd7a58edd27e2b4d3689eedc26f6a98c46b1c5d1ba852a9c5dce8b8/sb-vitest/deps/formik.js?v=399fd654:3190:18)
    at RenderedRoute (http://localhost:63315/node_modules/.cache/storybook/10.5.10/d089ae206bd7a58edd27e2b4d3689eedc26f6a98c46b1c5d1ba852a9c5dce8b8/sb-vitest/deps/react-router.js?v=d4d01f76:4139:26)
    at RenderErrorBoundary (http://localhost:63315/node_modules/.cache/storybook/10.5.10/d089ae206bd7a58edd27e2b4d3689eedc26f6a98c46b1c5d1ba852a9c5dce8b8/sb-vitest/deps/react-router.js?v=d4d01f76:4073:3)
    at DataRoutes2 (http://localhost:63315/node_modules/.cache/storybook/10.5.10/d089ae206bd7a58edd27e2b4d3689eedc26f6a98c46b1c5d1ba852a9c5dce8b8/sb-vitest/deps/react-router.js?v=d4d01f76:4706:24)
    at Router (http://localhost:63315/node_modules/.cache/storybook/10.5.10/d089ae206bd7a58edd27e2b4d3689eedc26f6a98c46b1c5d1ba852a9c5dce8b8/sb-vitest/deps/react-router.js?v=d4d01f76:4771:29)
    at RouterProvider (http://localhost:63315/node_modules/.cache/storybook/10.5.10/d089ae206bd7a58edd27e2b4d3689eedc26f6a98c46b1c5d1ba852a9c5dce8b8/sb-vitest/deps/react-router.js?v=d4d01f76:4516:27)
    at unboundStoryFn (http://localhost:63315/node_modules/.cache/storybook/10.5.10/d089ae206bd7a58edd27e2b4d3689eedc26f6a98c46b1c5d1ba852a9c5dce8b8/sb-vitest/deps/csf-B8OjfbGV.js?v=1fe95d09:8788:243)
stderr | ClientApp/src/routes/acceptQuote/AcceptQuote.stories.tsx > Payment Details Step
Warning: An update to ReportRecipient inside a test was not wrapped in act(...).

When testing, code that causes React state updates should be wrapped into act(...):

act(() => {
  /* fire events that update state */
});
/* assert on the output */

This ensures that you're testing the behavior the user would see in the browser. Learn more at https://reactjs.org/link/wrap-tests-with-act
    at ReportRecipient (http://localhost:63315/ClientApp/src/routes/acceptQuote/reportRecipient.tsx:23:10)
    at hookified (http://localhost:63315/node_modules/.cache/storybook/10.5.10/d089ae206bd7a58edd27e2b4d3689eedc26f6a98c46b1c5d1ba852a9c5dce8b8/sb-vitest/deps/csf-B8OjfbGV.js?v=1fe95d09:8281:9)
    at form
    at http://localhost:63315/node_modules/.cache/storybook/10.5.10/d089ae206bd7a58edd27e2b4d3689eedc26f6a98c46b1c5d1ba852a9c5dce8b8/sb-vitest/deps/formik.js?v=399fd654:3385:21
    at Formik (http://localhost:63315/node_modules/.cache/storybook/10.5.10/d089ae206bd7a58edd27e2b4d3689eedc26f6a98c46b1c5d1ba852a9c5dce8b8/sb-vitest/deps/formik.js?v=399fd654:3190:18)
    at RenderedRoute (http://localhost:63315/node_modules/.cache/storybook/10.5.10/d089ae206bd7a58edd27e2b4d3689eedc26f6a98c46b1c5d1ba852a9c5dce8b8/sb-vitest/deps/react-router.js?v=d4d01f76:4139:26)
    at RenderErrorBoundary (http://localhost:63315/node_modules/.cache/storybook/10.5.10/d089ae206bd7a58edd27e2b4d3689eedc26f6a98c46b1c5d1ba852a9c5dce8b8/sb-vitest/deps/react-router.js?v=d4d01f76:4073:3)
    at DataRoutes2 (http://localhost:63315/node_modules/.cache/storybook/10.5.10/d089ae206bd7a58edd27e2b4d3689eedc26f6a98c46b1c5d1ba852a9c5dce8b8/sb-vitest/deps/react-router.js?v=d4d01f76:4706:24)
    at Router (http://localhost:63315/node_modules/.cache/storybook/10.5.10/d089ae206bd7a58edd27e2b4d3689eedc26f6a98c46b1c5d1ba852a9c5dce8b8/sb-vitest/deps/react-router.js?v=d4d01f76:4771:29)
    at RouterProvider (http://localhost:63315/node_modules/.cache/storybook/10.5.10/d089ae206bd7a58edd27e2b4d3689eedc26f6a98c46b1c5d1ba852a9c5dce8b8/sb-vitest/deps/react-router.js?v=d4d01f76:4516:27)
    at unboundStoryFn (http://localhost:63315/node_modules/.cache/storybook/10.5.10/d089ae206bd7a58edd27e2b4d3689eedc26f6a98c46b1c5d1ba852a9c5dce8b8/sb-vitest/deps/csf-B8OjfbGV.js?v=1fe95d09:8788:243)
stderr | ClientApp/src/routes/acceptQuote/AcceptQuote.stories.tsx > Payment Details Postpaid
Warning: An update to PaymentDetails inside a test was not wrapped in act(...).

When testing, code that causes React state updates should be wrapped into act(...):

act(() => {
  /* fire events that update state */
});
/* assert on the output */

This ensures that you're testing the behavior the user would see in the browser. Learn more at https://reactjs.org/link/wrap-tests-with-act
    at PaymentDetails (http://localhost:63315/ClientApp/src/routes/acceptQuote/paymentDetails.tsx:21:10)
    at hookified (http://localhost:63315/node_modules/.cache/storybook/10.5.10/d089ae206bd7a58edd27e2b4d3689eedc26f6a98c46b1c5d1ba852a9c5dce8b8/sb-vitest/deps/csf-B8OjfbGV.js?v=1fe95d09:8281:9)
    at form
    at http://localhost:63315/node_modules/.cache/storybook/10.5.10/d089ae206bd7a58edd27e2b4d3689eedc26f6a98c46b1c5d1ba852a9c5dce8b8/sb-vitest/deps/formik.js?v=399fd654:3385:21
    at Formik (http://localhost:63315/node_modules/.cache/storybook/10.5.10/d089ae206bd7a58edd27e2b4d3689eedc26f6a98c46b1c5d1ba852a9c5dce8b8/sb-vitest/deps/formik.js?v=399fd654:3190:18)
    at RenderedRoute (http://localhost:63315/node_modules/.cache/storybook/10.5.10/d089ae206bd7a58edd27e2b4d3689eedc26f6a98c46b1c5d1ba852a9c5dce8b8/sb-vitest/deps/react-router.js?v=d4d01f76:4139:26)
    at RenderErrorBoundary (http://localhost:63315/node_modules/.cache/storybook/10.5.10/d089ae206bd7a58edd27e2b4d3689eedc26f6a98c46b1c5d1ba852a9c5dce8b8/sb-vitest/deps/react-router.js?v=d4d01f76:4073:3)
    at DataRoutes2 (http://localhost:63315/node_modules/.cache/storybook/10.5.10/d089ae206bd7a58edd27e2b4d3689eedc26f6a98c46b1c5d1ba852a9c5dce8b8/sb-vitest/deps/react-router.js?v=d4d01f76:4706:24)
    at Router (http://localhost:63315/node_modules/.cache/storybook/10.5.10/d089ae206bd7a58edd27e2b4d3689eedc26f6a98c46b1c5d1ba852a9c5dce8b8/sb-vitest/deps/react-router.js?v=d4d01f76:4771:29)
    at RouterProvider (http://localhost:63315/node_modules/.cache/storybook/10.5.10/d089ae206bd7a58edd27e2b4d3689eedc26f6a98c46b1c5d1ba852a9c5dce8b8/sb-vitest/deps/react-router.js?v=d4d01f76:4516:27)
    at unboundStoryFn (http://localhost:63315/node_modules/.cache/storybook/10.5.10/d089ae206bd7a58edd27e2b4d3689eedc26f6a98c46b1c5d1ba852a9c5dce8b8/sb-vitest/deps/csf-B8OjfbGV.js?v=1fe95d09:8788:243)
stderr | ClientApp/src/routes/acceptQuote/AcceptQuote.stories.tsx > Payment Details Postpaid
Warning: An update to PaymentDetails inside a test was not wrapped in act(...).

When testing, code that causes React state updates should be wrapped into act(...):

act(() => {
  /* fire events that update state */
});
/* assert on the output */

This ensures that you're testing the behavior the user would see in the browser. Learn more at https://reactjs.org/link/wrap-tests-with-act
    at PaymentDetails (http://localhost:63315/ClientApp/src/routes/acceptQuote/paymentDetails.tsx:21:10)
    at hookified (http://localhost:63315/node_modules/.cache/storybook/10.5.10/d089ae206bd7a58edd27e2b4d3689eedc26f6a98c46b1c5d1ba852a9c5dce8b8/sb-vitest/deps/csf-B8OjfbGV.js?v=1fe95d09:8281:9)
    at form
    at http://localhost:63315/node_modules/.cache/storybook/10.5.10/d089ae206bd7a58edd27e2b4d3689eedc26f6a98c46b1c5d1ba852a9c5dce8b8/sb-vitest/deps/formik.js?v=399fd654:3385:21
    at Formik (http://localhost:63315/node_modules/.cache/storybook/10.5.10/d089ae206bd7a58edd27e2b4d3689eedc26f6a98c46b1c5d1ba852a9c5dce8b8/sb-vitest/deps/formik.js?v=399fd654:3190:18)
    at RenderedRoute (http://localhost:63315/node_modules/.cache/storybook/10.5.10/d089ae206bd7a58edd27e2b4d3689eedc26f6a98c46b1c5d1ba852a9c5dce8b8/sb-vitest/deps/react-router.js?v=d4d01f76:4139:26)
    at RenderErrorBoundary (http://localhost:63315/node_modules/.cache/storybook/10.5.10/d089ae206bd7a58edd27e2b4d3689eedc26f6a98c46b1c5d1ba852a9c5dce8b8/sb-vitest/deps/react-router.js?v=d4d01f76:4073:3)
    at DataRoutes2 (http://localhost:63315/node_modules/.cache/storybook/10.5.10/d089ae206bd7a58edd27e2b4d3689eedc26f6a98c46b1c5d1ba852a9c5dce8b8/sb-vitest/deps/react-router.js?v=d4d01f76:4706:24)
    at Router (http://localhost:63315/node_modules/.cache/storybook/10.5.10/d089ae206bd7a58edd27e2b4d3689eedc26f6a98c46b1c5d1ba852a9c5dce8b8/sb-vitest/deps/react-router.js?v=d4d01f76:4771:29)
    at RouterProvider (http://localhost:63315/node_modules/.cache/storybook/10.5.10/d089ae206bd7a58edd27e2b4d3689eedc26f6a98c46b1c5d1ba852a9c5dce8b8/sb-vitest/deps/react-router.js?v=d4d01f76:4516:27)
    at unboundStoryFn (http://localhost:63315/node_modules/.cache/storybook/10.5.10/d089ae206bd7a58edd27e2b4d3689eedc26f6a98c46b1c5d1ba852a9c5dce8b8/sb-vitest/deps/csf-B8OjfbGV.js?v=1fe95d09:8788:243)
stderr | ClientApp/src/routes/acceptQuote/AcceptQuote.stories.tsx > Delivery And Return Step
Warning: An update to PaymentDetails inside a test was not wrapped in act(...).

When testing, code that causes React state updates should be wrapped into act(...):

act(() => {
  /* fire events that update state */
});
/* assert on the output */

This ensures that you're testing the behavior the user would see in the browser. Learn more at https://reactjs.org/link/wrap-tests-with-act
    at PaymentDetails (http://localhost:63315/ClientApp/src/routes/acceptQuote/paymentDetails.tsx:21:10)
    at hookified (http://localhost:63315/node_modules/.cache/storybook/10.5.10/d089ae206bd7a58edd27e2b4d3689eedc26f6a98c46b1c5d1ba852a9c5dce8b8/sb-vitest/deps/csf-B8OjfbGV.js?v=1fe95d09:8281:9)
    at form
    at http://localhost:63315/node_modules/.cache/storybook/10.5.10/d089ae206bd7a58edd27e2b4d3689eedc26f6a98c46b1c5d1ba852a9c5dce8b8/sb-vitest/deps/formik.js?v=399fd654:3385:21
    at Formik (http://localhost:63315/node_modules/.cache/storybook/10.5.10/d089ae206bd7a58edd27e2b4d3689eedc26f6a98c46b1c5d1ba852a9c5dce8b8/sb-vitest/deps/formik.js?v=399fd654:3190:18)
    at RenderedRoute (http://localhost:63315/node_modules/.cache/storybook/10.5.10/d089ae206bd7a58edd27e2b4d3689eedc26f6a98c46b1c5d1ba852a9c5dce8b8/sb-vitest/deps/react-router.js?v=d4d01f76:4139:26)
    at RenderErrorBoundary (http://localhost:63315/node_modules/.cache/storybook/10.5.10/d089ae206bd7a58edd27e2b4d3689eedc26f6a98c46b1c5d1ba852a9c5dce8b8/sb-vitest/deps/react-router.js?v=d4d01f76:4073:3)
    at DataRoutes2 (http://localhost:63315/node_modules/.cache/storybook/10.5.10/d089ae206bd7a58edd27e2b4d3689eedc26f6a98c46b1c5d1ba852a9c5dce8b8/sb-vitest/deps/react-router.js?v=d4d01f76:4706:24)
    at Router (http://localhost:63315/node_modules/.cache/storybook/10.5.10/d089ae206bd7a58edd27e2b4d3689eedc26f6a98c46b1c5d1ba852a9c5dce8b8/sb-vitest/deps/react-router.js?v=d4d01f76:4771:29)
    at RouterProvider (http://localhost:63315/node_modules/.cache/storybook/10.5.10/d089ae206bd7a58edd27e2b4d3689eedc26f6a98c46b1c5d1ba852a9c5dce8b8/sb-vitest/deps/react-router.js?v=d4d01f76:4516:27)
    at unboundStoryFn (http://localhost:63315/node_modules/.cache/storybook/10.5.10/d089ae206bd7a58edd27e2b4d3689eedc26f6a98c46b1c5d1ba852a9c5dce8b8/sb-vitest/deps/csf-B8OjfbGV.js?v=1fe95d09:8788:243)
stderr | ClientApp/src/routes/acceptQuote/AcceptQuote.stories.tsx > Delivery And Return Step
Warning: An update to PaymentDetails inside a test was not wrapped in act(...).

When testing, code that causes React state updates should be wrapped into act(...):

act(() => {
  /* fire events that update state */
});
/* assert on the output */

This ensures that you're testing the behavior the user would see in the browser. Learn more at https://reactjs.org/link/wrap-tests-with-act
    at PaymentDetails (http://localhost:63315/ClientApp/src/routes/acceptQuote/paymentDetails.tsx:21:10)
    at hookified (http://localhost:63315/node_modules/.cache/storybook/10.5.10/d089ae206bd7a58edd27e2b4d3689eedc26f6a98c46b1c5d1ba852a9c5dce8b8/sb-vitest/deps/csf-B8OjfbGV.js?v=1fe95d09:8281:9)
    at form
    at http://localhost:63315/node_modules/.cache/storybook/10.5.10/d089ae206bd7a58edd27e2b4d3689eedc26f6a98c46b1c5d1ba852a9c5dce8b8/sb-vitest/deps/formik.js?v=399fd654:3385:21
    at Formik (http://localhost:63315/node_modules/.cache/storybook/10.5.10/d089ae206bd7a58edd27e2b4d3689eedc26f6a98c46b1c5d1ba852a9c5dce8b8/sb-vitest/deps/formik.js?v=399fd654:3190:18)
    at RenderedRoute (http://localhost:63315/node_modules/.cache/storybook/10.5.10/d089ae206bd7a58edd27e2b4d3689eedc26f6a98c46b1c5d1ba852a9c5dce8b8/sb-vitest/deps/react-router.js?v=d4d01f76:4139:26)
    at RenderErrorBoundary (http://localhost:63315/node_modules/.cache/storybook/10.5.10/d089ae206bd7a58edd27e2b4d3689eedc26f6a98c46b1c5d1ba852a9c5dce8b8/sb-vitest/deps/react-router.js?v=d4d01f76:4073:3)
    at DataRoutes2 (http://localhost:63315/node_modules/.cache/storybook/10.5.10/d089ae206bd7a58edd27e2b4d3689eedc26f6a98c46b1c5d1ba852a9c5dce8b8/sb-vitest/deps/react-router.js?v=d4d01f76:4706:24)
    at Router (http://localhost:63315/node_modules/.cache/storybook/10.5.10/d089ae206bd7a58edd27e2b4d3689eedc26f6a98c46b1c5d1ba852a9c5dce8b8/sb-vitest/deps/react-router.js?v=d4d01f76:4771:29)
    at RouterProvider (http://localhost:63315/node_modules/.cache/storybook/10.5.10/d089ae206bd7a58edd27e2b4d3689eedc26f6a98c46b1c5d1ba852a9c5dce8b8/sb-vitest/deps/react-router.js?v=d4d01f76:4516:27)
    at unboundStoryFn (http://localhost:63315/node_modules/.cache/storybook/10.5.10/d089ae206bd7a58edd27e2b4d3689eedc26f6a98c46b1c5d1ba852a9c5dce8b8/sb-vitest/deps/csf-B8OjfbGV.js?v=1fe95d09:8788:243)
stderr | ClientApp/src/routes/acceptQuote/AcceptQuote.stories.tsx > Delivery And Return Step
If you do not provide a visible label, you must specify an aria-label or aria-labelledby attribute for accessibility
stderr | ClientApp/src/routes/acceptQuote/AcceptQuote.stories.tsx > Delivery And Return Step
If you do not provide a visible label, you must specify an aria-label or aria-labelledby attribute for accessibility
stderr | ClientApp/src/routes/acceptQuote/AcceptQuote.stories.tsx > Delivery And Return Step
If you do not provide a visible label, you must specify an aria-label or aria-labelledby attribute for accessibility
stderr | ClientApp/src/routes/acceptQuote/AcceptQuote.stories.tsx > Quotation Summary Step
Warning: An update to DeliveryAndReturn inside a test was not wrapped in act(...).

When testing, code that causes React state updates should be wrapped into act(...):

act(() => {
  /* fire events that update state */
});
/* assert on the output */

This ensures that you're testing the behavior the user would see in the browser. Learn more at https://reactjs.org/link/wrap-tests-with-act
    at DeliveryAndReturn (http://localhost:63315/ClientApp/src/routes/acceptQuote/deliveryAndReturn.tsx:29:10)
    at hookified (http://localhost:63315/node_modules/.cache/storybook/10.5.10/d089ae206bd7a58edd27e2b4d3689eedc26f6a98c46b1c5d1ba852a9c5dce8b8/sb-vitest/deps/csf-B8OjfbGV.js?v=1fe95d09:8281:9)
    at form
    at http://localhost:63315/node_modules/.cache/storybook/10.5.10/d089ae206bd7a58edd27e2b4d3689eedc26f6a98c46b1c5d1ba852a9c5dce8b8/sb-vitest/deps/formik.js?v=399fd654:3385:21
    at Formik (http://localhost:63315/node_modules/.cache/storybook/10.5.10/d089ae206bd7a58edd27e2b4d3689eedc26f6a98c46b1c5d1ba852a9c5dce8b8/sb-vitest/deps/formik.js?v=399fd654:3190:18)
    at RenderedRoute (http://localhost:63315/node_modules/.cache/storybook/10.5.10/d089ae206bd7a58edd27e2b4d3689eedc26f6a98c46b1c5d1ba852a9c5dce8b8/sb-vitest/deps/react-router.js?v=d4d01f76:4139:26)
    at RenderErrorBoundary (http://localhost:63315/node_modules/.cache/storybook/10.5.10/d089ae206bd7a58edd27e2b4d3689eedc26f6a98c46b1c5d1ba852a9c5dce8b8/sb-vitest/deps/react-router.js?v=d4d01f76:4073:3)
    at DataRoutes2 (http://localhost:63315/node_modules/.cache/storybook/10.5.10/d089ae206bd7a58edd27e2b4d3689eedc26f6a98c46b1c5d1ba852a9c5dce8b8/sb-vitest/deps/react-router.js?v=d4d01f76:4706:24)
    at Router (http://localhost:63315/node_modules/.cache/storybook/10.5.10/d089ae206bd7a58edd27e2b4d3689eedc26f6a98c46b1c5d1ba852a9c5dce8b8/sb-vitest/deps/react-router.js?v=d4d01f76:4771:29)
    at RouterProvider (http://localhost:63315/node_modules/.cache/storybook/10.5.10/d089ae206bd7a58edd27e2b4d3689eedc26f6a98c46b1c5d1ba852a9c5dce8b8/sb-vitest/deps/react-router.js?v=d4d01f76:4516:27)
    at unboundStoryFn (http://localhost:63315/node_modules/.cache/storybook/10.5.10/d089ae206bd7a58edd27e2b4d3689eedc26f6a98c46b1c5d1ba852a9c5dce8b8/sb-vitest/deps/csf-B8OjfbGV.js?v=1fe95d09:8788:243)
stderr | ClientApp/src/routes/acceptQuote/AcceptQuote.stories.tsx > Quotation Summary Step
Warning: An update to DeliveryAndReturn inside a test was not wrapped in act(...).

When testing, code that causes React state updates should be wrapped into act(...):

act(() => {
  /* fire events that update state */
});
/* assert on the output */

This ensures that you're testing the behavior the user would see in the browser. Learn more at https://reactjs.org/link/wrap-tests-with-act
    at DeliveryAndReturn (http://localhost:63315/ClientApp/src/routes/acceptQuote/deliveryAndReturn.tsx:29:10)
    at hookified (http://localhost:63315/node_modules/.cache/storybook/10.5.10/d089ae206bd7a58edd27e2b4d3689eedc26f6a98c46b1c5d1ba852a9c5dce8b8/sb-vitest/deps/csf-B8OjfbGV.js?v=1fe95d09:8281:9)
    at form
    at http://localhost:63315/node_modules/.cache/storybook/10.5.10/d089ae206bd7a58edd27e2b4d3689eedc26f6a98c46b1c5d1ba852a9c5dce8b8/sb-vitest/deps/formik.js?v=399fd654:3385:21
    at Formik (http://localhost:63315/node_modules/.cache/storybook/10.5.10/d089ae206bd7a58edd27e2b4d3689eedc26f6a98c46b1c5d1ba852a9c5dce8b8/sb-vitest/deps/formik.js?v=399fd654:3190:18)
    at RenderedRoute (http://localhost:63315/node_modules/.cache/storybook/10.5.10/d089ae206bd7a58edd27e2b4d3689eedc26f6a98c46b1c5d1ba852a9c5dce8b8/sb-vitest/deps/react-router.js?v=d4d01f76:4139:26)
    at RenderErrorBoundary (http://localhost:63315/node_modules/.cache/storybook/10.5.10/d089ae206bd7a58edd27e2b4d3689eedc26f6a98c46b1c5d1ba852a9c5dce8b8/sb-vitest/deps/react-router.js?v=d4d01f76:4073:3)
    at DataRoutes2 (http://localhost:63315/node_modules/.cache/storybook/10.5.10/d089ae206bd7a58edd27e2b4d3689eedc26f6a98c46b1c5d1ba852a9c5dce8b8/sb-vitest/deps/react-router.js?v=d4d01f76:4706:24)
    at Router (http://localhost:63315/node_modules/.cache/storybook/10.5.10/d089ae206bd7a58edd27e2b4d3689eedc26f6a98c46b1c5d1ba852a9c5dce8b8/sb-vitest/deps/react-router.js?v=d4d01f76:4771:29)
    at RouterProvider (http://localhost:63315/node_modules/.cache/storybook/10.5.10/d089ae206bd7a58edd27e2b4d3689eedc26f6a98c46b1c5d1ba852a9c5dce8b8/sb-vitest/deps/react-router.js?v=d4d01f76:4516:27)
    at unboundStoryFn (http://localhost:63315/node_modules/.cache/storybook/10.5.10/d089ae206bd7a58edd27e2b4d3689eedc26f6a98c46b1c5d1ba852a9c5dce8b8/sb-vitest/deps/csf-B8OjfbGV.js?v=1fe95d09:8788:243)
stderr | ClientApp/src/routes/acceptQuote/AcceptQuote.stories.tsx > Quotation Summary Step
Warning: An update to DeliveryAndReturn inside a test was not wrapped in act(...).

When testing, code that causes React state updates should be wrapped into act(...):

act(() => {
  /* fire events that update state */
});
/* assert on the output */

This ensures that you're testing the behavior the user would see in the browser. Learn more at https://reactjs.org/link/wrap-tests-with-act
    at DeliveryAndReturn (http://localhost:63315/ClientApp/src/routes/acceptQuote/deliveryAndReturn.tsx:29:10)
    at hookified (http://localhost:63315/node_modules/.cache/storybook/10.5.10/d089ae206bd7a58edd27e2b4d3689eedc26f6a98c46b1c5d1ba852a9c5dce8b8/sb-vitest/deps/csf-B8OjfbGV.js?v=1fe95d09:8281:9)
    at form
    at http://localhost:63315/node_modules/.cache/storybook/10.5.10/d089ae206bd7a58edd27e2b4d3689eedc26f6a98c46b1c5d1ba852a9c5dce8b8/sb-vitest/deps/formik.js?v=399fd654:3385:21
    at Formik (http://localhost:63315/node_modules/.cache/storybook/10.5.10/d089ae206bd7a58edd27e2b4d3689eedc26f6a98c46b1c5d1ba852a9c5dce8b8/sb-vitest/deps/formik.js?v=399fd654:3190:18)
    at RenderedRoute (http://localhost:63315/node_modules/.cache/storybook/10.5.10/d089ae206bd7a58edd27e2b4d3689eedc26f6a98c46b1c5d1ba852a9c5dce8b8/sb-vitest/deps/react-router.js?v=d4d01f76:4139:26)
    at RenderErrorBoundary (http://localhost:63315/node_modules/.cache/storybook/10.5.10/d089ae206bd7a58edd27e2b4d3689eedc26f6a98c46b1c5d1ba852a9c5dce8b8/sb-vitest/deps/react-router.js?v=d4d01f76:4073:3)
    at DataRoutes2 (http://localhost:63315/node_modules/.cache/storybook/10.5.10/d089ae206bd7a58edd27e2b4d3689eedc26f6a98c46b1c5d1ba852a9c5dce8b8/sb-vitest/deps/react-router.js?v=d4d01f76:4706:24)
    at Router (http://localhost:63315/node_modules/.cache/storybook/10.5.10/d089ae206bd7a58edd27e2b4d3689eedc26f6a98c46b1c5d1ba852a9c5dce8b8/sb-vitest/deps/react-router.js?v=d4d01f76:4771:29)
    at RouterProvider (http://localhost:63315/node_modules/.cache/storybook/10.5.10/d089ae206bd7a58edd27e2b4d3689eedc26f6a98c46b1c5d1ba852a9c5dce8b8/sb-vitest/deps/react-router.js?v=d4d01f76:4516:27)
    at unboundStoryFn (http://localhost:63315/node_modules/.cache/storybook/10.5.10/d089ae206bd7a58edd27e2b4d3689eedc26f6a98c46b1c5d1ba852a9c5dce8b8/sb-vitest/deps/csf-B8OjfbGV.js?v=1fe95d09:8788:243)
stderr | ClientApp/src/routes/acceptQuote/AcceptQuote.stories.tsx > Quotation Summary Step
Warning: An update to DeliveryAndReturn inside a test was not wrapped in act(...).

When testing, code that causes React state updates should be wrapped into act(...):

act(() => {
  /* fire events that update state */
});
/* assert on the output */

This ensures that you're testing the behavior the user would see in the browser. Learn more at https://reactjs.org/link/wrap-tests-with-act
    at DeliveryAndReturn (http://localhost:63315/ClientApp/src/routes/acceptQuote/deliveryAndReturn.tsx:29:10)
    at hookified (http://localhost:63315/node_modules/.cache/storybook/10.5.10/d089ae206bd7a58edd27e2b4d3689eedc26f6a98c46b1c5d1ba852a9c5dce8b8/sb-vitest/deps/csf-B8OjfbGV.js?v=1fe95d09:8281:9)
    at form
    at http://localhost:63315/node_modules/.cache/storybook/10.5.10/d089ae206bd7a58edd27e2b4d3689eedc26f6a98c46b1c5d1ba852a9c5dce8b8/sb-vitest/deps/formik.js?v=399fd654:3385:21
    at Formik (http://localhost:63315/node_modules/.cache/storybook/10.5.10/d089ae206bd7a58edd27e2b4d3689eedc26f6a98c46b1c5d1ba852a9c5dce8b8/sb-vitest/deps/formik.js?v=399fd654:3190:18)
    at RenderedRoute (http://localhost:63315/node_modules/.cache/storybook/10.5.10/d089ae206bd7a58edd27e2b4d3689eedc26f6a98c46b1c5d1ba852a9c5dce8b8/sb-vitest/deps/react-router.js?v=d4d01f76:4139:26)
    at RenderErrorBoundary (http://localhost:63315/node_modules/.cache/storybook/10.5.10/d089ae206bd7a58edd27e2b4d3689eedc26f6a98c46b1c5d1ba852a9c5dce8b8/sb-vitest/deps/react-router.js?v=d4d01f76:4073:3)
    at DataRoutes2 (http://localhost:63315/node_modules/.cache/storybook/10.5.10/d089ae206bd7a58edd27e2b4d3689eedc26f6a98c46b1c5d1ba852a9c5dce8b8/sb-vitest/deps/react-router.js?v=d4d01f76:4706:24)
    at Router (http://localhost:63315/node_modules/.cache/storybook/10.5.10/d089ae206bd7a58edd27e2b4d3689eedc26f6a98c46b1c5d1ba852a9c5dce8b8/sb-vitest/deps/react-router.js?v=d4d01f76:4771:29)
    at RouterProvider (http://localhost:63315/node_modules/.cache/storybook/10.5.10/d089ae206bd7a58edd27e2b4d3689eedc26f6a98c46b1c5d1ba852a9c5dce8b8/sb-vitest/deps/react-router.js?v=d4d01f76:4516:27)
    at unboundStoryFn (http://localhost:63315/node_modules/.cache/storybook/10.5.10/d089ae206bd7a58edd27e2b4d3689eedc26f6a98c46b1c5d1ba852a9c5dce8b8/sb-vitest/deps/csf-B8OjfbGV.js?v=1fe95d09:8788:243)
stderr | ClientApp/src/routes/acceptQuote/AcceptQuote.stories.tsx > Quotation Summary Step
Warning: An update to DeliveryAndReturn inside a test was not wrapped in act(...).

When testing, code that causes React state updates should be wrapped into act(...):

act(() => {
  /* fire events that update state */
});
/* assert on the output */

This ensures that you're testing the behavior the user would see in the browser. Learn more at https://reactjs.org/link/wrap-tests-with-act
    at DeliveryAndReturn (http://localhost:63315/ClientApp/src/routes/acceptQuote/deliveryAndReturn.tsx:29:10)
    at hookified (http://localhost:63315/node_modules/.cache/storybook/10.5.10/d089ae206bd7a58edd27e2b4d3689eedc26f6a98c46b1c5d1ba852a9c5dce8b8/sb-vitest/deps/csf-B8OjfbGV.js?v=1fe95d09:8281:9)
    at form
    at http://localhost:63315/node_modules/.cache/storybook/10.5.10/d089ae206bd7a58edd27e2b4d3689eedc26f6a98c46b1c5d1ba852a9c5dce8b8/sb-vitest/deps/formik.js?v=399fd654:3385:21
    at Formik (http://localhost:63315/node_modules/.cache/storybook/10.5.10/d089ae206bd7a58edd27e2b4d3689eedc26f6a98c46b1c5d1ba852a9c5dce8b8/sb-vitest/deps/formik.js?v=399fd654:3190:18)
    at RenderedRoute (http://localhost:63315/node_modules/.cache/storybook/10.5.10/d089ae206bd7a58edd27e2b4d3689eedc26f6a98c46b1c5d1ba852a9c5dce8b8/sb-vitest/deps/react-router.js?v=d4d01f76:4139:26)
    at RenderErrorBoundary (http://localhost:63315/node_modules/.cache/storybook/10.5.10/d089ae206bd7a58edd27e2b4d3689eedc26f6a98c46b1c5d1ba852a9c5dce8b8/sb-vitest/deps/react-router.js?v=d4d01f76:4073:3)
    at DataRoutes2 (http://localhost:63315/node_modules/.cache/storybook/10.5.10/d089ae206bd7a58edd27e2b4d3689eedc26f6a98c46b1c5d1ba852a9c5dce8b8/sb-vitest/deps/react-router.js?v=d4d01f76:4706:24)
    at Router (http://localhost:63315/node_modules/.cache/storybook/10.5.10/d089ae206bd7a58edd27e2b4d3689eedc26f6a98c46b1c5d1ba852a9c5dce8b8/sb-vitest/deps/react-router.js?v=d4d01f76:4771:29)
    at RouterProvider (http://localhost:63315/node_modules/.cache/storybook/10.5.10/d089ae206bd7a58edd27e2b4d3689eedc26f6a98c46b1c5d1ba852a9c5dce8b8/sb-vitest/deps/react-router.js?v=d4d01f76:4516:27)
    at unboundStoryFn (http://localhost:63315/node_modules/.cache/storybook/10.5.10/d089ae206bd7a58edd27e2b4d3689eedc26f6a98c46b1c5d1ba852a9c5dce8b8/sb-vitest/deps/csf-B8OjfbGV.js?v=1fe95d09:8788:243)
stderr | ClientApp/src/routes/acceptQuote/AcceptQuote.stories.tsx > Quotation Summary Step
If you do not provide a visible label, you must specify an aria-label or aria-labelledby attribute for accessibility
stderr | ClientApp/src/routes/acceptQuote/AcceptQuote.stories.tsx > Summary And Accept Step
Warning: An update to QuotationSummary inside a test was not wrapped in act(...).

When testing, code that causes React state updates should be wrapped into act(...):

act(() => {
  /* fire events that update state */
});
/* assert on the output */

This ensures that you're testing the behavior the user would see in the browser. Learn more at https://reactjs.org/link/wrap-tests-with-act
    at QuotationSummary (http://localhost:63315/ClientApp/src/routes/acceptQuote/quotationSummary.tsx:17:10)
    at hookified (http://localhost:63315/node_modules/.cache/storybook/10.5.10/d089ae206bd7a58edd27e2b4d3689eedc26f6a98c46b1c5d1ba852a9c5dce8b8/sb-vitest/deps/csf-B8OjfbGV.js?v=1fe95d09:8281:9)
    at form
    at http://localhost:63315/node_modules/.cache/storybook/10.5.10/d089ae206bd7a58edd27e2b4d3689eedc26f6a98c46b1c5d1ba852a9c5dce8b8/sb-vitest/deps/formik.js?v=399fd654:3385:21
    at Formik (http://localhost:63315/node_modules/.cache/storybook/10.5.10/d089ae206bd7a58edd27e2b4d3689eedc26f6a98c46b1c5d1ba852a9c5dce8b8/sb-vitest/deps/formik.js?v=399fd654:3190:18)
    at RenderedRoute (http://localhost:63315/node_modules/.cache/storybook/10.5.10/d089ae206bd7a58edd27e2b4d3689eedc26f6a98c46b1c5d1ba852a9c5dce8b8/sb-vitest/deps/react-router.js?v=d4d01f76:4139:26)
    at RenderErrorBoundary (http://localhost:63315/node_modules/.cache/storybook/10.5.10/d089ae206bd7a58edd27e2b4d3689eedc26f6a98c46b1c5d1ba852a9c5dce8b8/sb-vitest/deps/react-router.js?v=d4d01f76:4073:3)
    at DataRoutes2 (http://localhost:63315/node_modules/.cache/storybook/10.5.10/d089ae206bd7a58edd27e2b4d3689eedc26f6a98c46b1c5d1ba852a9c5dce8b8/sb-vitest/deps/react-router.js?v=d4d01f76:4706:24)
    at Router (http://localhost:63315/node_modules/.cache/storybook/10.5.10/d089ae206bd7a58edd27e2b4d3689eedc26f6a98c46b1c5d1ba852a9c5dce8b8/sb-vitest/deps/react-router.js?v=d4d01f76:4771:29)
    at RouterProvider (http://localhost:63315/node_modules/.cache/storybook/10.5.10/d089ae206bd7a58edd27e2b4d3689eedc26f6a98c46b1c5d1ba852a9c5dce8b8/sb-vitest/deps/react-router.js?v=d4d01f76:4516:27)
    at unboundStoryFn (http://localhost:63315/node_modules/.cache/storybook/10.5.10/d089ae206bd7a58edd27e2b4d3689eedc26f6a98c46b1c5d1ba852a9c5dce8b8/sb-vitest/deps/csf-B8OjfbGV.js?v=1fe95d09:8788:243)
stderr | ClientApp/src/routes/acceptQuote/AcceptQuote.stories.tsx > Summary And Accept Step
Warning: An update to QuotationSummary inside a test was not wrapped in act(...).

When testing, code that causes React state updates should be wrapped into act(...):

act(() => {
  /* fire events that update state */
});
/* assert on the output */

This ensures that you're testing the behavior the user would see in the browser. Learn more at https://reactjs.org/link/wrap-tests-with-act
    at QuotationSummary (http://localhost:63315/ClientApp/src/routes/acceptQuote/quotationSummary.tsx:17:10)
    at hookified (http://localhost:63315/node_modules/.cache/storybook/10.5.10/d089ae206bd7a58edd27e2b4d3689eedc26f6a98c46b1c5d1ba852a9c5dce8b8/sb-vitest/deps/csf-B8OjfbGV.js?v=1fe95d09:8281:9)
    at form
    at http://localhost:63315/node_modules/.cache/storybook/10.5.10/d089ae206bd7a58edd27e2b4d3689eedc26f6a98c46b1c5d1ba852a9c5dce8b8/sb-vitest/deps/formik.js?v=399fd654:3385:21
    at Formik (http://localhost:63315/node_modules/.cache/storybook/10.5.10/d089ae206bd7a58edd27e2b4d3689eedc26f6a98c46b1c5d1ba852a9c5dce8b8/sb-vitest/deps/formik.js?v=399fd654:3190:18)
    at RenderedRoute (http://localhost:63315/node_modules/.cache/storybook/10.5.10/d089ae206bd7a58edd27e2b4d3689eedc26f6a98c46b1c5d1ba852a9c5dce8b8/sb-vitest/deps/react-router.js?v=d4d01f76:4139:26)
    at RenderErrorBoundary (http://localhost:63315/node_modules/.cache/storybook/10.5.10/d089ae206bd7a58edd27e2b4d3689eedc26f6a98c46b1c5d1ba852a9c5dce8b8/sb-vitest/deps/react-router.js?v=d4d01f76:4073:3)
    at DataRoutes2 (http://localhost:63315/node_modules/.cache/storybook/10.5.10/d089ae206bd7a58edd27e2b4d3689eedc26f6a98c46b1c5d1ba852a9c5dce8b8/sb-vitest/deps/react-router.js?v=d4d01f76:4706:24)
    at Router (http://localhost:63315/node_modules/.cache/storybook/10.5.10/d089ae206bd7a58edd27e2b4d3689eedc26f6a98c46b1c5d1ba852a9c5dce8b8/sb-vitest/deps/react-router.js?v=d4d01f76:4771:29)
    at RouterProvider (http://localhost:63315/node_modules/.cache/storybook/10.5.10/d089ae206bd7a58edd27e2b4d3689eedc26f6a98c46b1c5d1ba852a9c5dce8b8/sb-vitest/deps/react-router.js?v=d4d01f76:4516:27)
    at unboundStoryFn (http://localhost:63315/node_modules/.cache/storybook/10.5.10/d089ae206bd7a58edd27e2b4d3689eedc26f6a98c46b1c5d1ba852a9c5dce8b8/sb-vitest/deps/csf-B8OjfbGV.js?v=1fe95d09:8788:243)
stderr | ClientApp/src/routes/acceptQuote/AcceptQuote.stories.tsx > Summary And Accept Step
Warning: An update to ViewPdfQuote inside a test was not wrapped in act(...).

When testing, code that causes React state updates should be wrapped into act(...):

act(() => {
  /* fire events that update state */
});
/* assert on the output */

This ensures that you're testing the behavior the user would see in the browser. Learn more at https://reactjs.org/link/wrap-tests-with-act
    at ViewPdfQuote (http://localhost:63315/ClientApp/src/components/Utilities/ViewPdfQuote.tsx:15:10)
    at div
    at div
    at http://localhost:63315/node_modules/.cache/storybook/10.5.10/d089ae206bd7a58edd27e2b4d3689eedc26f6a98c46b1c5d1ba852a9c5dce8b8/sb-vitest/deps/react-bootstrap_Col.js?v=6228f19a:39:83
    at div
    at http://localhost:63315/node_modules/.cache/storybook/10.5.10/d089ae206bd7a58edd27e2b4d3689eedc26f6a98c46b1c5d1ba852a9c5dce8b8/sb-vitest/deps/react-bootstrap_Row.js?v=88f5539d:10:52
    at QuotationSummary (http://localhost:63315/ClientApp/src/routes/acceptQuote/quotationSummary.tsx:17:10)
    at hookified (http://localhost:63315/node_modules/.cache/storybook/10.5.10/d089ae206bd7a58edd27e2b4d3689eedc26f6a98c46b1c5d1ba852a9c5dce8b8/sb-vitest/deps/csf-B8OjfbGV.js?v=1fe95d09:8281:9)
    at form
    at http://localhost:63315/node_modules/.cache/storybook/10.5.10/d089ae206bd7a58edd27e2b4d3689eedc26f6a98c46b1c5d1ba852a9c5dce8b8/sb-vitest/deps/formik.js?v=399fd654:3385:21
    at Formik (http://localhost:63315/node_modules/.cache/storybook/10.5.10/d089ae206bd7a58edd27e2b4d3689eedc26f6a98c46b1c5d1ba852a9c5dce8b8/sb-vitest/deps/formik.js?v=399fd654:3190:18)
    at RenderedRoute (http://localhost:63315/node_modules/.cache/storybook/10.5.10/d089ae206bd7a58edd27e2b4d3689eedc26f6a98c46b1c5d1ba852a9c5dce8b8/sb-vitest/deps/react-router.js?v=d4d01f76:4139:26)
    at RenderErrorBoundary (http://localhost:63315/node_modules/.cache/storybook/10.5.10/d089ae206bd7a58edd27e2b4d3689eedc26f6a98c46b1c5d1ba852a9c5dce8b8/sb-vitest/deps/react-router.js?v=d4d01f76:4073:3)
    at DataRoutes2 (http://localhost:63315/node_modules/.cache/storybook/10.5.10/d089ae206bd7a58edd27e2b4d3689eedc26f6a98c46b1c5d1ba852a9c5dce8b8/sb-vitest/deps/react-router.js?v=d4d01f76:4706:24)
    at Router (http://localhost:63315/node_modules/.cache/storybook/10.5.10/d089ae206bd7a58edd27e2b4d3689eedc26f6a98c46b1c5d1ba852a9c5dce8b8/sb-vitest/deps/react-router.js?v=d4d01f76:4771:29)
    at RouterProvider (http://localhost:63315/node_modules/.cache/storybook/10.5.10/d089ae206bd7a58edd27e2b4d3689eedc26f6a98c46b1c5d1ba852a9c5dce8b8/sb-vitest/deps/react-router.js?v=d4d01f76:4516:27)
    at unboundStoryFn (http://localhost:63315/node_modules/.cache/storybook/10.5.10/d089ae206bd7a58edd27e2b4d3689eedc26f6a98c46b1c5d1ba852a9c5dce8b8/sb-vitest/deps/csf-B8OjfbGV.js?v=1fe95d09:8788:243)
stderr | ClientApp/src/routes/acceptQuote/AcceptQuote.stories.tsx > Summary And Accept Step
Warning: An update to ViewPdfQuote inside a test was not wrapped in act(...).

When testing, code that causes React state updates should be wrapped into act(...):

act(() => {
  /* fire events that update state */
});
/* assert on the output */

This ensures that you're testing the behavior the user would see in the browser. Learn more at https://reactjs.org/link/wrap-tests-with-act
    at ViewPdfQuote (http://localhost:63315/ClientApp/src/components/Utilities/ViewPdfQuote.tsx:15:10)
    at div
    at div
    at http://localhost:63315/node_modules/.cache/storybook/10.5.10/d089ae206bd7a58edd27e2b4d3689eedc26f6a98c46b1c5d1ba852a9c5dce8b8/sb-vitest/deps/react-bootstrap_Col.js?v=6228f19a:39:83
    at div
    at http://localhost:63315/node_modules/.cache/storybook/10.5.10/d089ae206bd7a58edd27e2b4d3689eedc26f6a98c46b1c5d1ba852a9c5dce8b8/sb-vitest/deps/react-bootstrap_Row.js?v=88f5539d:10:52
    at QuotationSummary (http://localhost:63315/ClientApp/src/routes/acceptQuote/quotationSummary.tsx:17:10)
    at hookified (http://localhost:63315/node_modules/.cache/storybook/10.5.10/d089ae206bd7a58edd27e2b4d3689eedc26f6a98c46b1c5d1ba852a9c5dce8b8/sb-vitest/deps/csf-B8OjfbGV.js?v=1fe95d09:8281:9)
    at form
    at http://localhost:63315/node_modules/.cache/storybook/10.5.10/d089ae206bd7a58edd27e2b4d3689eedc26f6a98c46b1c5d1ba852a9c5dce8b8/sb-vitest/deps/formik.js?v=399fd654:3385:21
    at Formik (http://localhost:63315/node_modules/.cache/storybook/10.5.10/d089ae206bd7a58edd27e2b4d3689eedc26f6a98c46b1c5d1ba852a9c5dce8b8/sb-vitest/deps/formik.js?v=399fd654:3190:18)
    at RenderedRoute (http://localhost:63315/node_modules/.cache/storybook/10.5.10/d089ae206bd7a58edd27e2b4d3689eedc26f6a98c46b1c5d1ba852a9c5dce8b8/sb-vitest/deps/react-router.js?v=d4d01f76:4139:26)
    at RenderErrorBoundary (http://localhost:63315/node_modules/.cache/storybook/10.5.10/d089ae206bd7a58edd27e2b4d3689eedc26f6a98c46b1c5d1ba852a9c5dce8b8/sb-vitest/deps/react-router.js?v=d4d01f76:4073:3)
    at DataRoutes2 (http://localhost:63315/node_modules/.cache/storybook/10.5.10/d089ae206bd7a58edd27e2b4d3689eedc26f6a98c46b1c5d1ba852a9c5dce8b8/sb-vitest/deps/react-router.js?v=d4d01f76:4706:24)
    at Router (http://localhost:63315/node_modules/.cache/storybook/10.5.10/d089ae206bd7a58edd27e2b4d3689eedc26f6a98c46b1c5d1ba852a9c5dce8b8/sb-vitest/deps/react-router.js?v=d4d01f76:4771:29)
    at RouterProvider (http://localhost:63315/node_modules/.cache/storybook/10.5.10/d089ae206bd7a58edd27e2b4d3689eedc26f6a98c46b1c5d1ba852a9c5dce8b8/sb-vitest/deps/react-router.js?v=d4d01f76:4516:27)
    at unboundStoryFn (http://localhost:63315/node_modules/.cache/storybook/10.5.10/d089ae206bd7a58edd27e2b4d3689eedc26f6a98c46b1c5d1ba852a9c5dce8b8/sb-vitest/deps/csf-B8OjfbGV.js?v=1fe95d09:8788:243)
stderr | ClientApp/src/routes/acceptQuote/AcceptQuote.stories.tsx > Summary And Accept Step
Warning: An update to QuotationSummary inside a test was not wrapped in act(...).

When testing, code that causes React state updates should be wrapped into act(...):

act(() => {
  /* fire events that update state */
});
/* assert on the output */

This ensures that you're testing the behavior the user would see in the browser. Learn more at https://reactjs.org/link/wrap-tests-with-act
    at QuotationSummary (http://localhost:63315/ClientApp/src/routes/acceptQuote/quotationSummary.tsx:17:10)
    at hookified (http://localhost:63315/node_modules/.cache/storybook/10.5.10/d089ae206bd7a58edd27e2b4d3689eedc26f6a98c46b1c5d1ba852a9c5dce8b8/sb-vitest/deps/csf-B8OjfbGV.js?v=1fe95d09:8281:9)
    at form
    at http://localhost:63315/node_modules/.cache/storybook/10.5.10/d089ae206bd7a58edd27e2b4d3689eedc26f6a98c46b1c5d1ba852a9c5dce8b8/sb-vitest/deps/formik.js?v=399fd654:3385:21
    at Formik (http://localhost:63315/node_modules/.cache/storybook/10.5.10/d089ae206bd7a58edd27e2b4d3689eedc26f6a98c46b1c5d1ba852a9c5dce8b8/sb-vitest/deps/formik.js?v=399fd654:3190:18)
    at RenderedRoute (http://localhost:63315/node_modules/.cache/storybook/10.5.10/d089ae206bd7a58edd27e2b4d3689eedc26f6a98c46b1c5d1ba852a9c5dce8b8/sb-vitest/deps/react-router.js?v=d4d01f76:4139:26)
    at RenderErrorBoundary (http://localhost:63315/node_modules/.cache/storybook/10.5.10/d089ae206bd7a58edd27e2b4d3689eedc26f6a98c46b1c5d1ba852a9c5dce8b8/sb-vitest/deps/react-router.js?v=d4d01f76:4073:3)
    at DataRoutes2 (http://localhost:63315/node_modules/.cache/storybook/10.5.10/d089ae206bd7a58edd27e2b4d3689eedc26f6a98c46b1c5d1ba852a9c5dce8b8/sb-vitest/deps/react-router.js?v=d4d01f76:4706:24)
    at Router (http://localhost:63315/node_modules/.cache/storybook/10.5.10/d089ae206bd7a58edd27e2b4d3689eedc26f6a98c46b1c5d1ba852a9c5dce8b8/sb-vitest/deps/react-router.js?v=d4d01f76:4771:29)
    at RouterProvider (http://localhost:63315/node_modules/.cache/storybook/10.5.10/d089ae206bd7a58edd27e2b4d3689eedc26f6a98c46b1c5d1ba852a9c5dce8b8/sb-vitest/deps/react-router.js?v=d4d01f76:4516:27)
    at unboundStoryFn (http://localhost:63315/node_modules/.cache/storybook/10.5.10/d089ae206bd7a58edd27e2b4d3689eedc26f6a98c46b1c5d1ba852a9c5dce8b8/sb-vitest/deps/csf-B8OjfbGV.js?v=1fe95d09:8788:243)
8:22:21 pm [vite] [31m[2m(client)[22m[39m [2m[console.error] [22mWarning: An update to ReportRecipient inside a test was not wrapped in act(...).

When testing, code that causes React state updates should be wrapped into act(...):

act(() => {
  /* fire events that update state */
});
/* assert on the output */

This ensures that you're testing the behavior the user would see in the browser. Learn more at https://reactjs.org/link/wrap-tests-with-act
    at ReportRecipient (http://localhost:63315/ClientApp/src/routes/acceptQuote/reportRecipient.tsx:23:10)
    at hookified (http://localhost:63315/node_modules/.cache/storybook/10.5.10/d089ae206bd7a58edd27e2b4d3689eedc26f6a98c46b1c5d1ba852a9c5dce8b8/sb-vitest/deps/csf-B8OjfbGV.js?v=1fe95d09:8281:9)
    at form
    at http://localhost:63315/node_modules/.cache/storybook/10.5.10/d089ae206bd7a58edd27e2b4d3689eedc26f6a98c46b1c5d1ba852a9c5dce8b8/sb-vitest/deps/formik.js?v=399fd654:3385:21
    at Formik (http://localhost:63315/node_modules/.cache/storybook/10.5.10/d089ae206bd7a58edd27e2b4d3689eedc26f6a98c46b1c5d1ba852a9c5dce8b8/sb-vitest/deps/formik.js?v=399fd654:3190:18)
    at RenderedRoute (http://localhost:63315/node_modules/.cache/storybook/10.5.10/d089ae206bd7a58edd27e2b4d3689eedc26f6a98c46b1c5d1ba852a9c5dce8b8/sb-vitest/deps/react-router.js?v=d4d01f76:4139:26)
    at RenderErrorBoundary (http://localhost:63315/node_modules/.cache/storybook/10.5.10/d089ae206bd7a58edd27e2b4d3689eedc26f6a98c46b1c5d1ba852a9c5dce8b8/sb-vitest/deps/react-router.js?v=d4d01f76:4073:3)
    at DataRoutes2 (http://localhost:63315/node_modules/.cache/storybook/10.5.10/d089ae206bd7a58edd27e2b4d3689eedc26f6a98c46b1c5d1ba852a9c5dce8b8/sb-vitest/deps/react-router.js?v=d4d01f76:4706:24)
    at Router (http://localhost:63315/node_modules/.cache/storybook/10.5.10/d089ae206bd7a58edd27e2b4d3689eedc26f6a98c46b1c5d1ba852a9c5dce8b8/sb-vitest/deps/react-router.js?v=d4d01f76:4771:29)
    at RouterProvider (http://localhost:63315/node_modules/.cache/storybook/10.5.10/d089ae206bd7a58edd27e2b4d3689eedc26f6a98c46b1c5d1ba852a9c5dce8b8/sb-vitest/deps/react-router.js?v=d4d01f76:4516:27)
    at unboundStoryFn (http://localhost:63315/node_modules/.cache/storybook/10.5.10/d089ae206bd7a58edd27e2b4d3689eedc26f6a98c46b1c5d1ba852a9c5dce8b8/sb-vitest/deps/csf-B8OjfbGV.js?v=1fe95d09:8788:243)
8:22:21 pm [vite] [31m[2m(client)[22m[39m [2m[console.error] [22mWarning: An update to ReportRecipient inside a test was not wrapped in act(...).

When testing, code that causes React state updates should be wrapped into act(...):

act(() => {
  /* fire events that update state */
});
/* assert on the output */

This ensures that you're testing the behavior the user would see in the browser. Learn more at https://reactjs.org/link/wrap-tests-with-act
    at ReportRecipient (http://localhost:63315/ClientApp/src/routes/acceptQuote/reportRecipient.tsx:23:10)
    at hookified (http://localhost:63315/node_modules/.cache/storybook/10.5.10/d089ae206bd7a58edd27e2b4d3689eedc26f6a98c46b1c5d1ba852a9c5dce8b8/sb-vitest/deps/csf-B8OjfbGV.js?v=1fe95d09:8281:9)
    at form
    at http://localhost:63315/node_modules/.cache/storybook/10.5.10/d089ae206bd7a58edd27e2b4d3689eedc26f6a98c46b1c5d1ba852a9c5dce8b8/sb-vitest/deps/formik.js?v=399fd654:3385:21
    at Formik (http://localhost:63315/node_modules/.cache/storybook/10.5.10/d089ae206bd7a58edd27e2b4d3689eedc26f6a98c46b1c5d1ba852a9c5dce8b8/sb-vitest/deps/formik.js?v=399fd654:3190:18)
    at RenderedRoute (http://localhost:63315/node_modules/.cache/storybook/10.5.10/d089ae206bd7a58edd27e2b4d3689eedc26f6a98c46b1c5d1ba852a9c5dce8b8/sb-vitest/deps/react-router.js?v=d4d01f76:4139:26)
    at RenderErrorBoundary (http://localhost:63315/node_modules/.cache/storybook/10.5.10/d089ae206bd7a58edd27e2b4d3689eedc26f6a98c46b1c5d1ba852a9c5dce8b8/sb-vitest/deps/react-router.js?v=d4d01f76:4073:3)
    at DataRoutes2 (http://localhost:63315/node_modules/.cache/storybook/10.5.10/d089ae206bd7a58edd27e2b4d3689eedc26f6a98c46b1c5d1ba852a9c5dce8b8/sb-vitest/deps/react-router.js?v=d4d01f76:4706:24)
    at Router (http://localhost:63315/node_modules/.cache/storybook/10.5.10/d089ae206bd7a58edd27e2b4d3689eedc26f6a98c46b1c5d1ba852a9c5dce8b8/sb-vitest/deps/react-router.js?v=d4d01f76:4771:29)
    at RouterProvider (http://localhost:63315/node_modules/.cache/storybook/10.5.10/d089ae206bd7a58edd27e2b4d3689eedc26f6a98c46b1c5d1ba852a9c5dce8b8/sb-vitest/deps/react-router.js?v=d4d01f76:4516:27)
    at unboundStoryFn (http://localhost:63315/node_modules/.cache/storybook/10.5.10/d089ae206bd7a58edd27e2b4d3689eedc26f6a98c46b1c5d1ba852a9c5dce8b8/sb-vitest/deps/csf-B8OjfbGV.js?v=1fe95d09:8788:243)
8:22:21 pm [vite] [31m[2m(client)[22m[39m [2m[console.error] [22mWarning: An update to ReportRecipient inside a test was not wrapped in act(...).

When testing, code that causes React state updates should be wrapped into act(...):

act(() => {
  /* fire events that update state */
});
/* assert on the output */

This ensures that you're testing the behavior the user would see in the browser. Learn more at https://reactjs.org/link/wrap-tests-with-act
    at ReportRecipient (http://localhost:63315/ClientApp/src/routes/acceptQuote/reportRecipient.tsx:23:10)
    at hookified (http://localhost:63315/node_modules/.cache/storybook/10.5.10/d089ae206bd7a58edd27e2b4d3689eedc26f6a98c46b1c5d1ba852a9c5dce8b8/sb-vitest/deps/csf-B8OjfbGV.js?v=1fe95d09:8281:9)
    at form
    at http://localhost:63315/node_modules/.cache/storybook/10.5.10/d089ae206bd7a58edd27e2b4d3689eedc26f6a98c46b1c5d1ba852a9c5dce8b8/sb-vitest/deps/formik.js?v=399fd654:3385:21
    at Formik (http://localhost:63315/node_modules/.cache/storybook/10.5.10/d089ae206bd7a58edd27e2b4d3689eedc26f6a98c46b1c5d1ba852a9c5dce8b8/sb-vitest/deps/formik.js?v=399fd654:3190:18)
    at RenderedRoute (http://localhost:63315/node_modules/.cache/storybook/10.5.10/d089ae206bd7a58edd27e2b4d3689eedc26f6a98c46b1c5d1ba852a9c5dce8b8/sb-vitest/deps/react-router.js?v=d4d01f76:4139:26)
    at RenderErrorBoundary (http://localhost:63315/node_modules/.cache/storybook/10.5.10/d089ae206bd7a58edd27e2b4d3689eedc26f6a98c46b1c5d1ba852a9c5dce8b8/sb-vitest/deps/react-router.js?v=d4d01f76:4073:3)
    at DataRoutes2 (http://localhost:63315/node_modules/.cache/storybook/10.5.10/d089ae206bd7a58edd27e2b4d3689eedc26f6a98c46b1c5d1ba852a9c5dce8b8/sb-vitest/deps/react-router.js?v=d4d01f76:4706:24)
    at Router (http://localhost:63315/node_modules/.cache/storybook/10.5.10/d089ae206bd7a58edd27e2b4d3689eedc26f6a98c46b1c5d1ba852a9c5dce8b8/sb-vitest/deps/react-router.js?v=d4d01f76:4771:29)
    at RouterProvider (http://localhost:63315/node_modules/.cache/storybook/10.5.10/d089ae206bd7a58edd27e2b4d3689eedc26f6a98c46b1c5d1ba852a9c5dce8b8/sb-vitest/deps/react-router.js?v=d4d01f76:4516:27)
    at unboundStoryFn (http://localhost:63315/node_modules/.cache/storybook/10.5.10/d089ae206bd7a58edd27e2b4d3689eedc26f6a98c46b1c5d1ba852a9c5dce8b8/sb-vitest/deps/csf-B8OjfbGV.js?v=1fe95d09:8788:243)
8:22:21 pm [vite] [31m[2m(client)[22m[39m [2m[console.error] [22mWarning: An update to ReportRecipient inside a test was not wrapped in act(...).

When testing, code that causes React state updates should be wrapped into act(...):

act(() => {
  /* fire events that update state */
});
/* assert on the output */

This ensures that you're testing the behavior the user would see in the browser. Learn more at https://reactjs.org/link/wrap-tests-with-act
    at ReportRecipient (http://localhost:63315/ClientApp/src/routes/acceptQuote/reportRecipient.tsx:23:10)
    at hookified (http://localhost:63315/node_modules/.cache/storybook/10.5.10/d089ae206bd7a58edd27e2b4d3689eedc26f6a98c46b1c5d1ba852a9c5dce8b8/sb-vitest/deps/csf-B8OjfbGV.js?v=1fe95d09:8281:9)
    at form
    at http://localhost:63315/node_modules/.cache/storybook/10.5.10/d089ae206bd7a58edd27e2b4d3689eedc26f6a98c46b1c5d1ba852a9c5dce8b8/sb-vitest/deps/formik.js?v=399fd654:3385:21
    at Formik (http://localhost:63315/node_modules/.cache/storybook/10.5.10/d089ae206bd7a58edd27e2b4d3689eedc26f6a98c46b1c5d1ba852a9c5dce8b8/sb-vitest/deps/formik.js?v=399fd654:3190:18)
    at RenderedRoute (http://localhost:63315/node_modules/.cache/storybook/10.5.10/d089ae206bd7a58edd27e2b4d3689eedc26f6a98c46b1c5d1ba852a9c5dce8b8/sb-vitest/deps/react-router.js?v=d4d01f76:4139:26)
    at RenderErrorBoundary (http://localhost:63315/node_modules/.cache/storybook/10.5.10/d089ae206bd7a58edd27e2b4d3689eedc26f6a98c46b1c5d1ba852a9c5dce8b8/sb-vitest/deps/react-router.js?v=d4d01f76:4073:3)
    at DataRoutes2 (http://localhost:63315/node_modules/.cache/storybook/10.5.10/d089ae206bd7a58edd27e2b4d3689eedc26f6a98c46b1c5d1ba852a9c5dce8b8/sb-vitest/deps/react-router.js?v=d4d01f76:4706:24)
    at Router (http://localhost:63315/node_modules/.cache/storybook/10.5.10/d089ae206bd7a58edd27e2b4d3689eedc26f6a98c46b1c5d1ba852a9c5dce8b8/sb-vitest/deps/react-router.js?v=d4d01f76:4771:29)
    at RouterProvider (http://localhost:63315/node_modules/.cache/storybook/10.5.10/d089ae206bd7a58edd27e2b4d3689eedc26f6a98c46b1c5d1ba852a9c5dce8b8/sb-vitest/deps/react-router.js?v=d4d01f76:4516:27)
    at unboundStoryFn (http://localhost:63315/node_modules/.cache/storybook/10.5.10/d089ae206bd7a58edd27e2b4d3689eedc26f6a98c46b1c5d1ba852a9c5dce8b8/sb-vitest/deps/csf-B8OjfbGV.js?v=1fe95d09:8788:243)
8:22:21 pm [vite] [31m[2m(client)[22m[39m [2m[console.error] [22mWarning: An update to PaymentDetails inside a test was not wrapped in act(...).

When testing, code that causes React state updates should be wrapped into act(...):

act(() => {
  /* fire events that update state */
});
/* assert on the output */

This ensures that you're testing the behavior the user would see in the browser. Learn more at https://reactjs.org/link/wrap-tests-with-act
    at PaymentDetails (http://localhost:63315/ClientApp/src/routes/acceptQuote/paymentDetails.tsx:21:10)
    at hookified (http://localhost:63315/node_modules/.cache/storybook/10.5.10/d089ae206bd7a58edd27e2b4d3689eedc26f6a98c46b1c5d1ba852a9c5dce8b8/sb-vitest/deps/csf-B8OjfbGV.js?v=1fe95d09:8281:9)
    at form
    at http://localhost:63315/node_modules/.cache/storybook/10.5.10/d089ae206bd7a58edd27e2b4d3689eedc26f6a98c46b1c5d1ba852a9c5dce8b8/sb-vitest/deps/formik.js?v=399fd654:3385:21
    at Formik (http://localhost:63315/node_modules/.cache/storybook/10.5.10/d089ae206bd7a58edd27e2b4d3689eedc26f6a98c46b1c5d1ba852a9c5dce8b8/sb-vitest/deps/formik.js?v=399fd654:3190:18)
    at RenderedRoute (http://localhost:63315/node_modules/.cache/storybook/10.5.10/d089ae206bd7a58edd27e2b4d3689eedc26f6a98c46b1c5d1ba852a9c5dce8b8/sb-vitest/deps/react-router.js?v=d4d01f76:4139:26)
    at RenderErrorBoundary (http://localhost:63315/node_modules/.cache/storybook/10.5.10/d089ae206bd7a58edd27e2b4d3689eedc26f6a98c46b1c5d1ba852a9c5dce8b8/sb-vitest/deps/react-router.js?v=d4d01f76:4073:3)
    at DataRoutes2 (http://localhost:63315/node_modules/.cache/storybook/10.5.10/d089ae206bd7a58edd27e2b4d3689eedc26f6a98c46b1c5d1ba852a9c5dce8b8/sb-vitest/deps/react-router.js?v=d4d01f76:4706:24)
    at Router (http://localhost:63315/node_modules/.cache/storybook/10.5.10/d089ae206bd7a58edd27e2b4d3689eedc26f6a98c46b1c5d1ba852a9c5dce8b8/sb-vitest/deps/react-router.js?v=d4d01f76:4771:29)
    at RouterProvider (http://localhost:63315/node_modules/.cache/storybook/10.5.10/d089ae206bd7a58edd27e2b4d3689eedc26f6a98c46b1c5d1ba852a9c5dce8b8/sb-vitest/deps/react-router.js?v=d4d01f76:4516:27)
    at unboundStoryFn (http://localhost:63315/node_modules/.cache/storybook/10.5.10/d089ae206bd7a58edd27e2b4d3689eedc26f6a98c46b1c5d1ba852a9c5dce8b8/sb-vitest/deps/csf-B8OjfbGV.js?v=1fe95d09:8788:243)
8:22:21 pm [vite] [31m[2m(client)[22m[39m [2m[console.error] [22mWarning: An update to PaymentDetails inside a test was not wrapped in act(...).

When testing, code that causes React state updates should be wrapped into act(...):

act(() => {
  /* fire events that update state */
});
/* assert on the output */

This ensures that you're testing the behavior the user would see in the browser. Learn more at https://reactjs.org/link/wrap-tests-with-act
    at PaymentDetails (http://localhost:63315/ClientApp/src/routes/acceptQuote/paymentDetails.tsx:21:10)
    at hookified (http://localhost:63315/node_modules/.cache/storybook/10.5.10/d089ae206bd7a58edd27e2b4d3689eedc26f6a98c46b1c5d1ba852a9c5dce8b8/sb-vitest/deps/csf-B8OjfbGV.js?v=1fe95d09:8281:9)
    at form
    at http://localhost:63315/node_modules/.cache/storybook/10.5.10/d089ae206bd7a58edd27e2b4d3689eedc26f6a98c46b1c5d1ba852a9c5dce8b8/sb-vitest/deps/formik.js?v=399fd654:3385:21
    at Formik (http://localhost:63315/node_modules/.cache/storybook/10.5.10/d089ae206bd7a58edd27e2b4d3689eedc26f6a98c46b1c5d1ba852a9c5dce8b8/sb-vitest/deps/formik.js?v=399fd654:3190:18)
    at RenderedRoute (http://localhost:63315/node_modules/.cache/storybook/10.5.10/d089ae206bd7a58edd27e2b4d3689eedc26f6a98c46b1c5d1ba852a9c5dce8b8/sb-vitest/deps/react-router.js?v=d4d01f76:4139:26)
    at RenderErrorBoundary (http://localhost:63315/node_modules/.cache/storybook/10.5.10/d089ae206bd7a58edd27e2b4d3689eedc26f6a98c46b1c5d1ba852a9c5dce8b8/sb-vitest/deps/react-router.js?v=d4d01f76:4073:3)
    at DataRoutes2 (http://localhost:63315/node_modules/.cache/storybook/10.5.10/d089ae206bd7a58edd27e2b4d3689eedc26f6a98c46b1c5d1ba852a9c5dce8b8/sb-vitest/deps/react-router.js?v=d4d01f76:4706:24)
    at Router (http://localhost:63315/node_modules/.cache/storybook/10.5.10/d089ae206bd7a58edd27e2b4d3689eedc26f6a98c46b1c5d1ba852a9c5dce8b8/sb-vitest/deps/react-router.js?v=d4d01f76:4771:29)
    at RouterProvider (http://localhost:63315/node_modules/.cache/storybook/10.5.10/d089ae206bd7a58edd27e2b4d3689eedc26f6a98c46b1c5d1ba852a9c5dce8b8/sb-vitest/deps/react-router.js?v=d4d01f76:4516:27)
    at unboundStoryFn (http://localhost:63315/node_modules/.cache/storybook/10.5.10/d089ae206bd7a58edd27e2b4d3689eedc26f6a98c46b1c5d1ba852a9c5dce8b8/sb-vitest/deps/csf-B8OjfbGV.js?v=1fe95d09:8788:243)
8:22:21 pm [vite] [31m[2m(client)[22m[39m [2m[console.error] [22mWarning: An update to PaymentDetails inside a test was not wrapped in act(...).

When testing, code that causes React state updates should be wrapped into act(...):

act(() => {
  /* fire events that update state */
});
/* assert on the output */

This ensures that you're testing the behavior the user would see in the browser. Learn more at https://reactjs.org/link/wrap-tests-with-act
    at PaymentDetails (http://localhost:63315/ClientApp/src/routes/acceptQuote/paymentDetails.tsx:21:10)
    at hookified (http://localhost:63315/node_modules/.cache/storybook/10.5.10/d089ae206bd7a58edd27e2b4d3689eedc26f6a98c46b1c5d1ba852a9c5dce8b8/sb-vitest/deps/csf-B8OjfbGV.js?v=1fe95d09:8281:9)
    at form
    at http://localhost:63315/node_modules/.cache/storybook/10.5.10/d089ae206bd7a58edd27e2b4d3689eedc26f6a98c46b1c5d1ba852a9c5dce8b8/sb-vitest/deps/formik.js?v=399fd654:3385:21
    at Formik (http://localhost:63315/node_modules/.cache/storybook/10.5.10/d089ae206bd7a58edd27e2b4d3689eedc26f6a98c46b1c5d1ba852a9c5dce8b8/sb-vitest/deps/formik.js?v=399fd654:3190:18)
    at RenderedRoute (http://localhost:63315/node_modules/.cache/storybook/10.5.10/d089ae206bd7a58edd27e2b4d3689eedc26f6a98c46b1c5d1ba852a9c5dce8b8/sb-vitest/deps/react-router.js?v=d4d01f76:4139:26)
    at RenderErrorBoundary (http://localhost:63315/node_modules/.cache/storybook/10.5.10/d089ae206bd7a58edd27e2b4d3689eedc26f6a98c46b1c5d1ba852a9c5dce8b8/sb-vitest/deps/react-router.js?v=d4d01f76:4073:3)
    at DataRoutes2 (http://localhost:63315/node_modules/.cache/storybook/10.5.10/d089ae206bd7a58edd27e2b4d3689eedc26f6a98c46b1c5d1ba852a9c5dce8b8/sb-vitest/deps/react-router.js?v=d4d01f76:4706:24)
    at Router (http://localhost:63315/node_modules/.cache/storybook/10.5.10/d089ae206bd7a58edd27e2b4d3689eedc26f6a98c46b1c5d1ba852a9c5dce8b8/sb-vitest/deps/react-router.js?v=d4d01f76:4771:29)
    at RouterProvider (http://localhost:63315/node_modules/.cache/storybook/10.5.10/d089ae206bd7a58edd27e2b4d3689eedc26f6a98c46b1c5d1ba852a9c5dce8b8/sb-vitest/deps/react-router.js?v=d4d01f76:4516:27)
    at unboundStoryFn (http://localhost:63315/node_modules/.cache/storybook/10.5.10/d089ae206bd7a58edd27e2b4d3689eedc26f6a98c46b1c5d1ba852a9c5dce8b8/sb-vitest/deps/csf-B8OjfbGV.js?v=1fe95d09:8788:243)
8:22:21 pm [vite] [31m[2m(client)[22m[39m [2m[console.error] [22mWarning: An update to PaymentDetails inside a test was not wrapped in act(...).

When testing, code that causes React state updates should be wrapped into act(...):

act(() => {
  /* fire events that update state */
});
/* assert on the output */

This ensures that you're testing the behavior the user would see in the browser. Learn more at https://reactjs.org/link/wrap-tests-with-act
    at PaymentDetails (http://localhost:63315/ClientApp/src/routes/acceptQuote/paymentDetails.tsx:21:10)
    at hookified (http://localhost:63315/node_modules/.cache/storybook/10.5.10/d089ae206bd7a58edd27e2b4d3689eedc26f6a98c46b1c5d1ba852a9c5dce8b8/sb-vitest/deps/csf-B8OjfbGV.js?v=1fe95d09:8281:9)
    at form
    at http://localhost:63315/node_modules/.cache/storybook/10.5.10/d089ae206bd7a58edd27e2b4d3689eedc26f6a98c46b1c5d1ba852a9c5dce8b8/sb-vitest/deps/formik.js?v=399fd654:3385:21
    at Formik (http://localhost:63315/node_modules/.cache/storybook/10.5.10/d089ae206bd7a58edd27e2b4d3689eedc26f6a98c46b1c5d1ba852a9c5dce8b8/sb-vitest/deps/formik.js?v=399fd654:3190:18)
    at RenderedRoute (http://localhost:63315/node_modules/.cache/storybook/10.5.10/d089ae206bd7a58edd27e2b4d3689eedc26f6a98c46b1c5d1ba852a9c5dce8b8/sb-vitest/deps/react-router.js?v=d4d01f76:4139:26)
    at RenderErrorBoundary (http://localhost:63315/node_modules/.cache/storybook/10.5.10/d089ae206bd7a58edd27e2b4d3689eedc26f6a98c46b1c5d1ba852a9c5dce8b8/sb-vitest/deps/react-router.js?v=d4d01f76:4073:3)
    at DataRoutes2 (http://localhost:63315/node_modules/.cache/storybook/10.5.10/d089ae206bd7a58edd27e2b4d3689eedc26f6a98c46b1c5d1ba852a9c5dce8b8/sb-vitest/deps/react-router.js?v=d4d01f76:4706:24)
    at Router (http://localhost:63315/node_modules/.cache/storybook/10.5.10/d089ae206bd7a58edd27e2b4d3689eedc26f6a98c46b1c5d1ba852a9c5dce8b8/sb-vitest/deps/react-router.js?v=d4d01f76:4771:29)
    at RouterProvider (http://localhost:63315/node_modules/.cache/storybook/10.5.10/d089ae206bd7a58edd27e2b4d3689eedc26f6a98c46b1c5d1ba852a9c5dce8b8/sb-vitest/deps/react-router.js?v=d4d01f76:4516:27)
    at unboundStoryFn (http://localhost:63315/node_modules/.cache/storybook/10.5.10/d089ae206bd7a58edd27e2b4d3689eedc26f6a98c46b1c5d1ba852a9c5dce8b8/sb-vitest/deps/csf-B8OjfbGV.js?v=1fe95d09:8788:243)
8:22:21 pm [vite] [33m[2m(client)[22m[39m [2m[console.warn] [22mIf you do not provide a visible label, you must specify an aria-label or aria-labelledby attribute for accessibility
8:22:21 pm [vite] [33m[2m(client)[22m[39m [2m[console.warn] [22mIf you do not provide a visible label, you must specify an aria-label or aria-labelledby attribute for accessibility
8:22:21 pm [vite] [33m[2m(client)[22m[39m [2m[console.warn] [22mIf you do not provide a visible label, you must specify an aria-label or aria-labelledby attribute for accessibility
8:22:21 pm [vite] [31m[2m(client)[22m[39m [2m[console.error] [22mWarning: An update to DeliveryAndReturn inside a test was not wrapped in act(...).

When testing, code that causes React state updates should be wrapped into act(...):

act(() => {
  /* fire events that update state */
});
/* assert on the output */

This ensures that you're testing the behavior the user would see in the browser. Learn more at https://reactjs.org/link/wrap-tests-with-act
    at DeliveryAndReturn (http://localhost:63315/ClientApp/src/routes/acceptQuote/deliveryAndReturn.tsx:29:10)
    at hookified (http://localhost:63315/node_modules/.cache/storybook/10.5.10/d089ae206bd7a58edd27e2b4d3689eedc26f6a98c46b1c5d1ba852a9c5dce8b8/sb-vitest/deps/csf-B8OjfbGV.js?v=1fe95d09:8281:9)
    at form
    at http://localhost:63315/node_modules/.cache/storybook/10.5.10/d089ae206bd7a58edd27e2b4d3689eedc26f6a98c46b1c5d1ba852a9c5dce8b8/sb-vitest/deps/formik.js?v=399fd654:3385:21
    at Formik (http://localhost:63315/node_modules/.cache/storybook/10.5.10/d089ae206bd7a58edd27e2b4d3689eedc26f6a98c46b1c5d1ba852a9c5dce8b8/sb-vitest/deps/formik.js?v=399fd654:3190:18)
    at RenderedRoute (http://localhost:63315/node_modules/.cache/storybook/10.5.10/d089ae206bd7a58edd27e2b4d3689eedc26f6a98c46b1c5d1ba852a9c5dce8b8/sb-vitest/deps/react-router.js?v=d4d01f76:4139:26)
    at RenderErrorBoundary (http://localhost:63315/node_modules/.cache/storybook/10.5.10/d089ae206bd7a58edd27e2b4d3689eedc26f6a98c46b1c5d1ba852a9c5dce8b8/sb-vitest/deps/react-router.js?v=d4d01f76:4073:3)
    at DataRoutes2 (http://localhost:63315/node_modules/.cache/storybook/10.5.10/d089ae206bd7a58edd27e2b4d3689eedc26f6a98c46b1c5d1ba852a9c5dce8b8/sb-vitest/deps/react-router.js?v=d4d01f76:4706:24)
    at Router (http://localhost:63315/node_modules/.cache/storybook/10.5.10/d089ae206bd7a58edd27e2b4d3689eedc26f6a98c46b1c5d1ba852a9c5dce8b8/sb-vitest/deps/react-router.js?v=d4d01f76:4771:29)
    at RouterProvider (http://localhost:63315/node_modules/.cache/storybook/10.5.10/d089ae206bd7a58edd27e2b4d3689eedc26f6a98c46b1c5d1ba852a9c5dce8b8/sb-vitest/deps/react-router.js?v=d4d01f76:4516:27)
    at unboundStoryFn (http://localhost:63315/node_modules/.cache/storybook/10.5.10/d089ae206bd7a58edd27e2b4d3689eedc26f6a98c46b1c5d1ba852a9c5dce8b8/sb-vitest/deps/csf-B8OjfbGV.js?v=1fe95d09:8788:243)
8:22:21 pm [vite] [31m[2m(client)[22m[39m [2m[console.error] [22mWarning: An update to DeliveryAndReturn inside a test was not wrapped in act(...).

When testing, code that causes React state updates should be wrapped into act(...):

act(() => {
  /* fire events that update state */
});
/* assert on the output */

This ensures that you're testing the behavior the user would see in the browser. Learn more at https://reactjs.org/link/wrap-tests-with-act
    at DeliveryAndReturn (http://localhost:63315/ClientApp/src/routes/acceptQuote/deliveryAndReturn.tsx:29:10)
    at hookified (http://localhost:63315/node_modules/.cache/storybook/10.5.10/d089ae206bd7a58edd27e2b4d3689eedc26f6a98c46b1c5d1ba852a9c5dce8b8/sb-vitest/deps/csf-B8OjfbGV.js?v=1fe95d09:8281:9)
    at form
    at http://localhost:63315/node_modules/.cache/storybook/10.5.10/d089ae206bd7a58edd27e2b4d3689eedc26f6a98c46b1c5d1ba852a9c5dce8b8/sb-vitest/deps/formik.js?v=399fd654:3385:21
    at Formik (http://localhost:63315/node_modules/.cache/storybook/10.5.10/d089ae206bd7a58edd27e2b4d3689eedc26f6a98c46b1c5d1ba852a9c5dce8b8/sb-vitest/deps/formik.js?v=399fd654:3190:18)
    at RenderedRoute (http://localhost:63315/node_modules/.cache/storybook/10.5.10/d089ae206bd7a58edd27e2b4d3689eedc26f6a98c46b1c5d1ba852a9c5dce8b8/sb-vitest/deps/react-router.js?v=d4d01f76:4139:26)
    at RenderErrorBoundary (http://localhost:63315/node_modules/.cache/storybook/10.5.10/d089ae206bd7a58edd27e2b4d3689eedc26f6a98c46b1c5d1ba852a9c5dce8b8/sb-vitest/deps/react-router.js?v=d4d01f76:4073:3)
    at DataRoutes2 (http://localhost:63315/node_modules/.cache/storybook/10.5.10/d089ae206bd7a58edd27e2b4d3689eedc26f6a98c46b1c5d1ba852a9c5dce8b8/sb-vitest/deps/react-router.js?v=d4d01f76:4706:24)
    at Router (http://localhost:63315/node_modules/.cache/storybook/10.5.10/d089ae206bd7a58edd27e2b4d3689eedc26f6a98c46b1c5d1ba852a9c5dce8b8/sb-vitest/deps/react-router.js?v=d4d01f76:4771:29)
    at RouterProvider (http://localhost:63315/node_modules/.cache/storybook/10.5.10/d089ae206bd7a58edd27e2b4d3689eedc26f6a98c46b1c5d1ba852a9c5dce8b8/sb-vitest/deps/react-router.js?v=d4d01f76:4516:27)
    at unboundStoryFn (http://localhost:63315/node_modules/.cache/storybook/10.5.10/d089ae206bd7a58edd27e2b4d3689eedc26f6a98c46b1c5d1ba852a9c5dce8b8/sb-vitest/deps/csf-B8OjfbGV.js?v=1fe95d09:8788:243)
8:22:21 pm [vite] [31m[2m(client)[22m[39m [2m[console.error] [22mWarning: An update to DeliveryAndReturn inside a test was not wrapped in act(...).

When testing, code that causes React state updates should be wrapped into act(...):

act(() => {
  /* fire events that update state */
});
/* assert on the output */

This ensures that you're testing the behavior the user would see in the browser. Learn more at https://reactjs.org/link/wrap-tests-with-act
    at DeliveryAndReturn (http://localhost:63315/ClientApp/src/routes/acceptQuote/deliveryAndReturn.tsx:29:10)
    at hookified (http://localhost:63315/node_modules/.cache/storybook/10.5.10/d089ae206bd7a58edd27e2b4d3689eedc26f6a98c46b1c5d1ba852a9c5dce8b8/sb-vitest/deps/csf-B8OjfbGV.js?v=1fe95d09:8281:9)
    at form
    at http://localhost:63315/node_modules/.cache/storybook/10.5.10/d089ae206bd7a58edd27e2b4d3689eedc26f6a98c46b1c5d1ba852a9c5dce8b8/sb-vitest/deps/formik.js?v=399fd654:3385:21
    at Formik (http://localhost:63315/node_modules/.cache/storybook/10.5.10/d089ae206bd7a58edd27e2b4d3689eedc26f6a98c46b1c5d1ba852a9c5dce8b8/sb-vitest/deps/formik.js?v=399fd654:3190:18)
    at RenderedRoute (http://localhost:63315/node_modules/.cache/storybook/10.5.10/d089ae206bd7a58edd27e2b4d3689eedc26f6a98c46b1c5d1ba852a9c5dce8b8/sb-vitest/deps/react-router.js?v=d4d01f76:4139:26)
    at RenderErrorBoundary (http://localhost:63315/node_modules/.cache/storybook/10.5.10/d089ae206bd7a58edd27e2b4d3689eedc26f6a98c46b1c5d1ba852a9c5dce8b8/sb-vitest/deps/react-router.js?v=d4d01f76:4073:3)
    at DataRoutes2 (http://localhost:63315/node_modules/.cache/storybook/10.5.10/d089ae206bd7a58edd27e2b4d3689eedc26f6a98c46b1c5d1ba852a9c5dce8b8/sb-vitest/deps/react-router.js?v=d4d01f76:4706:24)
    at Router (http://localhost:63315/node_modules/.cache/storybook/10.5.10/d089ae206bd7a58edd27e2b4d3689eedc26f6a98c46b1c5d1ba852a9c5dce8b8/sb-vitest/deps/react-router.js?v=d4d01f76:4771:29)
    at RouterProvider (http://localhost:63315/node_modules/.cache/storybook/10.5.10/d089ae206bd7a58edd27e2b4d3689eedc26f6a98c46b1c5d1ba852a9c5dce8b8/sb-vitest/deps/react-router.js?v=d4d01f76:4516:27)
    at unboundStoryFn (http://localhost:63315/node_modules/.cache/storybook/10.5.10/d089ae206bd7a58edd27e2b4d3689eedc26f6a98c46b1c5d1ba852a9c5dce8b8/sb-vitest/deps/csf-B8OjfbGV.js?v=1fe95d09:8788:243)
8:22:21 pm [vite] [31m[2m(client)[22m[39m [2m[console.error] [22mWarning: An update to DeliveryAndReturn inside a test was not wrapped in act(...).

When testing, code that causes React state updates should be wrapped into act(...):

act(() => {
  /* fire events that update state */
});
/* assert on the output */

This ensures that you're testing the behavior the user would see in the browser. Learn more at https://reactjs.org/link/wrap-tests-with-act
    at DeliveryAndReturn (http://localhost:63315/ClientApp/src/routes/acceptQuote/deliveryAndReturn.tsx:29:10)
    at hookified (http://localhost:63315/node_modules/.cache/storybook/10.5.10/d089ae206bd7a58edd27e2b4d3689eedc26f6a98c46b1c5d1ba852a9c5dce8b8/sb-vitest/deps/csf-B8OjfbGV.js?v=1fe95d09:8281:9)
    at form
    at http://localhost:63315/node_modules/.cache/storybook/10.5.10/d089ae206bd7a58edd27e2b4d3689eedc26f6a98c46b1c5d1ba852a9c5dce8b8/sb-vitest/deps/formik.js?v=399fd654:3385:21
    at Formik (http://localhost:63315/node_modules/.cache/storybook/10.5.10/d089ae206bd7a58edd27e2b4d3689eedc26f6a98c46b1c5d1ba852a9c5dce8b8/sb-vitest/deps/formik.js?v=399fd654:3190:18)
    at RenderedRoute (http://localhost:63315/node_modules/.cache/storybook/10.5.10/d089ae206bd7a58edd27e2b4d3689eedc26f6a98c46b1c5d1ba852a9c5dce8b8/sb-vitest/deps/react-router.js?v=d4d01f76:4139:26)
    at RenderErrorBoundary (http://localhost:63315/node_modules/.cache/storybook/10.5.10/d089ae206bd7a58edd27e2b4d3689eedc26f6a98c46b1c5d1ba852a9c5dce8b8/sb-vitest/deps/react-router.js?v=d4d01f76:4073:3)
    at DataRoutes2 (http://localhost:63315/node_modules/.cache/storybook/10.5.10/d089ae206bd7a58edd27e2b4d3689eedc26f6a98c46b1c5d1ba852a9c5dce8b8/sb-vitest/deps/react-router.js?v=d4d01f76:4706:24)
    at Router (http://localhost:63315/node_modules/.cache/storybook/10.5.10/d089ae206bd7a58edd27e2b4d3689eedc26f6a98c46b1c5d1ba852a9c5dce8b8/sb-vitest/deps/react-router.js?v=d4d01f76:4771:29)
    at RouterProvider (http://localhost:63315/node_modules/.cache/storybook/10.5.10/d089ae206bd7a58edd27e2b4d3689eedc26f6a98c46b1c5d1ba852a9c5dce8b8/sb-vitest/deps/react-router.js?v=d4d01f76:4516:27)
    at unboundStoryFn (http://localhost:63315/node_modules/.cache/storybook/10.5.10/d089ae206bd7a58edd27e2b4d3689eedc26f6a98c46b1c5d1ba852a9c5dce8b8/sb-vitest/deps/csf-B8OjfbGV.js?v=1fe95d09:8788:243)
8:22:21 pm [vite] [31m[2m(client)[22m[39m [2m[console.error] [22mWarning: An update to DeliveryAndReturn inside a test was not wrapped in act(...).

When testing, code that causes React state updates should be wrapped into act(...):

act(() => {
  /* fire events that update state */
});
/* assert on the output */

This ensures that you're testing the behavior the user would see in the browser. Learn more at https://reactjs.org/link/wrap-tests-with-act
    at DeliveryAndReturn (http://localhost:63315/ClientApp/src/routes/acceptQuote/deliveryAndReturn.tsx:29:10)
    at hookified (http://localhost:63315/node_modules/.cache/storybook/10.5.10/d089ae206bd7a58edd27e2b4d3689eedc26f6a98c46b1c5d1ba852a9c5dce8b8/sb-vitest/deps/csf-B8OjfbGV.js?v=1fe95d09:8281:9)
    at form
    at http://localhost:63315/node_modules/.cache/storybook/10.5.10/d089ae206bd7a58edd27e2b4d3689eedc26f6a98c46b1c5d1ba852a9c5dce8b8/sb-vitest/deps/formik.js?v=399fd654:3385:21
    at Formik (http://localhost:63315/node_modules/.cache/storybook/10.5.10/d089ae206bd7a58edd27e2b4d3689eedc26f6a98c46b1c5d1ba852a9c5dce8b8/sb-vitest/deps/formik.js?v=399fd654:3190:18)
    at RenderedRoute (http://localhost:63315/node_modules/.cache/storybook/10.5.10/d089ae206bd7a58edd27e2b4d3689eedc26f6a98c46b1c5d1ba852a9c5dce8b8/sb-vitest/deps/react-router.js?v=d4d01f76:4139:26)
    at RenderErrorBoundary (http://localhost:63315/node_modules/.cache/storybook/10.5.10/d089ae206bd7a58edd27e2b4d3689eedc26f6a98c46b1c5d1ba852a9c5dce8b8/sb-vitest/deps/react-router.js?v=d4d01f76:4073:3)
    at DataRoutes2 (http://localhost:63315/node_modules/.cache/storybook/10.5.10/d089ae206bd7a58edd27e2b4d3689eedc26f6a98c46b1c5d1ba852a9c5dce8b8/sb-vitest/deps/react-router.js?v=d4d01f76:4706:24)
    at Router (http://localhost:63315/node_modules/.cache/storybook/10.5.10/d089ae206bd7a58edd27e2b4d3689eedc26f6a98c46b1c5d1ba852a9c5dce8b8/sb-vitest/deps/react-router.js?v=d4d01f76:4771:29)
    at RouterProvider (http://localhost:63315/node_modules/.cache/storybook/10.5.10/d089ae206bd7a58edd27e2b4d3689eedc26f6a98c46b1c5d1ba852a9c5dce8b8/sb-vitest/deps/react-router.js?v=d4d01f76:4516:27)
    at unboundStoryFn (http://localhost:63315/node_modules/.cache/storybook/10.5.10/d089ae206bd7a58edd27e2b4d3689eedc26f6a98c46b1c5d1ba852a9c5dce8b8/sb-vitest/deps/csf-B8OjfbGV.js?v=1fe95d09:8788:243)
8:22:21 pm [vite] [33m[2m(client)[22m[39m [2m[console.warn] [22mIf you do not provide a visible label, you must specify an aria-label or aria-labelledby attribute for accessibility
8:22:21 pm [vite] [31m[2m(client)[22m[39m [2m[console.error] [22mWarning: An update to QuotationSummary inside a test was not wrapped in act(...).

When testing, code that causes React state updates should be wrapped into act(...):

act(() => {
  /* fire events that update state */
});
/* assert on the output */

This ensures that you're testing the behavior the user would see in the browser. Learn more at https://reactjs.org/link/wrap-tests-with-act
    at QuotationSummary (http://localhost:63315/ClientApp/src/routes/acceptQuote/quotationSummary.tsx:17:10)
    at hookified (http://localhost:63315/node_modules/.cache/storybook/10.5.10/d089ae206bd7a58edd27e2b4d3689eedc26f6a98c46b1c5d1ba852a9c5dce8b8/sb-vitest/deps/csf-B8OjfbGV.js?v=1fe95d09:8281:9)
    at form
    at http://localhost:63315/node_modules/.cache/storybook/10.5.10/d089ae206bd7a58edd27e2b4d3689eedc26f6a98c46b1c5d1ba852a9c5dce8b8/sb-vitest/deps/formik.js?v=399fd654:3385:21
    at Formik (http://localhost:63315/node_modules/.cache/storybook/10.5.10/d089ae206bd7a58edd27e2b4d3689eedc26f6a98c46b1c5d1ba852a9c5dce8b8/sb-vitest/deps/formik.js?v=399fd654:3190:18)
    at RenderedRoute (http://localhost:63315/node_modules/.cache/storybook/10.5.10/d089ae206bd7a58edd27e2b4d3689eedc26f6a98c46b1c5d1ba852a9c5dce8b8/sb-vitest/deps/react-router.js?v=d4d01f76:4139:26)
    at RenderErrorBoundary (http://localhost:63315/node_modules/.cache/storybook/10.5.10/d089ae206bd7a58edd27e2b4d3689eedc26f6a98c46b1c5d1ba852a9c5dce8b8/sb-vitest/deps/react-router.js?v=d4d01f76:4073:3)
    at DataRoutes2 (http://localhost:63315/node_modules/.cache/storybook/10.5.10/d089ae206bd7a58edd27e2b4d3689eedc26f6a98c46b1c5d1ba852a9c5dce8b8/sb-vitest/deps/react-router.js?v=d4d01f76:4706:24)
    at Router (http://localhost:63315/node_modules/.cache/storybook/10.5.10/d089ae206bd7a58edd27e2b4d3689eedc26f6a98c46b1c5d1ba852a9c5dce8b8/sb-vitest/deps/react-router.js?v=d4d01f76:4771:29)
    at RouterProvider (http://localhost:63315/node_modules/.cache/storybook/10.5.10/d089ae206bd7a58edd27e2b4d3689eedc26f6a98c46b1c5d1ba852a9c5dce8b8/sb-vitest/deps/react-router.js?v=d4d01f76:4516:27)
    at unboundStoryFn (http://localhost:63315/node_modules/.cache/storybook/10.5.10/d089ae206bd7a58edd27e2b4d3689eedc26f6a98c46b1c5d1ba852a9c5dce8b8/sb-vitest/deps/csf-B8OjfbGV.js?v=1fe95d09:8788:243)
8:22:21 pm [vite] [31m[2m(client)[22m[39m [2m[console.error] [22mWarning: An update to QuotationSummary inside a test was not wrapped in act(...).

When testing, code that causes React state updates should be wrapped into act(...):

act(() => {
  /* fire events that update state */
});
/* assert on the output */

This ensures that you're testing the behavior the user would see in the browser. Learn more at https://reactjs.org/link/wrap-tests-with-act
    at QuotationSummary (http://localhost:63315/ClientApp/src/routes/acceptQuote/quotationSummary.tsx:17:10)
    at hookified (http://localhost:63315/node_modules/.cache/storybook/10.5.10/d089ae206bd7a58edd27e2b4d3689eedc26f6a98c46b1c5d1ba852a9c5dce8b8/sb-vitest/deps/csf-B8OjfbGV.js?v=1fe95d09:8281:9)
    at form
    at http://localhost:63315/node_modules/.cache/storybook/10.5.10/d089ae206bd7a58edd27e2b4d3689eedc26f6a98c46b1c5d1ba852a9c5dce8b8/sb-vitest/deps/formik.js?v=399fd654:3385:21
    at Formik (http://localhost:63315/node_modules/.cache/storybook/10.5.10/d089ae206bd7a58edd27e2b4d3689eedc26f6a98c46b1c5d1ba852a9c5dce8b8/sb-vitest/deps/formik.js?v=399fd654:3190:18)
    at RenderedRoute (http://localhost:63315/node_modules/.cache/storybook/10.5.10/d089ae206bd7a58edd27e2b4d3689eedc26f6a98c46b1c5d1ba852a9c5dce8b8/sb-vitest/deps/react-router.js?v=d4d01f76:4139:26)
    at RenderErrorBoundary (http://localhost:63315/node_modules/.cache/storybook/10.5.10/d089ae206bd7a58edd27e2b4d3689eedc26f6a98c46b1c5d1ba852a9c5dce8b8/sb-vitest/deps/react-router.js?v=d4d01f76:4073:3)
    at DataRoutes2 (http://localhost:63315/node_modules/.cache/storybook/10.5.10/d089ae206bd7a58edd27e2b4d3689eedc26f6a98c46b1c5d1ba852a9c5dce8b8/sb-vitest/deps/react-router.js?v=d4d01f76:4706:24)
    at Router (http://localhost:63315/node_modules/.cache/storybook/10.5.10/d089ae206bd7a58edd27e2b4d3689eedc26f6a98c46b1c5d1ba852a9c5dce8b8/sb-vitest/deps/react-router.js?v=d4d01f76:4771:29)
    at RouterProvider (http://localhost:63315/node_modules/.cache/storybook/10.5.10/d089ae206bd7a58edd27e2b4d3689eedc26f6a98c46b1c5d1ba852a9c5dce8b8/sb-vitest/deps/react-router.js?v=d4d01f76:4516:27)
    at unboundStoryFn (http://localhost:63315/node_modules/.cache/storybook/10.5.10/d089ae206bd7a58edd27e2b4d3689eedc26f6a98c46b1c5d1ba852a9c5dce8b8/sb-vitest/deps/csf-B8OjfbGV.js?v=1fe95d09:8788:243)
8:22:21 pm [vite] [31m[2m(client)[22m[39m [2m[console.error] [22mWarning: An update to ViewPdfQuote inside a test was not wrapped in act(...).

When testing, code that causes React state updates should be wrapped into act(...):

act(() => {
  /* fire events that update state */
});
/* assert on the output */

This ensures that you're testing the behavior the user would see in the browser. Learn more at https://reactjs.org/link/wrap-tests-with-act
    at ViewPdfQuote (http://localhost:63315/ClientApp/src/components/Utilities/ViewPdfQuote.tsx:15:10)
    at div
    at div
    at http://localhost:63315/node_modules/.cache/storybook/10.5.10/d089ae206bd7a58edd27e2b4d3689eedc26f6a98c46b1c5d1ba852a9c5dce8b8/sb-vitest/deps/react-bootstrap_Col.js?v=6228f19a:39:83
    at div
    at http://localhost:63315/node_modules/.cache/storybook/10.5.10/d089ae206bd7a58edd27e2b4d3689eedc26f6a98c46b1c5d1ba852a9c5dce8b8/sb-vitest/deps/react-bootstrap_Row.js?v=88f5539d:10:52
    at QuotationSummary (http://localhost:63315/ClientApp/src/routes/acceptQuote/quotationSummary.tsx:17:10)
    at hookified (http://localhost:63315/node_modules/.cache/storybook/10.5.10/d089ae206bd7a58edd27e2b4d3689eedc26f6a98c46b1c5d1ba852a9c5dce8b8/sb-vitest/deps/csf-B8OjfbGV.js?v=1fe95d09:8281:9)
    at form
    at http://localhost:63315/node_modules/.cache/storybook/10.5.10/d089ae206bd7a58edd27e2b4d3689eedc26f6a98c46b1c5d1ba852a9c5dce8b8/sb-vitest/deps/formik.js?v=399fd654:3385:21
    at Formik (http://localhost:63315/node_modules/.cache/storybook/10.5.10/d089ae206bd7a58edd27e2b4d3689eedc26f6a98c46b1c5d1ba852a9c5dce8b8/sb-vitest/deps/formik.js?v=399fd654:3190:18)
    at RenderedRoute (http://localhost:63315/node_modules/.cache/storybook/10.5.10/d089ae206bd7a58edd27e2b4d3689eedc26f6a98c46b1c5d1ba852a9c5dce8b8/sb-vitest/deps/react-router.js?v=d4d01f76:4139:26)
    at RenderErrorBoundary (http://localhost:63315/node_modules/.cache/storybook/10.5.10/d089ae206bd7a58edd27e2b4d3689eedc26f6a98c46b1c5d1ba852a9c5dce8b8/sb-vitest/deps/react-router.js?v=d4d01f76:4073:3)
    at DataRoutes2 (http://localhost:63315/node_modules/.cache/storybook/10.5.10/d089ae206bd7a58edd27e2b4d3689eedc26f6a98c46b1c5d1ba852a9c5dce8b8/sb-vitest/deps/react-router.js?v=d4d01f76:4706:24)
    at Router (http://localhost:63315/node_modules/.cache/storybook/10.5.10/d089ae206bd7a58edd27e2b4d3689eedc26f6a98c46b1c5d1ba852a9c5dce8b8/sb-vitest/deps/react-router.js?v=d4d01f76:4771:29)
    at RouterProvider (http://localhost:63315/node_modules/.cache/storybook/10.5.10/d089ae206bd7a58edd27e2b4d3689eedc26f6a98c46b1c5d1ba852a9c5dce8b8/sb-vitest/deps/react-router.js?v=d4d01f76:4516:27)
    at unboundStoryFn (http://localhost:63315/node_modules/.cache/storybook/10.5.10/d089ae206bd7a58edd27e2b4d3689eedc26f6a98c46b1c5d1ba852a9c5dce8b8/sb-vitest/deps/csf-B8OjfbGV.js?v=1fe95d09:8788:243)
8:22:21 pm [vite] [31m[2m(client)[22m[39m [2m[console.error] [22mWarning: An update to ViewPdfQuote inside a test was not wrapped in act(...).

When testing, code that causes React state updates should be wrapped into act(...):

act(() => {
  /* fire events that update state */
});
/* assert on the output */

This ensures that you're testing the behavior the user would see in the browser. Learn more at https://reactjs.org/link/wrap-tests-with-act
    at ViewPdfQuote (http://localhost:63315/ClientApp/src/components/Utilities/ViewPdfQuote.tsx:15:10)
    at div
    at div
    at http://localhost:63315/node_modules/.cache/storybook/10.5.10/d089ae206bd7a58edd27e2b4d3689eedc26f6a98c46b1c5d1ba852a9c5dce8b8/sb-vitest/deps/react-bootstrap_Col.js?v=6228f19a:39:83
    at div
    at http://localhost:63315/node_modules/.cache/storybook/10.5.10/d089ae206bd7a58edd27e2b4d3689eedc26f6a98c46b1c5d1ba852a9c5dce8b8/sb-vitest/deps/react-bootstrap_Row.js?v=88f5539d:10:52
    at QuotationSummary (http://localhost:63315/ClientApp/src/routes/acceptQuote/quotationSummary.tsx:17:10)
    at hookified (http://localhost:63315/node_modules/.cache/storybook/10.5.10/d089ae206bd7a58edd27e2b4d3689eedc26f6a98c46b1c5d1ba852a9c5dce8b8/sb-vitest/deps/csf-B8OjfbGV.js?v=1fe95d09:8281:9)
    at form
    at http://localhost:63315/node_modules/.cache/storybook/10.5.10/d089ae206bd7a58edd27e2b4d3689eedc26f6a98c46b1c5d1ba852a9c5dce8b8/sb-vitest/deps/formik.js?v=399fd654:3385:21
    at Formik (http://localhost:63315/node_modules/.cache/storybook/10.5.10/d089ae206bd7a58edd27e2b4d3689eedc26f6a98c46b1c5d1ba852a9c5dce8b8/sb-vitest/deps/formik.js?v=399fd654:3190:18)
    at RenderedRoute (http://localhost:63315/node_modules/.cache/storybook/10.5.10/d089ae206bd7a58edd27e2b4d3689eedc26f6a98c46b1c5d1ba852a9c5dce8b8/sb-vitest/deps/react-router.js?v=d4d01f76:4139:26)
    at RenderErrorBoundary (http://localhost:63315/node_modules/.cache/storybook/10.5.10/d089ae206bd7a58edd27e2b4d3689eedc26f6a98c46b1c5d1ba852a9c5dce8b8/sb-vitest/deps/react-router.js?v=d4d01f76:4073:3)
    at DataRoutes2 (http://localhost:63315/node_modules/.cache/storybook/10.5.10/d089ae206bd7a58edd27e2b4d3689eedc26f6a98c46b1c5d1ba852a9c5dce8b8/sb-vitest/deps/react-router.js?v=d4d01f76:4706:24)
    at Router (http://localhost:63315/node_modules/.cache/storybook/10.5.10/d089ae206bd7a58edd27e2b4d3689eedc26f6a98c46b1c5d1ba852a9c5dce8b8/sb-vitest/deps/react-router.js?v=d4d01f76:4771:29)
    at RouterProvider (http://localhost:63315/node_modules/.cache/storybook/10.5.10/d089ae206bd7a58edd27e2b4d3689eedc26f6a98c46b1c5d1ba852a9c5dce8b8/sb-vitest/deps/react-router.js?v=d4d01f76:4516:27)
    at unboundStoryFn (http://localhost:63315/node_modules/.cache/storybook/10.5.10/d089ae206bd7a58edd27e2b4d3689eedc26f6a98c46b1c5d1ba852a9c5dce8b8/sb-vitest/deps/csf-B8OjfbGV.js?v=1fe95d09:8788:243)
8:22:21 pm [vite] [31m[2m(client)[22m[39m [2m[console.error] [22mWarning: An update to QuotationSummary inside a test was not wrapped in act(...).

When testing, code that causes React state updates should be wrapped into act(...):

act(() => {
  /* fire events that update state */
});
/* assert on the output */

This ensures that you're testing the behavior the user would see in the browser. Learn more at https://reactjs.org/link/wrap-tests-with-act
    at QuotationSummary (http://localhost:63315/ClientApp/src/routes/acceptQuote/quotationSummary.tsx:17:10)
    at hookified (http://localhost:63315/node_modules/.cache/storybook/10.5.10/d089ae206bd7a58edd27e2b4d3689eedc26f6a98c46b1c5d1ba852a9c5dce8b8/sb-vitest/deps/csf-B8OjfbGV.js?v=1fe95d09:8281:9)
    at form
    at http://localhost:63315/node_modules/.cache/storybook/10.5.10/d089ae206bd7a58edd27e2b4d3689eedc26f6a98c46b1c5d1ba852a9c5dce8b8/sb-vitest/deps/formik.js?v=399fd654:3385:21
    at Formik (http://localhost:63315/node_modules/.cache/storybook/10.5.10/d089ae206bd7a58edd27e2b4d3689eedc26f6a98c46b1c5d1ba852a9c5dce8b8/sb-vitest/deps/formik.js?v=399fd654:3190:18)
    at RenderedRoute (http://localhost:63315/node_modules/.cache/storybook/10.5.10/d089ae206bd7a58edd27e2b4d3689eedc26f6a98c46b1c5d1ba852a9c5dce8b8/sb-vitest/deps/react-router.js?v=d4d01f76:4139:26)
    at RenderErrorBoundary (http://localhost:63315/node_modules/.cache/storybook/10.5.10/d089ae206bd7a58edd27e2b4d3689eedc26f6a98c46b1c5d1ba852a9c5dce8b8/sb-vitest/deps/react-router.js?v=d4d01f76:4073:3)
    at DataRoutes2 (http://localhost:63315/node_modules/.cache/storybook/10.5.10/d089ae206bd7a58edd27e2b4d3689eedc26f6a98c46b1c5d1ba852a9c5dce8b8/sb-vitest/deps/react-router.js?v=d4d01f76:4706:24)
    at Router (http://localhost:63315/node_modules/.cache/storybook/10.5.10/d089ae206bd7a58edd27e2b4d3689eedc26f6a98c46b1c5d1ba852a9c5dce8b8/sb-vitest/deps/react-router.js?v=d4d01f76:4771:29)
    at RouterProvider (http://localhost:63315/node_modules/.cache/storybook/10.5.10/d089ae206bd7a58edd27e2b4d3689eedc26f6a98c46b1c5d1ba852a9c5dce8b8/sb-vitest/deps/react-router.js?v=d4d01f76:4516:27)
    at unboundStoryFn (http://localhost:63315/node_modules/.cache/storybook/10.5.10/d089ae206bd7a58edd27e2b4d3689eedc26f6a98c46b1c5d1ba852a9c5dce8b8/sb-vitest/deps/csf-B8OjfbGV.js?v=1fe95d09:8788:243)
stderr | ClientApp/src/components/Inputs/AutoSuggest/AutoSuggest.stories.tsx > Empty State
If you do not provide a visible label, you must specify an aria-label or aria-labelledby attribute for accessibility
stderr | ClientApp/src/components/Inputs/AutoSuggest/AutoSuggest.stories.tsx > Empty State
If you do not provide a visible label, you must specify an aria-label or aria-labelledby attribute for accessibility
stderr | ClientApp/src/components/Inputs/AutoSuggest/AutoSuggest.stories.tsx > Empty State
If you do not provide a visible label, you must specify an aria-label or aria-labelledby attribute for accessibility
stderr | ClientApp/src/components/Inputs/AutoSuggest/AutoSuggest.stories.tsx > Empty State
If you do not provide a visible label, you must specify an aria-label or aria-labelledby attribute for accessibility
stderr | ClientApp/src/components/Inputs/AutoSuggest/AutoSuggest.stories.tsx > Empty State
If you do not provide a visible label, you must specify an aria-label or aria-labelledby attribute for accessibility
stderr | ClientApp/src/components/Inputs/AutoSuggest/AutoSuggest.stories.tsx > Empty State
If you do not provide a visible label, you must specify an aria-label or aria-labelledby attribute for accessibility
stderr | ClientApp/src/components/Inputs/AutoSuggest/AutoSuggest.stories.tsx > Empty State
If you do not provide a visible label, you must specify an aria-label or aria-labelledby attribute for accessibility
stderr | ClientApp/src/components/Inputs/AutoSuggest/AutoSuggest.stories.tsx > Empty State
If you do not provide a visible label, you must specify an aria-label or aria-labelledby attribute for accessibility
stderr | ClientApp/src/components/Inputs/AutoSuggest/AutoSuggest.stories.tsx > Empty State
If you do not provide a visible label, you must specify an aria-label or aria-labelledby attribute for accessibility
stderr | ClientApp/src/components/Inputs/AutoSuggest/AutoSuggest.stories.tsx > Empty State
If you do not provide a visible label, you must specify an aria-label or aria-labelledby attribute for accessibility
stderr | ClientApp/src/components/Inputs/AutoSuggest/AutoSuggest.stories.tsx > Empty State
If you do not provide a visible label, you must specify an aria-label or aria-labelledby attribute for accessibility
stderr | ClientApp/src/components/Inputs/AutoSuggest/AutoSuggest.stories.tsx > Empty State
If you do not provide a visible label, you must specify an aria-label or aria-labelledby attribute for accessibility
stderr | ClientApp/src/components/Inputs/AutoSuggest/AutoSuggest.stories.tsx > Loading
If you do not provide a visible label, you must specify an aria-label or aria-labelledby attribute for accessibility
stderr | ClientApp/src/components/Inputs/AutoSuggest/AutoSuggest.stories.tsx > Loading
If you do not provide a visible label, you must specify an aria-label or aria-labelledby attribute for accessibility
stderr | ClientApp/src/components/Inputs/AutoSuggest/AutoSuggest.stories.tsx > Loading
Warning: An update to $dbdc5e6e7ce01b4b$var$ComboBoxInner inside a test was not wrapped in act(...).

When testing, code that causes React state updates should be wrapped into act(...):

act(() => {
  /* fire events that update state */
});
/* assert on the output */

This ensures that you're testing the behavior the user would see in the browser. Learn more at https://reactjs.org/link/wrap-tests-with-act
    at $dbdc5e6e7ce01b4b$var$ComboBoxInner (http://localhost:63315/node_modules/.cache/storybook/10.5.10/d089ae206bd7a58edd27e2b4d3689eedc26f6a98c46b1c5d1ba852a9c5dce8b8/sb-vitest/deps/ComboBox-ibQmNIIj.js?v=1fe95d09:4656:48)
    at $42ceafc619f9c3ba$var$CollectionInner (http://localhost:63315/node_modules/.cache/storybook/10.5.10/d089ae206bd7a58edd27e2b4d3689eedc26f6a98c46b1c5d1ba852a9c5dce8b8/sb-vitest/deps/Collection-B9ePPz5R.js?v=1fe95d09:710:50)
    at $42ceafc619f9c3ba$export$bf788dd355e3a401 (http://localhost:63315/node_modules/.cache/storybook/10.5.10/d089ae206bd7a58edd27e2b4d3689eedc26f6a98c46b1c5d1ba852a9c5dce8b8/sb-vitest/deps/Collection-B9ePPz5R.js?v=1fe95d09:703:34)
    at Wrapper (http://localhost:63315/node_modules/.cache/storybook/10.5.10/d089ae206bd7a58edd27e2b4d3689eedc26f6a98c46b1c5d1ba852a9c5dce8b8/sb-vitest/deps/Hidden-CqdvWE-W.js?v=1fe95d09:159:35)
    at div
    at AutoSuggestContainer (http://localhost:63315/ClientApp/src/components/Inputs/AutoSuggest/AutoSuggestContainer.tsx:22:10)
    at hookified (http://localhost:63315/node_modules/.cache/storybook/10.5.10/d089ae206bd7a58edd27e2b4d3689eedc26f6a98c46b1c5d1ba852a9c5dce8b8/sb-vitest/deps/csf-B8OjfbGV.js?v=1fe95d09:8281:9)
    at form
    at http://localhost:63315/node_modules/.cache/storybook/10.5.10/d089ae206bd7a58edd27e2b4d3689eedc26f6a98c46b1c5d1ba852a9c5dce8b8/sb-vitest/deps/formik.js?v=399fd654:3385:21
    at Formik (http://localhost:63315/node_modules/.cache/storybook/10.5.10/d089ae206bd7a58edd27e2b4d3689eedc26f6a98c46b1c5d1ba852a9c5dce8b8/sb-vitest/deps/formik.js?v=399fd654:3190:18)
    at RenderedRoute (http://localhost:63315/node_modules/.cache/storybook/10.5.10/d089ae206bd7a58edd27e2b4d3689eedc26f6a98c46b1c5d1ba852a9c5dce8b8/sb-vitest/deps/react-router.js?v=d4d01f76:4139:26)
    at RenderErrorBoundary (http://localhost:63315/node_modules/.cache/storybook/10.5.10/d089ae206bd7a58edd27e2b4d3689eedc26f6a98c46b1c5d1ba852a9c5dce8b8/sb-vitest/deps/react-router.js?v=d4d01f76:4073:3)
    at DataRoutes2 (http://localhost:63315/node_modules/.cache/storybook/10.5.10/d089ae206bd7a58edd27e2b4d3689eedc26f6a98c46b1c5d1ba852a9c5dce8b8/sb-vitest/deps/react-router.js?v=d4d01f76:4706:24)
    at Router (http://localhost:63315/node_modules/.cache/storybook/10.5.10/d089ae206bd7a58edd27e2b4d3689eedc26f6a98c46b1c5d1ba852a9c5dce8b8/sb-vitest/deps/react-router.js?v=d4d01f76:4771:29)
    at RouterProvider (http://localhost:63315/node_modules/.cache/storybook/10.5.10/d089ae206bd7a58edd27e2b4d3689eedc26f6a98c46b1c5d1ba852a9c5dce8b8/sb-vitest/deps/react-router.js?v=d4d01f76:4516:27)
    at unboundStoryFn (http://localhost:63315/node_modules/.cache/storybook/10.5.10/d089ae206bd7a58edd27e2b4d3689eedc26f6a98c46b1c5d1ba852a9c5dce8b8/sb-vitest/deps/csf-B8OjfbGV.js?v=1fe95d09:8788:243)
stderr | ClientApp/src/components/Inputs/AutoSuggest/AutoSuggest.stories.tsx > Loading
If you do not provide a visible label, you must specify an aria-label or aria-labelledby attribute for accessibility
8:22:21 pm [vite] [33m[2m(client)[22m[39m [2m[console.warn] [22mIf you do not provide a visible label, you must specify an aria-label or aria-labelledby attribute for accessibility
8:22:21 pm [vite] [33m[2m(client)[22m[39m [2m[console.warn] [22mIf you do not provide a visible label, you must specify an aria-label or aria-labelledby attribute for accessibility
8:22:21 pm [vite] [33m[2m(client)[22m[39m [2m[console.warn] [22mIf you do not provide a visible label, you must specify an aria-label or aria-labelledby attribute for accessibility
8:22:21 pm [vite] [33m[2m(client)[22m[39m [2m[console.warn] [22mIf you do not provide a visible label, you must specify an aria-label or aria-labelledby attribute for accessibility
8:22:21 pm [vite] [33m[2m(client)[22m[39m [2m[console.warn] [22mIf you do not provide a visible label, you must specify an aria-label or aria-labelledby attribute for accessibility
8:22:21 pm [vite] [33m[2m(client)[22m[39m [2m[console.warn] [22mIf you do not provide a visible label, you must specify an aria-label or aria-labelledby attribute for accessibility
8:22:21 pm [vite] [33m[2m(client)[22m[39m [2m[console.warn] [22mIf you do not provide a visible label, you must specify an aria-label or aria-labelledby attribute for accessibility
8:22:21 pm [vite] [33m[2m(client)[22m[39m [2m[console.warn] [22mIf you do not provide a visible label, you must specify an aria-label or aria-labelledby attribute for accessibility
8:22:21 pm [vite] [33m[2m(client)[22m[39m [2m[console.warn] [22mIf you do not provide a visible label, you must specify an aria-label or aria-labelledby attribute for accessibility
8:22:21 pm [vite] [33m[2m(client)[22m[39m [2m[console.warn] [22mIf you do not provide a visible label, you must specify an aria-label or aria-labelledby attribute for accessibility
8:22:21 pm [vite] [33m[2m(client)[22m[39m [2m[console.warn] [22mIf you do not provide a visible label, you must specify an aria-label or aria-labelledby attribute for accessibility
8:22:21 pm [vite] [33m[2m(client)[22m[39m [2m[console.warn] [22mIf you do not provide a visible label, you must specify an aria-label or aria-labelledby attribute for accessibility
8:22:21 pm [vite] [33m[2m(client)[22m[39m [2m[console.warn] [22mIf you do not provide a visible label, you must specify an aria-label or aria-labelledby attribute for accessibility
8:22:21 pm [vite] [33m[2m(client)[22m[39m [2m[console.warn] [22mIf you do not provide a visible label, you must specify an aria-label or aria-labelledby attribute for accessibility
8:22:21 pm [vite] [31m[2m(client)[22m[39m [2m[console.error] [22mWarning: An update to $dbdc5e6e7ce01b4b$var$ComboBoxInner inside a test was not wrapped in act(...).

When testing, code that causes React state updates should be wrapped into act(...):

act(() => {
  /* fire events that update state */
});
/* assert on the output */

This ensures that you're testing the behavior the user would see in the browser. Learn more at https://reactjs.org/link/wrap-tests-with-act
    at $dbdc5e6e7ce01b4b$var$ComboBoxInner (http://localhost:63315/node_modules/.cache/storybook/10.5.10/d089ae206bd7a58edd27e2b4d3689eedc26f6a98c46b1c5d1ba852a9c5dce8b8/sb-vitest/deps/ComboBox-ibQmNIIj.js?v=1fe95d09:4656:48)
    at $42ceafc619f9c3ba$var$CollectionInner (http://localhost:63315/node_modules/.cache/storybook/10.5.10/d089ae206bd7a58edd27e2b4d3689eedc26f6a98c46b1c5d1ba852a9c5dce8b8/sb-vitest/deps/Collection-B9ePPz5R.js?v=1fe95d09:710:50)
    at $42ceafc619f9c3ba$export$bf788dd355e3a401 (http://localhost:63315/node_modules/.cache/storybook/10.5.10/d089ae206bd7a58edd27e2b4d3689eedc26f6a98c46b1c5d1ba852a9c5dce8b8/sb-vitest/deps/Collection-B9ePPz5R.js?v=1fe95d09:703:34)
    at Wrapper (http://localhost:63315/node_modules/.cache/storybook/10.5.10/d089ae206bd7a58edd27e2b4d3689eedc26f6a98c46b1c5d1ba852a9c5dce8b8/sb-vitest/deps/Hidden-CqdvWE-W.js?v=1fe95d09:159:35)
    at div
    at AutoSuggestContainer (http://localhost:63315/ClientApp/src/components/Inputs/AutoSuggest/AutoSuggestContainer.tsx:22:10)
    at hookified (http://localhost:63315/node_modules/.cache/storybook/10.5.10/d089ae206bd7a58edd27e2b4d3689eedc26f6a98c46b1c5d1ba852a9c5dce8b8/sb-vitest/deps/csf-B8OjfbGV.js?v=1fe95d09:8281:9)
    at form
    at http://localhost:63315/node_modules/.cache/storybook/10.5.10/d089ae206bd7a58edd27e2b4d3689eedc26f6a98c46b1c5d1ba852a9c5dce8b8/sb-vitest/deps/formik.js?v=399fd654:3385:21
    at Formik (http://localhost:63315/node_modules/.cache/storybook/10.5.10/d089ae206bd7a58edd27e2b4d3689eedc26f6a98c46b1c5d1ba852a9c5dce8b8/sb-vitest/deps/formik.js?v=399fd654:3190:18)
    at RenderedRoute (http://localhost:63315/node_modules/.cache/storybook/10.5.10/d089ae206bd7a58edd27e2b4d3689eedc26f6a98c46b1c5d1ba852a9c5dce8b8/sb-vitest/deps/react-router.js?v=d4d01f76:4139:26)
    at RenderErrorBoundary (http://localhost:63315/node_modules/.cache/storybook/10.5.10/d089ae206bd7a58edd27e2b4d3689eedc26f6a98c46b1c5d1ba852a9c5dce8b8/sb-vitest/deps/react-router.js?v=d4d01f76:4073:3)
    at DataRoutes2 (http://localhost:63315/node_modules/.cache/storybook/10.5.10/d089ae206bd7a58edd27e2b4d3689eedc26f6a98c46b1c5d1ba852a9c5dce8b8/sb-vitest/deps/react-router.js?v=d4d01f76:4706:24)
    at Router (http://localhost:63315/node_modules/.cache/storybook/10.5.10/d089ae206bd7a58edd27e2b4d3689eedc26f6a98c46b1c5d1ba852a9c5dce8b8/sb-vitest/deps/react-router.js?v=d4d01f76:4771:29)
    at RouterProvider (http://localhost:63315/node_modules/.cache/storybook/10.5.10/d089ae206bd7a58edd27e2b4d3689eedc26f6a98c46b1c5d1ba852a9c5dce8b8/sb-vitest/deps/react-router.js?v=d4d01f76:4516:27)
    at unboundStoryFn (http://localhost:63315/node_modules/.cache/storybook/10.5.10/d089ae206bd7a58edd27e2b4d3689eedc26f6a98c46b1c5d1ba852a9c5dce8b8/sb-vitest/deps/csf-B8OjfbGV.js?v=1fe95d09:8788:243)
8:22:21 pm [vite] [33m[2m(client)[22m[39m [2m[console.warn] [22mIf you do not provide a visible label, you must specify an aria-label or aria-labelledby attribute for accessibility
 ✓ |storybook (chromium)| ClientApp/src/components/RequestList/Dashboard.stories.tsx (4 tests) 1411ms
   ✓ Draft Request  1234ms
 ✓ |storybook (chromium)| ClientApp/src/components/forms/Forms.stories.tsx (13 tests) 1344ms
   ✓ All Inputs Showcase  942ms
 ✓ |storybook (chromium)| ClientApp/src/components/RequestList/InstrumentItem.stories.tsx (2 tests) 1522ms
   ✓ Reports Tab  1459ms
 ✓ |storybook (chromium)| ClientApp/src/components/RouteLeavingGuard/RouteLeavingGuard.stories.tsx (4 tests) 1767ms
   ✓ Idle — guard inactive  1442ms
 ✓ |storybook (chromium)| ClientApp/src/routes/dashboard/Dashboard.stories.tsx (4 tests) 1752ms
   ✓ Populated  1490ms
 ✓ |storybook (chromium)| ClientApp/src/components/Inputs/AutoSuggest/AutoSuggest.stories.tsx (3 tests) 1914ms
   ✓ With Suggestions  1792ms
 ✓ |storybook (chromium)| ClientApp/src/components/SearchFilter/SearchFilter.stories.tsx (2 tests) 2172ms
   ✓ Dashboard Filters  2129ms
 ✓ |storybook (chromium)| ClientApp/src/routes/requestForQuote/RequestForQuote.stories.tsx (4 tests) 1442ms
   ✓ Organisation And Contact Step  1232ms
 ✓ |storybook (chromium)| ClientApp/src/components/forms/WizardForm/WizardForm.stories.tsx (3 tests) 1290ms
   ✓ Step 1 Contact Details  1176ms
stderr | ClientApp/src/routes/acceptQuote/AcceptQuote.stories.tsx > Summary And Accept Step
Warning: An update to QuotationSummary inside a test was not wrapped in act(...).

When testing, code that causes React state updates should be wrapped into act(...):

act(() => {
  /* fire events that update state */
});
/* assert on the output */

This ensures that you're testing the behavior the user would see in the browser. Learn more at https://reactjs.org/link/wrap-tests-with-act
    at QuotationSummary (http://localhost:63315/ClientApp/src/routes/acceptQuote/quotationSummary.tsx:17:10)
    at div
    at div
    at Transition (http://localhost:63315/node_modules/.cache/storybook/10.5.10/d089ae206bd7a58edd27e2b4d3689eedc26f6a98c46b1c5d1ba852a9c5dce8b8/sb-vitest/deps/Modal-DPe2VpGT.js?v=1fe95d09:218:32)
    at http://localhost:63315/node_modules/.cache/storybook/10.5.10/d089ae206bd7a58edd27e2b4d3689eedc26f6a98c46b1c5d1ba852a9c5dce8b8/sb-vitest/deps/Modal-DPe2VpGT.js?v=1fe95d09:786:66
    at http://localhost:63315/node_modules/.cache/storybook/10.5.10/d089ae206bd7a58edd27e2b4d3689eedc26f6a98c46b1c5d1ba852a9c5dce8b8/sb-vitest/deps/react-bootstrap.js?v=175c5677:60:57
    at http://localhost:63315/node_modules/.cache/storybook/10.5.10/d089ae206bd7a58edd27e2b4d3689eedc26f6a98c46b1c5d1ba852a9c5dce8b8/sb-vitest/deps/react-bootstrap.js?v=175c5677:118:70
    at http://localhost:63315/node_modules/.cache/storybook/10.5.10/d089ae206bd7a58edd27e2b4d3689eedc26f6a98c46b1c5d1ba852a9c5dce8b8/sb-vitest/deps/react-bootstrap.js?v=175c5677:136:66
    at div
    at http://localhost:63315/node_modules/.cache/storybook/10.5.10/d089ae206bd7a58edd27e2b4d3689eedc26f6a98c46b1c5d1ba852a9c5dce8b8/sb-vitest/deps/react-bootstrap.js?v=175c5677:201:66
    at CustomAccordionBody (http://localhost:63315/ClientApp/src/components/Accordion/index.tsx:91:10)
    at div
    at http://localhost:63315/node_modules/.cache/storybook/10.5.10/d089ae206bd7a58edd27e2b4d3689eedc26f6a98c46b1c5d1ba852a9c5dce8b8/sb-vitest/deps/react-bootstrap.js?v=175c5677:217:117
    at div
    at CustomAccordion (http://localhost:63315/ClientApp/src/components/Accordion/index.tsx:30:10)
    at div
    at http://localhost:63315/node_modules/.cache/storybook/10.5.10/d089ae206bd7a58edd27e2b4d3689eedc26f6a98c46b1c5d1ba852a9c5dce8b8/sb-vitest/deps/react-bootstrap_Row.js?v=88f5539d:10:52
    at SummaryAndAccept (http://localhost:63315/ClientApp/src/routes/acceptQuote/summaryAndAccept.tsx:31:17)
    at hookified (http://localhost:63315/node_modules/.cache/storybook/10.5.10/d089ae206bd7a58edd27e2b4d3689eedc26f6a98c46b1c5d1ba852a9c5dce8b8/sb-vitest/deps/csf-B8OjfbGV.js?v=1fe95d09:8281:9)
    at form
    at http://localhost:63315/node_modules/.cache/storybook/10.5.10/d089ae206bd7a58edd27e2b4d3689eedc26f6a98c46b1c5d1ba852a9c5dce8b8/sb-vitest/deps/formik.js?v=399fd654:3385:21
    at Formik (http://localhost:63315/node_modules/.cache/storybook/10.5.10/d089ae206bd7a58edd27e2b4d3689eedc26f6a98c46b1c5d1ba852a9c5dce8b8/sb-vitest/deps/formik.js?v=399fd654:3190:18)
    at RenderedRoute (http://localhost:63315/node_modules/.cache/storybook/10.5.10/d089ae206bd7a58edd27e2b4d3689eedc26f6a98c46b1c5d1ba852a9c5dce8b8/sb-vitest/deps/react-router.js?v=d4d01f76:4139:26)
    at RenderErrorBoundary (http://localhost:63315/node_modules/.cache/storybook/10.5.10/d089ae206bd7a58edd27e2b4d3689eedc26f6a98c46b1c5d1ba852a9c5dce8b8/sb-vitest/deps/react-router.js?v=d4d01f76:4073:3)
    at DataRoutes2 (http://localhost:63315/node_modules/.cache/storybook/10.5.10/d089ae206bd7a58edd27e2b4d3689eedc26f6a98c46b1c5d1ba852a9c5dce8b8/sb-vitest/deps/react-router.js?v=d4d01f76:4706:24)
    at Router (http://localhost:63315/node_modules/.cache/storybook/10.5.10/d089ae206bd7a58edd27e2b4d3689eedc26f6a98c46b1c5d1ba852a9c5dce8b8/sb-vitest/deps/react-router.js?v=d4d01f76:4771:29)
    at RouterProvider (http://localhost:63315/node_modules/.cache/storybook/10.5.10/d089ae206bd7a58edd27e2b4d3689eedc26f6a98c46b1c5d1ba852a9c5dce8b8/sb-vitest/deps/react-router.js?v=d4d01f76:4516:27)
    at unboundStoryFn (http://localhost:63315/node_modules/.cache/storybook/10.5.10/d089ae206bd7a58edd27e2b4d3689eedc26f6a98c46b1c5d1ba852a9c5dce8b8/sb-vitest/deps/csf-B8OjfbGV.js?v=1fe95d09:8788:243)
stderr | ClientApp/src/routes/acceptQuote/AcceptQuote.stories.tsx > Summary And Accept Step
Warning: An update to QuotationSummary inside a test was not wrapped in act(...).

When testing, code that causes React state updates should be wrapped into act(...):

act(() => {
  /* fire events that update state */
});
/* assert on the output */

This ensures that you're testing the behavior the user would see in the browser. Learn more at https://reactjs.org/link/wrap-tests-with-act
    at QuotationSummary (http://localhost:63315/ClientApp/src/routes/acceptQuote/quotationSummary.tsx:17:10)
    at div
    at div
    at Transition (http://localhost:63315/node_modules/.cache/storybook/10.5.10/d089ae206bd7a58edd27e2b4d3689eedc26f6a98c46b1c5d1ba852a9c5dce8b8/sb-vitest/deps/Modal-DPe2VpGT.js?v=1fe95d09:218:32)
    at http://localhost:63315/node_modules/.cache/storybook/10.5.10/d089ae206bd7a58edd27e2b4d3689eedc26f6a98c46b1c5d1ba852a9c5dce8b8/sb-vitest/deps/Modal-DPe2VpGT.js?v=1fe95d09:786:66
    at http://localhost:63315/node_modules/.cache/storybook/10.5.10/d089ae206bd7a58edd27e2b4d3689eedc26f6a98c46b1c5d1ba852a9c5dce8b8/sb-vitest/deps/react-bootstrap.js?v=175c5677:60:57
    at http://localhost:63315/node_modules/.cache/storybook/10.5.10/d089ae206bd7a58edd27e2b4d3689eedc26f6a98c46b1c5d1ba852a9c5dce8b8/sb-vitest/deps/react-bootstrap.js?v=175c5677:118:70
    at http://localhost:63315/node_modules/.cache/storybook/10.5.10/d089ae206bd7a58edd27e2b4d3689eedc26f6a98c46b1c5d1ba852a9c5dce8b8/sb-vitest/deps/react-bootstrap.js?v=175c5677:136:66
    at div
    at http://localhost:63315/node_modules/.cache/storybook/10.5.10/d089ae206bd7a58edd27e2b4d3689eedc26f6a98c46b1c5d1ba852a9c5dce8b8/sb-vitest/deps/react-bootstrap.js?v=175c5677:201:66
    at CustomAccordionBody (http://localhost:63315/ClientApp/src/components/Accordion/index.tsx:91:10)
    at div
    at http://localhost:63315/node_modules/.cache/storybook/10.5.10/d089ae206bd7a58edd27e2b4d3689eedc26f6a98c46b1c5d1ba852a9c5dce8b8/sb-vitest/deps/react-bootstrap.js?v=175c5677:217:117
    at div
    at CustomAccordion (http://localhost:63315/ClientApp/src/components/Accordion/index.tsx:30:10)
    at div
    at http://localhost:63315/node_modules/.cache/storybook/10.5.10/d089ae206bd7a58edd27e2b4d3689eedc26f6a98c46b1c5d1ba852a9c5dce8b8/sb-vitest/deps/react-bootstrap_Row.js?v=88f5539d:10:52
    at SummaryAndAccept (http://localhost:63315/ClientApp/src/routes/acceptQuote/summaryAndAccept.tsx:31:17)
    at hookified (http://localhost:63315/node_modules/.cache/storybook/10.5.10/d089ae206bd7a58edd27e2b4d3689eedc26f6a98c46b1c5d1ba852a9c5dce8b8/sb-vitest/deps/csf-B8OjfbGV.js?v=1fe95d09:8281:9)
    at form
    at http://localhost:63315/node_modules/.cache/storybook/10.5.10/d089ae206bd7a58edd27e2b4d3689eedc26f6a98c46b1c5d1ba852a9c5dce8b8/sb-vitest/deps/formik.js?v=399fd654:3385:21
    at Formik (http://localhost:63315/node_modules/.cache/storybook/10.5.10/d089ae206bd7a58edd27e2b4d3689eedc26f6a98c46b1c5d1ba852a9c5dce8b8/sb-vitest/deps/formik.js?v=399fd654:3190:18)
    at RenderedRoute (http://localhost:63315/node_modules/.cache/storybook/10.5.10/d089ae206bd7a58edd27e2b4d3689eedc26f6a98c46b1c5d1ba852a9c5dce8b8/sb-vitest/deps/react-router.js?v=d4d01f76:4139:26)
    at RenderErrorBoundary (http://localhost:63315/node_modules/.cache/storybook/10.5.10/d089ae206bd7a58edd27e2b4d3689eedc26f6a98c46b1c5d1ba852a9c5dce8b8/sb-vitest/deps/react-router.js?v=d4d01f76:4073:3)
    at DataRoutes2 (http://localhost:63315/node_modules/.cache/storybook/10.5.10/d089ae206bd7a58edd27e2b4d3689eedc26f6a98c46b1c5d1ba852a9c5dce8b8/sb-vitest/deps/react-router.js?v=d4d01f76:4706:24)
    at Router (http://localhost:63315/node_modules/.cache/storybook/10.5.10/d089ae206bd7a58edd27e2b4d3689eedc26f6a98c46b1c5d1ba852a9c5dce8b8/sb-vitest/deps/react-router.js?v=d4d01f76:4771:29)
    at RouterProvider (http://localhost:63315/node_modules/.cache/storybook/10.5.10/d089ae206bd7a58edd27e2b4d3689eedc26f6a98c46b1c5d1ba852a9c5dce8b8/sb-vitest/deps/react-router.js?v=d4d01f76:4516:27)
    at unboundStoryFn (http://localhost:63315/node_modules/.cache/storybook/10.5.10/d089ae206bd7a58edd27e2b4d3689eedc26f6a98c46b1c5d1ba852a9c5dce8b8/sb-vitest/deps/csf-B8OjfbGV.js?v=1fe95d09:8788:243)
8:22:21 pm [vite] [31m[2m(client)[22m[39m [2m[console.error] [22mWarning: An update to QuotationSummary inside a test was not wrapped in act(...).

When testing, code that causes React state updates should be wrapped into act(...):

act(() => {
  /* fire events that update state */
});
/* assert on the output */

This ensures that you're testing the behavior the user would see in the browser. Learn more at https://reactjs.org/link/wrap-tests-with-act
    at QuotationSummary (http://localhost:63315/ClientApp/src/routes/acceptQuote/quotationSummary.tsx:17:10)
    at div
    at div
    at Transition (http://localhost:63315/node_modules/.cache/storybook/10.5.10/d089ae206bd7a58edd27e2b4d3689eedc26f6a98c46b1c5d1ba852a9c5dce8b8/sb-vitest/deps/Modal-DPe2VpGT.js?v=1fe95d09:218:32)
    at http://localhost:63315/node_modules/.cache/storybook/10.5.10/d089ae206bd7a58edd27e2b4d3689eedc26f6a98c46b1c5d1ba852a9c5dce8b8/sb-vitest/deps/Modal-DPe2VpGT.js?v=1fe95d09:786:66
    at http://localhost:63315/node_modules/.cache/storybook/10.5.10/d089ae206bd7a58edd27e2b4d3689eedc26f6a98c46b1c5d1ba852a9c5dce8b8/sb-vitest/deps/react-bootstrap.js?v=175c5677:60:57
    at http://localhost:63315/node_modules/.cache/storybook/10.5.10/d089ae206bd7a58edd27e2b4d3689eedc26f6a98c46b1c5d1ba852a9c5dce8b8/sb-vitest/deps/react-bootstrap.js?v=175c5677:118:70
    at http://localhost:63315/node_modules/.cache/storybook/10.5.10/d089ae206bd7a58edd27e2b4d3689eedc26f6a98c46b1c5d1ba852a9c5dce8b8/sb-vitest/deps/react-bootstrap.js?v=175c5677:136:66
    at div
    at http://localhost:63315/node_modules/.cache/storybook/10.5.10/d089ae206bd7a58edd27e2b4d3689eedc26f6a98c46b1c5d1ba852a9c5dce8b8/sb-vitest/deps/react-bootstrap.js?v=175c5677:201:66
    at CustomAccordionBody (http://localhost:63315/ClientApp/src/components/Accordion/index.tsx:91:10)
    at div
    at http://localhost:63315/node_modules/.cache/storybook/10.5.10/d089ae206bd7a58edd27e2b4d3689eedc26f6a98c46b1c5d1ba852a9c5dce8b8/sb-vitest/deps/react-bootstrap.js?v=175c5677:217:117
    at div
    at CustomAccordion (http://localhost:63315/ClientApp/src/components/Accordion/index.tsx:30:10)
    at div
    at http://localhost:63315/node_modules/.cache/storybook/10.5.10/d089ae206bd7a58edd27e2b4d3689eedc26f6a98c46b1c5d1ba852a9c5dce8b8/sb-vitest/deps/react-bootstrap_Row.js?v=88f5539d:10:52
    at SummaryAndAccept (http://localhost:63315/ClientApp/src/routes/acceptQuote/summaryAndAccept.tsx:31:17)
    at hookified (http://localhost:63315/node_modules/.cache/storybook/10.5.10/d089ae206bd7a58edd27e2b4d3689eedc26f6a98c46b1c5d1ba852a9c5dce8b8/sb-vitest/deps/csf-B8OjfbGV.js?v=1fe95d09:8281:9)
    at form
    at http://localhost:63315/node_modules/.cache/storybook/10.5.10/d089ae206bd7a58edd27e2b4d3689eedc26f6a98c46b1c5d1ba852a9c5dce8b8/sb-vitest/deps/formik.js?v=399fd654:3385:21
    at Formik (http://localhost:63315/node_modules/.cache/storybook/10.5.10/d089ae206bd7a58edd27e2b4d3689eedc26f6a98c46b1c5d1ba852a9c5dce8b8/sb-vitest/deps/formik.js?v=399fd654:3190:18)
    at RenderedRoute (http://localhost:63315/node_modules/.cache/storybook/10.5.10/d089ae206bd7a58edd27e2b4d3689eedc26f6a98c46b1c5d1ba852a9c5dce8b8/sb-vitest/deps/react-router.js?v=d4d01f76:4139:26)
    at RenderErrorBoundary (http://localhost:63315/node_modules/.cache/storybook/10.5.10/d089ae206bd7a58edd27e2b4d3689eedc26f6a98c46b1c5d1ba852a9c5dce8b8/sb-vitest/deps/react-router.js?v=d4d01f76:4073:3)
    at DataRoutes2 (http://localhost:63315/node_modules/.cache/storybook/10.5.10/d089ae206bd7a58edd27e2b4d3689eedc26f6a98c46b1c5d1ba852a9c5dce8b8/sb-vitest/deps/react-router.js?v=d4d01f76:4706:24)
    at Router (http://localhost:63315/node_modules/.cache/storybook/10.5.10/d089ae206bd7a58edd27e2b4d3689eedc26f6a98c46b1c5d1ba852a9c5dce8b8/sb-vitest/deps/react-router.js?v=d4d01f76:4771:29)
    at RouterProvider (http://localhost:63315/node_modules/.cache/storybook/10.5.10/d089ae206bd7a58edd27e2b4d3689eedc26f6a98c46b1c5d1ba852a9c5dce8b8/sb-vitest/deps/react-router.js?v=d4d01f76:4516:27)
    at unboundStoryFn (http://localhost:63315/node_modules/.cache/storybook/10.5.10/d089ae206bd7a58edd27e2b4d3689eedc26f6a98c46b1c5d1ba852a9c5dce8b8/sb-vitest/deps/csf-B8OjfbGV.js?v=1fe95d09:8788:243)
8:22:21 pm [vite] [31m[2m(client)[22m[39m [2m[console.error] [22mWarning: An update to QuotationSummary inside a test was not wrapped in act(...).

When testing, code that causes React state updates should be wrapped into act(...):

act(() => {
  /* fire events that update state */
});
/* assert on the output */

This ensures that you're testing the behavior the user would see in the browser. Learn more at https://reactjs.org/link/wrap-tests-with-act
    at QuotationSummary (http://localhost:63315/ClientApp/src/routes/acceptQuote/quotationSummary.tsx:17:10)
    at div
    at div
    at Transition (http://localhost:63315/node_modules/.cache/storybook/10.5.10/d089ae206bd7a58edd27e2b4d3689eedc26f6a98c46b1c5d1ba852a9c5dce8b8/sb-vitest/deps/Modal-DPe2VpGT.js?v=1fe95d09:218:32)
    at http://localhost:63315/node_modules/.cache/storybook/10.5.10/d089ae206bd7a58edd27e2b4d3689eedc26f6a98c46b1c5d1ba852a9c5dce8b8/sb-vitest/deps/Modal-DPe2VpGT.js?v=1fe95d09:786:66
    at http://localhost:63315/node_modules/.cache/storybook/10.5.10/d089ae206bd7a58edd27e2b4d3689eedc26f6a98c46b1c5d1ba852a9c5dce8b8/sb-vitest/deps/react-bootstrap.js?v=175c5677:60:57
    at http://localhost:63315/node_modules/.cache/storybook/10.5.10/d089ae206bd7a58edd27e2b4d3689eedc26f6a98c46b1c5d1ba852a9c5dce8b8/sb-vitest/deps/react-bootstrap.js?v=175c5677:118:70
    at http://localhost:63315/node_modules/.cache/storybook/10.5.10/d089ae206bd7a58edd27e2b4d3689eedc26f6a98c46b1c5d1ba852a9c5dce8b8/sb-vitest/deps/react-bootstrap.js?v=175c5677:136:66
    at div
    at http://localhost:63315/node_modules/.cache/storybook/10.5.10/d089ae206bd7a58edd27e2b4d3689eedc26f6a98c46b1c5d1ba852a9c5dce8b8/sb-vitest/deps/react-bootstrap.js?v=175c5677:201:66
    at CustomAccordionBody (http://localhost:63315/ClientApp/src/components/Accordion/index.tsx:91:10)
    at div
    at http://localhost:63315/node_modules/.cache/storybook/10.5.10/d089ae206bd7a58edd27e2b4d3689eedc26f6a98c46b1c5d1ba852a9c5dce8b8/sb-vitest/deps/react-bootstrap.js?v=175c5677:217:117
    at div
    at CustomAccordion (http://localhost:63315/ClientApp/src/components/Accordion/index.tsx:30:10)
    at div
    at http://localhost:63315/node_modules/.cache/storybook/10.5.10/d089ae206bd7a58edd27e2b4d3689eedc26f6a98c46b1c5d1ba852a9c5dce8b8/sb-vitest/deps/react-bootstrap_Row.js?v=88f5539d:10:52
    at SummaryAndAccept (http://localhost:63315/ClientApp/src/routes/acceptQuote/summaryAndAccept.tsx:31:17)
    at hookified (http://localhost:63315/node_modules/.cache/storybook/10.5.10/d089ae206bd7a58edd27e2b4d3689eedc26f6a98c46b1c5d1ba852a9c5dce8b8/sb-vitest/deps/csf-B8OjfbGV.js?v=1fe95d09:8281:9)
    at form
    at http://localhost:63315/node_modules/.cache/storybook/10.5.10/d089ae206bd7a58edd27e2b4d3689eedc26f6a98c46b1c5d1ba852a9c5dce8b8/sb-vitest/deps/formik.js?v=399fd654:3385:21
    at Formik (http://localhost:63315/node_modules/.cache/storybook/10.5.10/d089ae206bd7a58edd27e2b4d3689eedc26f6a98c46b1c5d1ba852a9c5dce8b8/sb-vitest/deps/formik.js?v=399fd654:3190:18)
    at RenderedRoute (http://localhost:63315/node_modules/.cache/storybook/10.5.10/d089ae206bd7a58edd27e2b4d3689eedc26f6a98c46b1c5d1ba852a9c5dce8b8/sb-vitest/deps/react-router.js?v=d4d01f76:4139:26)
    at RenderErrorBoundary (http://localhost:63315/node_modules/.cache/storybook/10.5.10/d089ae206bd7a58edd27e2b4d3689eedc26f6a98c46b1c5d1ba852a9c5dce8b8/sb-vitest/deps/react-router.js?v=d4d01f76:4073:3)
    at DataRoutes2 (http://localhost:63315/node_modules/.cache/storybook/10.5.10/d089ae206bd7a58edd27e2b4d3689eedc26f6a98c46b1c5d1ba852a9c5dce8b8/sb-vitest/deps/react-router.js?v=d4d01f76:4706:24)
    at Router (http://localhost:63315/node_modules/.cache/storybook/10.5.10/d089ae206bd7a58edd27e2b4d3689eedc26f6a98c46b1c5d1ba852a9c5dce8b8/sb-vitest/deps/react-router.js?v=d4d01f76:4771:29)
    at RouterProvider (http://localhost:63315/node_modules/.cache/storybook/10.5.10/d089ae206bd7a58edd27e2b4d3689eedc26f6a98c46b1c5d1ba852a9c5dce8b8/sb-vitest/deps/react-router.js?v=d4d01f76:4516:27)
    at unboundStoryFn (http://localhost:63315/node_modules/.cache/storybook/10.5.10/d089ae206bd7a58edd27e2b4d3689eedc26f6a98c46b1c5d1ba852a9c5dce8b8/sb-vitest/deps/csf-B8OjfbGV.js?v=1fe95d09:8788:243)
 ✓ |storybook (chromium)| ClientApp/src/routes/acceptQuote/AcceptQuote.stories.tsx (7 tests) 2115ms
   ✓ Report Recipient Step  1583ms
 ✓ |storybook (chromium)| ClientApp/src/components/modals/Modals.stories.tsx (5 tests) 2589ms
   ✓ Confirmation Open  2055ms
 ✓ |storybook (chromium)| ClientApp/src/components/forms/ErrorSummary/ErrorSummary.stories.tsx (4 tests) 567ms
   ✓ Server Error  452ms
8:22:26 pm [vite] [31m[2m(client)[22m[39m [2m[console.error] [22m[env] Missing required runtime variable: REACT_APP_APPINSIGHTS_INSTRUMENTATIONKEY
8:22:26 pm [vite] [31m[2m(client)[22m[39m [2m[console.error] [22m[env] Missing required runtime variable: REACT_APP_GA_TRACKINGID
stderr | unknown test
[env] Missing required runtime variable: REACT_APP_APPINSIGHTS_INSTRUMENTATIONKEY
stderr | unknown test
[env] Missing required runtime variable: REACT_APP_GA_TRACKINGID
 ✓ |storybook (chromium)| ClientApp/src/routes/measurementReport/reportList.stories.tsx (2 tests) 701ms
   ✓ Populated  660ms
8:22:26 pm [vite] [31m[2m(client)[22m[39m [2m[console.error] [22m[env] Missing required runtime variable: REACT_APP_APPINSIGHTS_INSTRUMENTATIONKEY
8:22:26 pm [vite] [31m[2m(client)[22m[39m [2m[console.error] [22m[env] Missing required runtime variable: REACT_APP_GA_TRACKINGID
stderr | unknown test
[env] Missing required runtime variable: REACT_APP_APPINSIGHTS_INSTRUMENTATIONKEY
stderr | unknown test
[env] Missing required runtime variable: REACT_APP_GA_TRACKINGID
 ✓ |storybook (chromium)| ClientApp/src/components/Alert/NotificationMessage.stories.tsx (5 tests) 881ms
   ✓ Success  766ms
 ✓ |storybook (chromium)| ClientApp/src/components/Inputs/Inputs.stories.tsx (1 test) 680ms
   ✓ Common Field Set  679ms
8:22:26 pm [vite] [33m[2m(client)[22m[39m [2m[console.warn] [22mIf you do not provide a visible label, you must specify an aria-label or aria-labelledby attribute for accessibility
8:22:26 pm [vite] [33m[2m(client)[22m[39m [2m[console.warn] [22mIf you do not provide a visible label, you must specify an aria-label or aria-labelledby attribute for accessibility
8:22:26 pm [vite] [33m[2m(client)[22m[39m [2m[console.warn] [22mIf you do not provide a visible label, you must specify an aria-label or aria-labelledby attribute for accessibility
stderr | ClientApp/src/components/Inputs/AddressLookup/AddressLookup.stories.tsx > Default
If you do not provide a visible label, you must specify an aria-label or aria-labelledby attribute for accessibility
stderr | ClientApp/src/components/Inputs/AddressLookup/AddressLookup.stories.tsx > Default
If you do not provide a visible label, you must specify an aria-label or aria-labelledby attribute for accessibility
stderr | ClientApp/src/components/Inputs/AddressLookup/AddressLookup.stories.tsx > Default
If you do not provide a visible label, you must specify an aria-label or aria-labelledby attribute for accessibility
 ✓ |storybook (chromium)| ClientApp/src/components/SummaryDisplay/SummaryDisplay.stories.tsx (6 tests) 874ms
   ✓ Text Value  707ms
 ✓ |storybook (chromium)| ClientApp/src/components/Footer/Footer.stories.tsx (4 tests) 1283ms
   ✓ Default  698ms
 ✓ |storybook (chromium)| ClientApp/src/components/Pagination/Pagination.stories.tsx (5 tests) 789ms
   ✓ Mid Range  639ms
 ✓ |storybook (chromium)| ClientApp/src/components/Inputs/AddressLookup/AddressLookup.stories.tsx (2 tests) 933ms
   ✓ Default  890ms
 ✓ |storybook (chromium)| ClientApp/src/components/forms/FormBanner/FormBanner.stories.tsx (4 tests) 1035ms
   ✓ Save And Exit  890ms
 ✓ |storybook (chromium)| ClientApp/src/components/RequestList/paRequestItem.stories.tsx (2 tests) 1040ms
   ✓ Draft Application  998ms
 ✓ |storybook (chromium)| ClientApp/src/components/Progress/ProgressFileList.stories.tsx (3 tests) 1067ms
   ✓ Uploading  992ms
8:22:28 pm [vite] [31m[2m(client)[22m[39m [2m[console.error] [22m[env] Missing required runtime variable: REACT_APP_APPINSIGHTS_INSTRUMENTATIONKEY
8:22:28 pm [vite] [31m[2m(client)[22m[39m [2m[console.error] [22m[env] Missing required runtime variable: REACT_APP_GA_TRACKINGID
stderr | unknown test
[env] Missing required runtime variable: REACT_APP_APPINSIGHTS_INSTRUMENTATIONKEY
stderr | unknown test
[env] Missing required runtime variable: REACT_APP_GA_TRACKINGID
 ✓ |storybook (chromium)| ClientApp/src/routes/ta/manage/appDetails.stories.tsx (1 test) 784ms
   ✓ Details Tab  783ms
8:22:30 pm [vite] [31m[2m(client)[22m[39m [2m[console.error] [22m[env] Missing required runtime variable: REACT_APP_APPINSIGHTS_INSTRUMENTATIONKEY
8:22:30 pm [vite] [31m[2m(client)[22m[39m [2m[console.error] [22m[env] Missing required runtime variable: REACT_APP_GA_TRACKINGID
stderr | unknown test
[env] Missing required runtime variable: REACT_APP_APPINSIGHTS_INSTRUMENTATIONKEY
stderr | unknown test
[env] Missing required runtime variable: REACT_APP_GA_TRACKINGID
8:22:30 pm [vite] [31m[2m(client)[22m[39m [2m[console.error] [22m[env] Missing required runtime variable: REACT_APP_APPINSIGHTS_INSTRUMENTATIONKEY
8:22:30 pm [vite] [31m[2m(client)[22m[39m [2m[console.error] [22m[env] Missing required runtime variable: REACT_APP_GA_TRACKINGID
stderr | unknown test
[env] Missing required runtime variable: REACT_APP_APPINSIGHTS_INSTRUMENTATIONKEY
stderr | unknown test
[env] Missing required runtime variable: REACT_APP_GA_TRACKINGID
 ✓ |storybook (chromium)| ClientApp/src/components/Welcome/Welcome.stories.tsx (3 tests) 959ms
   ✓ Default  897ms
 ✓ |storybook (chromium)| ClientApp/src/components/Inputs/Attachment/AttachmentItem-new.stories.tsx (2 tests) 691ms
   ✓ Editable  668ms
stderr | ClientApp/src/components/SlateEditor/SlateEditor.stories.tsx > Empty
Warning: An update to ForwardRef inside a test was not wrapped in act(...).

When testing, code that causes React state updates should be wrapped into act(...):

act(() => {
  /* fire events that update state */
});
/* assert on the output */

This ensures that you're testing the behavior the user would see in the browser. Learn more at https://reactjs.org/link/wrap-tests-with-act
    at http://localhost:63315/node_modules/.cache/storybook/10.5.10/d089ae206bd7a58edd27e2b4d3689eedc26f6a98c46b1c5d1ba852a9c5dce8b8/sb-vitest/deps/slate-react.js?v=924c16a7:4780:62
    at Slate (http://localhost:63315/node_modules/.cache/storybook/10.5.10/d089ae206bd7a58edd27e2b4d3689eedc26f6a98c46b1c5d1ba852a9c5dce8b8/sb-vitest/deps/slate-react.js?v=924c16a7:5679:8)
    at form
    at SlateEditor (http://localhost:63315/ClientApp/src/components/SlateEditor/SlateEditor.tsx:58:24)
    at hookified (http://localhost:63315/node_modules/.cache/storybook/10.5.10/d089ae206bd7a58edd27e2b4d3689eedc26f6a98c46b1c5d1ba852a9c5dce8b8/sb-vitest/deps/csf-B8OjfbGV.js?v=1fe95d09:8281:9)
    at http://localhost:63315/node_modules/.cache/storybook/10.5.10/d089ae206bd7a58edd27e2b4d3689eedc26f6a98c46b1c5d1ba852a9c5dce8b8/sb-vitest/deps/csf-B8OjfbGV.js?v=1fe95d09:8745:6
    at RenderedRoute (http://localhost:63315/node_modules/.cache/storybook/10.5.10/d089ae206bd7a58edd27e2b4d3689eedc26f6a98c46b1c5d1ba852a9c5dce8b8/sb-vitest/deps/react-router.js?v=d4d01f76:4139:26)
    at RenderErrorBoundary (http://localhost:63315/node_modules/.cache/storybook/10.5.10/d089ae206bd7a58edd27e2b4d3689eedc26f6a98c46b1c5d1ba852a9c5dce8b8/sb-vitest/deps/react-router.js?v=d4d01f76:4073:3)
    at DataRoutes2 (http://localhost:63315/node_modules/.cache/storybook/10.5.10/d089ae206bd7a58edd27e2b4d3689eedc26f6a98c46b1c5d1ba852a9c5dce8b8/sb-vitest/deps/react-router.js?v=d4d01f76:4706:24)
    at Router (http://localhost:63315/node_modules/.cache/storybook/10.5.10/d089ae206bd7a58edd27e2b4d3689eedc26f6a98c46b1c5d1ba852a9c5dce8b8/sb-vitest/deps/react-router.js?v=d4d01f76:4771:29)
    at RouterProvider (http://localhost:63315/node_modules/.cache/storybook/10.5.10/d089ae206bd7a58edd27e2b4d3689eedc26f6a98c46b1c5d1ba852a9c5dce8b8/sb-vitest/deps/react-router.js?v=d4d01f76:4516:27)
    at unboundStoryFn (http://localhost:63315/node_modules/.cache/storybook/10.5.10/d089ae206bd7a58edd27e2b4d3689eedc26f6a98c46b1c5d1ba852a9c5dce8b8/sb-vitest/deps/csf-B8OjfbGV.js?v=1fe95d09:8788:243)
8:22:31 pm [vite] [31m[2m(client)[22m[39m [2m[console.error] [22mWarning: An update to ForwardRef inside a test was not wrapped in act(...).

When testing, code that causes React state updates should be wrapped into act(...):

act(() => {
  /* fire events that update state */
});
/* assert on the output */

This ensures that you're testing the behavior the user would see in the browser. Learn more at https://reactjs.org/link/wrap-tests-with-act
    at http://localhost:63315/node_modules/.cache/storybook/10.5.10/d089ae206bd7a58edd27e2b4d3689eedc26f6a98c46b1c5d1ba852a9c5dce8b8/sb-vitest/deps/slate-react.js?v=924c16a7:4780:62
    at Slate (http://localhost:63315/node_modules/.cache/storybook/10.5.10/d089ae206bd7a58edd27e2b4d3689eedc26f6a98c46b1c5d1ba852a9c5dce8b8/sb-vitest/deps/slate-react.js?v=924c16a7:5679:8)
    at form
    at SlateEditor (http://localhost:63315/ClientApp/src/components/SlateEditor/SlateEditor.tsx:58:24)
    at hookified (http://localhost:63315/node_modules/.cache/storybook/10.5.10/d089ae206bd7a58edd27e2b4d3689eedc26f6a98c46b1c5d1ba852a9c5dce8b8/sb-vitest/deps/csf-B8OjfbGV.js?v=1fe95d09:8281:9)
    at http://localhost:63315/node_modules/.cache/storybook/10.5.10/d089ae206bd7a58edd27e2b4d3689eedc26f6a98c46b1c5d1ba852a9c5dce8b8/sb-vitest/deps/csf-B8OjfbGV.js?v=1fe95d09:8745:6
    at RenderedRoute (http://localhost:63315/node_modules/.cache/storybook/10.5.10/d089ae206bd7a58edd27e2b4d3689eedc26f6a98c46b1c5d1ba852a9c5dce8b8/sb-vitest/deps/react-router.js?v=d4d01f76:4139:26)
    at RenderErrorBoundary (http://localhost:63315/node_modules/.cache/storybook/10.5.10/d089ae206bd7a58edd27e2b4d3689eedc26f6a98c46b1c5d1ba852a9c5dce8b8/sb-vitest/deps/react-router.js?v=d4d01f76:4073:3)
    at DataRoutes2 (http://localhost:63315/node_modules/.cache/storybook/10.5.10/d089ae206bd7a58edd27e2b4d3689eedc26f6a98c46b1c5d1ba852a9c5dce8b8/sb-vitest/deps/react-router.js?v=d4d01f76:4706:24)
    at Router (http://localhost:63315/node_modules/.cache/storybook/10.5.10/d089ae206bd7a58edd27e2b4d3689eedc26f6a98c46b1c5d1ba852a9c5dce8b8/sb-vitest/deps/react-router.js?v=d4d01f76:4771:29)
    at RouterProvider (http://localhost:63315/node_modules/.cache/storybook/10.5.10/d089ae206bd7a58edd27e2b4d3689eedc26f6a98c46b1c5d1ba852a9c5dce8b8/sb-vitest/deps/react-router.js?v=d4d01f76:4516:27)
    at unboundStoryFn (http://localhost:63315/node_modules/.cache/storybook/10.5.10/d089ae206bd7a58edd27e2b4d3689eedc26f6a98c46b1c5d1ba852a9c5dce8b8/sb-vitest/deps/csf-B8OjfbGV.js?v=1fe95d09:8788:243)
 ✓ |storybook (chromium)| ClientApp/src/components/SlateEditor/SlateEditor.stories.tsx (2 tests) 563ms
   ✓ Default  515ms
8:22:31 pm [vite] [33m[2m(client)[22m[39m [2m[console.warn] [22mIf you do not provide a visible label, you must specify an aria-label or aria-labelledby attribute for accessibility
8:22:31 pm [vite] [33m[2m(client)[22m[39m [2m[console.warn] [22mIf you do not provide a visible label, you must specify an aria-label or aria-labelledby attribute for accessibility
8:22:31 pm [vite] [33m[2m(client)[22m[39m [2m[console.warn] [22mIf you do not provide a visible label, you must specify an aria-label or aria-labelledby attribute for accessibility
8:22:31 pm [vite] [33m[2m(client)[22m[39m [2m[console.warn] [22mIf you do not provide a visible label, you must specify an aria-label or aria-labelledby attribute for accessibility
stderr | ClientApp/src/routes/account/AccountRoute.stories.tsx > Organisation Details
If you do not provide a visible label, you must specify an aria-label or aria-labelledby attribute for accessibility
stderr | ClientApp/src/routes/account/AccountRoute.stories.tsx > Organisation Details
If you do not provide a visible label, you must specify an aria-label or aria-labelledby attribute for accessibility
stderr | ClientApp/src/routes/account/AccountRoute.stories.tsx > Organisation Details
If you do not provide a visible label, you must specify an aria-label or aria-labelledby attribute for accessibility
stderr | ClientApp/src/routes/account/AccountRoute.stories.tsx > Organisation Details
If you do not provide a visible label, you must specify an aria-label or aria-labelledby attribute for accessibility
8:22:31 pm [vite] [33m[2m(client)[22m[39m [2m[console.warn] [22mIf you do not provide a visible label, you must specify an aria-label or aria-labelledby attribute for accessibility
8:22:31 pm [vite] [33m[2m(client)[22m[39m [2m[console.warn] [22mIf you do not provide a visible label, you must specify an aria-label or aria-labelledby attribute for accessibility
stderr | ClientApp/src/routes/account/AccountRoute.stories.tsx > Organisation Details
If you do not provide a visible label, you must specify an aria-label or aria-labelledby attribute for accessibility
stderr | ClientApp/src/routes/account/AccountRoute.stories.tsx > Organisation Details
If you do not provide a visible label, you must specify an aria-label or aria-labelledby attribute for accessibility
 ✓ |storybook (chromium)| ClientApp/src/components/SearchFilter/filterMenu.stories.tsx (3 tests) 767ms
   ✓ Closed  675ms
8:22:31 pm [vite] [31m[2m(client)[22m[39m [2m[console.error] [22m[env] Missing required runtime variable: REACT_APP_APPINSIGHTS_INSTRUMENTATIONKEY
8:22:31 pm [vite] [31m[2m(client)[22m[39m [2m[console.error] [22m[env] Missing required runtime variable: REACT_APP_GA_TRACKINGID
stderr | unknown test
[env] Missing required runtime variable: REACT_APP_APPINSIGHTS_INSTRUMENTATIONKEY
stderr | unknown test
[env] Missing required runtime variable: REACT_APP_GA_TRACKINGID
8:22:31 pm [vite] [31m[2m(client)[22m[39m [2m[console.error] [22mWarning: An update to OrganisationNameLookup inside a test was not wrapped in act(...).

When testing, code that causes React state updates should be wrapped into act(...):

act(() => {
  /* fire events that update state */
});
/* assert on the output */

This ensures that you're testing the behavior the user would see in the browser. Learn more at https://reactjs.org/link/wrap-tests-with-act
    at OrganisationNameLookup (http://localhost:63315/ClientApp/src/components/Inputs/OrganisationNameLookup/index.tsx:9:10)
    at div
    at http://localhost:63315/node_modules/.cache/storybook/10.5.10/d089ae206bd7a58edd27e2b4d3689eedc26f6a98c46b1c5d1ba852a9c5dce8b8/sb-vitest/deps/react-bootstrap_Row.js?v=88f5539d:10:52
    at AccountDetails
    at hookified (http://localhost:63315/node_modules/.cache/storybook/10.5.10/d089ae206bd7a58edd27e2b4d3689eedc26f6a98c46b1c5d1ba852a9c5dce8b8/sb-vitest/deps/csf-B8OjfbGV.js?v=1fe95d09:8281:9)
    at form
    at http://localhost:63315/node_modules/.cache/storybook/10.5.10/d089ae206bd7a58edd27e2b4d3689eedc26f6a98c46b1c5d1ba852a9c5dce8b8/sb-vitest/deps/formik.js?v=399fd654:3385:21
    at Formik (http://localhost:63315/node_modules/.cache/storybook/10.5.10/d089ae206bd7a58edd27e2b4d3689eedc26f6a98c46b1c5d1ba852a9c5dce8b8/sb-vitest/deps/formik.js?v=399fd654:3190:18)
    at RenderedRoute (http://localhost:63315/node_modules/.cache/storybook/10.5.10/d089ae206bd7a58edd27e2b4d3689eedc26f6a98c46b1c5d1ba852a9c5dce8b8/sb-vitest/deps/react-router.js?v=d4d01f76:4139:26)
    at RenderErrorBoundary (http://localhost:63315/node_modules/.cache/storybook/10.5.10/d089ae206bd7a58edd27e2b4d3689eedc26f6a98c46b1c5d1ba852a9c5dce8b8/sb-vitest/deps/react-router.js?v=d4d01f76:4073:3)
    at DataRoutes2 (http://localhost:63315/node_modules/.cache/storybook/10.5.10/d089ae206bd7a58edd27e2b4d3689eedc26f6a98c46b1c5d1ba852a9c5dce8b8/sb-vitest/deps/react-router.js?v=d4d01f76:4706:24)
    at Router (http://localhost:63315/node_modules/.cache/storybook/10.5.10/d089ae206bd7a58edd27e2b4d3689eedc26f6a98c46b1c5d1ba852a9c5dce8b8/sb-vitest/deps/react-router.js?v=d4d01f76:4771:29)
    at RouterProvider (http://localhost:63315/node_modules/.cache/storybook/10.5.10/d089ae206bd7a58edd27e2b4d3689eedc26f6a98c46b1c5d1ba852a9c5dce8b8/sb-vitest/deps/react-router.js?v=d4d01f76:4516:27)
    at unboundStoryFn (http://localhost:63315/node_modules/.cache/storybook/10.5.10/d089ae206bd7a58edd27e2b4d3689eedc26f6a98c46b1c5d1ba852a9c5dce8b8/sb-vitest/deps/csf-B8OjfbGV.js?v=1fe95d09:8788:243)
8:22:31 pm [vite] [31m[2m(client)[22m[39m [2m[console.error] [22mWarning: An update to OrganisationNameLookup inside a test was not wrapped in act(...).

When testing, code that causes React state updates should be wrapped into act(...):

act(() => {
  /* fire events that update state */
});
/* assert on the output */

This ensures that you're testing the behavior the user would see in the browser. Learn more at https://reactjs.org/link/wrap-tests-with-act
    at OrganisationNameLookup (http://localhost:63315/ClientApp/src/components/Inputs/OrganisationNameLookup/index.tsx:9:10)
    at div
    at div
    at http://localhost:63315/node_modules/.cache/storybook/10.5.10/d089ae206bd7a58edd27e2b4d3689eedc26f6a98c46b1c5d1ba852a9c5dce8b8/sb-vitest/deps/react-bootstrap_Row.js?v=88f5539d:10:52
    at AccountDetails
    at hookified (http://localhost:63315/node_modules/.cache/storybook/10.5.10/d089ae206bd7a58edd27e2b4d3689eedc26f6a98c46b1c5d1ba852a9c5dce8b8/sb-vitest/deps/csf-B8OjfbGV.js?v=1fe95d09:8281:9)
    at form
    at http://localhost:63315/node_modules/.cache/storybook/10.5.10/d089ae206bd7a58edd27e2b4d3689eedc26f6a98c46b1c5d1ba852a9c5dce8b8/sb-vitest/deps/formik.js?v=399fd654:3385:21
    at Formik (http://localhost:63315/node_modules/.cache/storybook/10.5.10/d089ae206bd7a58edd27e2b4d3689eedc26f6a98c46b1c5d1ba852a9c5dce8b8/sb-vitest/deps/formik.js?v=399fd654:3190:18)
    at RenderedRoute (http://localhost:63315/node_modules/.cache/storybook/10.5.10/d089ae206bd7a58edd27e2b4d3689eedc26f6a98c46b1c5d1ba852a9c5dce8b8/sb-vitest/deps/react-router.js?v=d4d01f76:4139:26)
    at RenderErrorBoundary (http://localhost:63315/node_modules/.cache/storybook/10.5.10/d089ae206bd7a58edd27e2b4d3689eedc26f6a98c46b1c5d1ba852a9c5dce8b8/sb-vitest/deps/react-router.js?v=d4d01f76:4073:3)
    at DataRoutes2 (http://localhost:63315/node_modules/.cache/storybook/10.5.10/d089ae206bd7a58edd27e2b4d3689eedc26f6a98c46b1c5d1ba852a9c5dce8b8/sb-vitest/deps/react-router.js?v=d4d01f76:4706:24)
    at Router (http://localhost:63315/node_modules/.cache/storybook/10.5.10/d089ae206bd7a58edd27e2b4d3689eedc26f6a98c46b1c5d1ba852a9c5dce8b8/sb-vitest/deps/react-router.js?v=d4d01f76:4771:29)
    at RouterProvider (http://localhost:63315/node_modules/.cache/storybook/10.5.10/d089ae206bd7a58edd27e2b4d3689eedc26f6a98c46b1c5d1ba852a9c5dce8b8/sb-vitest/deps/react-router.js?v=d4d01f76:4516:27)
    at unboundStoryFn (http://localhost:63315/node_modules/.cache/storybook/10.5.10/d089ae206bd7a58edd27e2b4d3689eedc26f6a98c46b1c5d1ba852a9c5dce8b8/sb-vitest/deps/csf-B8OjfbGV.js?v=1fe95d09:8788:243)
stderr | ClientApp/src/routes/account/AccountRoute.stories.tsx > Organisation Details
Warning: An update to OrganisationNameLookup inside a test was not wrapped in act(...).

When testing, code that causes React state updates should be wrapped into act(...):

act(() => {
  /* fire events that update state */
});
/* assert on the output */

This ensures that you're testing the behavior the user would see in the browser. Learn more at https://reactjs.org/link/wrap-tests-with-act
    at OrganisationNameLookup (http://localhost:63315/ClientApp/src/components/Inputs/OrganisationNameLookup/index.tsx:9:10)
    at div
    at http://localhost:63315/node_modules/.cache/storybook/10.5.10/d089ae206bd7a58edd27e2b4d3689eedc26f6a98c46b1c5d1ba852a9c5dce8b8/sb-vitest/deps/react-bootstrap_Row.js?v=88f5539d:10:52
    at AccountDetails
    at hookified (http://localhost:63315/node_modules/.cache/storybook/10.5.10/d089ae206bd7a58edd27e2b4d3689eedc26f6a98c46b1c5d1ba852a9c5dce8b8/sb-vitest/deps/csf-B8OjfbGV.js?v=1fe95d09:8281:9)
    at form
    at http://localhost:63315/node_modules/.cache/storybook/10.5.10/d089ae206bd7a58edd27e2b4d3689eedc26f6a98c46b1c5d1ba852a9c5dce8b8/sb-vitest/deps/formik.js?v=399fd654:3385:21
    at Formik (http://localhost:63315/node_modules/.cache/storybook/10.5.10/d089ae206bd7a58edd27e2b4d3689eedc26f6a98c46b1c5d1ba852a9c5dce8b8/sb-vitest/deps/formik.js?v=399fd654:3190:18)
    at RenderedRoute (http://localhost:63315/node_modules/.cache/storybook/10.5.10/d089ae206bd7a58edd27e2b4d3689eedc26f6a98c46b1c5d1ba852a9c5dce8b8/sb-vitest/deps/react-router.js?v=d4d01f76:4139:26)
    at RenderErrorBoundary (http://localhost:63315/node_modules/.cache/storybook/10.5.10/d089ae206bd7a58edd27e2b4d3689eedc26f6a98c46b1c5d1ba852a9c5dce8b8/sb-vitest/deps/react-router.js?v=d4d01f76:4073:3)
    at DataRoutes2 (http://localhost:63315/node_modules/.cache/storybook/10.5.10/d089ae206bd7a58edd27e2b4d3689eedc26f6a98c46b1c5d1ba852a9c5dce8b8/sb-vitest/deps/react-router.js?v=d4d01f76:4706:24)
    at Router (http://localhost:63315/node_modules/.cache/storybook/10.5.10/d089ae206bd7a58edd27e2b4d3689eedc26f6a98c46b1c5d1ba852a9c5dce8b8/sb-vitest/deps/react-router.js?v=d4d01f76:4771:29)
    at RouterProvider (http://localhost:63315/node_modules/.cache/storybook/10.5.10/d089ae206bd7a58edd27e2b4d3689eedc26f6a98c46b1c5d1ba852a9c5dce8b8/sb-vitest/deps/react-router.js?v=d4d01f76:4516:27)
    at unboundStoryFn (http://localhost:63315/node_modules/.cache/storybook/10.5.10/d089ae206bd7a58edd27e2b4d3689eedc26f6a98c46b1c5d1ba852a9c5dce8b8/sb-vitest/deps/csf-B8OjfbGV.js?v=1fe95d09:8788:243)
stderr | ClientApp/src/routes/account/AccountRoute.stories.tsx > Organisation Details
Warning: An update to OrganisationNameLookup inside a test was not wrapped in act(...).

When testing, code that causes React state updates should be wrapped into act(...):

act(() => {
  /* fire events that update state */
});
/* assert on the output */

This ensures that you're testing the behavior the user would see in the browser. Learn more at https://reactjs.org/link/wrap-tests-with-act
    at OrganisationNameLookup (http://localhost:63315/ClientApp/src/components/Inputs/OrganisationNameLookup/index.tsx:9:10)
    at div
    at div
    at http://localhost:63315/node_modules/.cache/storybook/10.5.10/d089ae206bd7a58edd27e2b4d3689eedc26f6a98c46b1c5d1ba852a9c5dce8b8/sb-vitest/deps/react-bootstrap_Row.js?v=88f5539d:10:52
    at AccountDetails
    at hookified (http://localhost:63315/node_modules/.cache/storybook/10.5.10/d089ae206bd7a58edd27e2b4d3689eedc26f6a98c46b1c5d1ba852a9c5dce8b8/sb-vitest/deps/csf-B8OjfbGV.js?v=1fe95d09:8281:9)
    at form
    at http://localhost:63315/node_modules/.cache/storybook/10.5.10/d089ae206bd7a58edd27e2b4d3689eedc26f6a98c46b1c5d1ba852a9c5dce8b8/sb-vitest/deps/formik.js?v=399fd654:3385:21
    at Formik (http://localhost:63315/node_modules/.cache/storybook/10.5.10/d089ae206bd7a58edd27e2b4d3689eedc26f6a98c46b1c5d1ba852a9c5dce8b8/sb-vitest/deps/formik.js?v=399fd654:3190:18)
    at RenderedRoute (http://localhost:63315/node_modules/.cache/storybook/10.5.10/d089ae206bd7a58edd27e2b4d3689eedc26f6a98c46b1c5d1ba852a9c5dce8b8/sb-vitest/deps/react-router.js?v=d4d01f76:4139:26)
    at RenderErrorBoundary (http://localhost:63315/node_modules/.cache/storybook/10.5.10/d089ae206bd7a58edd27e2b4d3689eedc26f6a98c46b1c5d1ba852a9c5dce8b8/sb-vitest/deps/react-router.js?v=d4d01f76:4073:3)
    at DataRoutes2 (http://localhost:63315/node_modules/.cache/storybook/10.5.10/d089ae206bd7a58edd27e2b4d3689eedc26f6a98c46b1c5d1ba852a9c5dce8b8/sb-vitest/deps/react-router.js?v=d4d01f76:4706:24)
    at Router (http://localhost:63315/node_modules/.cache/storybook/10.5.10/d089ae206bd7a58edd27e2b4d3689eedc26f6a98c46b1c5d1ba852a9c5dce8b8/sb-vitest/deps/react-router.js?v=d4d01f76:4771:29)
    at RouterProvider (http://localhost:63315/node_modules/.cache/storybook/10.5.10/d089ae206bd7a58edd27e2b4d3689eedc26f6a98c46b1c5d1ba852a9c5dce8b8/sb-vitest/deps/react-router.js?v=d4d01f76:4516:27)
    at unboundStoryFn (http://localhost:63315/node_modules/.cache/storybook/10.5.10/d089ae206bd7a58edd27e2b4d3689eedc26f6a98c46b1c5d1ba852a9c5dce8b8/sb-vitest/deps/csf-B8OjfbGV.js?v=1fe95d09:8788:243)
8:22:31 pm [vite] [33m[2m(client)[22m[39m [2m[console.warn] [22mIf you do not provide a visible label, you must specify an aria-label or aria-labelledby attribute for accessibility
8:22:31 pm [vite] [33m[2m(client)[22m[39m [2m[console.warn] [22mIf you do not provide a visible label, you must specify an aria-label or aria-labelledby attribute for accessibility
8:22:31 pm [vite] [33m[2m(client)[22m[39m [2m[console.warn] [22mIf you do not provide a visible label, you must specify an aria-label or aria-labelledby attribute for accessibility
8:22:31 pm [vite] [33m[2m(client)[22m[39m [2m[console.warn] [22mIf you do not provide a visible label, you must specify an aria-label or aria-labelledby attribute for accessibility
stderr | ClientApp/src/routes/account/AccountRoute.stories.tsx > Organisation Details Validation
If you do not provide a visible label, you must specify an aria-label or aria-labelledby attribute for accessibility
stderr | ClientApp/src/routes/account/AccountRoute.stories.tsx > Organisation Details Validation
If you do not provide a visible label, you must specify an aria-label or aria-labelledby attribute for accessibility
stderr | ClientApp/src/routes/account/AccountRoute.stories.tsx > Organisation Details Validation
If you do not provide a visible label, you must specify an aria-label or aria-labelledby attribute for accessibility
stderr | ClientApp/src/routes/account/AccountRoute.stories.tsx > Organisation Details Validation
If you do not provide a visible label, you must specify an aria-label or aria-labelledby attribute for accessibility
8:22:31 pm [vite] [33m[2m(client)[22m[39m [2m[console.warn] [22mIf you do not provide a visible label, you must specify an aria-label or aria-labelledby attribute for accessibility
8:22:31 pm [vite] [33m[2m(client)[22m[39m [2m[console.warn] [22mIf you do not provide a visible label, you must specify an aria-label or aria-labelledby attribute for accessibility
stderr | ClientApp/src/routes/account/AccountRoute.stories.tsx > Organisation Details Validation
If you do not provide a visible label, you must specify an aria-label or aria-labelledby attribute for accessibility
stderr | ClientApp/src/routes/account/AccountRoute.stories.tsx > Organisation Details Validation
If you do not provide a visible label, you must specify an aria-label or aria-labelledby attribute for accessibility
 ✓ |storybook (chromium)| ClientApp/src/routes/account/AccountRoute.stories.tsx (2 tests) 936ms
   ✓ Organisation Details  857ms
 ✓ |storybook (chromium)| ClientApp/src/components/Inputs/Attachment/index-new.stories.tsx (1 test) 1062ms
   ✓ Empty Uploader  1061ms
8:22:31 pm [vite] [31m[2m(client)[22m[39m [2m[console.error] [22m[env] Missing required runtime variable: REACT_APP_APPINSIGHTS_INSTRUMENTATIONKEY
8:22:31 pm [vite] [31m[2m(client)[22m[39m [2m[console.error] [22m[env] Missing required runtime variable: REACT_APP_GA_TRACKINGID
stderr | unknown test
[env] Missing required runtime variable: REACT_APP_APPINSIGHTS_INSTRUMENTATIONKEY
stderr | unknown test
[env] Missing required runtime variable: REACT_APP_GA_TRACKINGID
 ✓ |storybook (chromium)| ClientApp/src/components/Buttons/BackToDashboardButton/BackToDashboardButton.stories.tsx (3 tests) 933ms
   ✓ Default  877ms
8:22:32 pm [vite] [33m[2m(client)[22m[39m [2m[console.warn] [22m[MSW] Warning: intercepted a request without a matching request handler:

  • GET /api/lookup?LookupType=TCPortalMeasurementCategory

If you still wish to intercept this unhandled request, please create a request handler for it.
Read more: https://mswjs.io/docs/http/intercepting-requests
8:22:32 pm [vite] [33m[2m(client)[22m[39m [2m[console.warn] [22m[MSW] Warning: intercepted a request without a matching request handler:

  • GET /api/lookup?LookupType=TCArtefactTypePortalCategory

If you still wish to intercept this unhandled request, please create a request handler for it.
Read more: https://mswjs.io/docs/http/intercepting-requests
stderr | ClientApp/src/routes/requestForQuote/requestForQuoteSummary.stories.tsx > Editable
[MSW] Warning: intercepted a request without a matching request handler:

  • GET /api/lookup?LookupType=TCPortalMeasurementCategory

If you still wish to intercept this unhandled request, please create a request handler for it.
Read more: https://mswjs.io/docs/http/intercepting-requests
stderr | ClientApp/src/routes/requestForQuote/requestForQuoteSummary.stories.tsx > Editable
[MSW] Warning: intercepted a request without a matching request handler:

  • GET /api/lookup?LookupType=TCArtefactTypePortalCategory

If you still wish to intercept this unhandled request, please create a request handler for it.
Read more: https://mswjs.io/docs/http/intercepting-requests
 ✓ |storybook (chromium)| ClientApp/src/components/Breadcrumb/Breadcrumb.stories.tsx (2 tests) 851ms
   ✓ Three Levels  824ms
 ✓ |storybook (chromium)| ClientApp/src/components/modals/ContentModal/ContentModal.stories.tsx (2 tests) 988ms
   ✓ Open With Content  964ms
8:22:32 pm [vite] [33m[2m(client)[22m[39m [2m[console.warn] [22m[MSW] Warning: intercepted a request without a matching request handler:

  • GET /api/lookup?LookupType=TCPortalMeasurementCategory

If you still wish to intercept this unhandled request, please create a request handler for it.
Read more: https://mswjs.io/docs/http/intercepting-requests
8:22:32 pm [vite] [33m[2m(client)[22m[39m [2m[console.warn] [22m[MSW] Warning: intercepted a request without a matching request handler:

  • GET /api/lookup?LookupType=TCArtefactTypePortalCategory

If you still wish to intercept this unhandled request, please create a request handler for it.
Read more: https://mswjs.io/docs/http/intercepting-requests
stderr | ClientApp/src/routes/requestForQuote/requestForQuoteSummary.stories.tsx > Submitted
[MSW] Warning: intercepted a request without a matching request handler:

  • GET /api/lookup?LookupType=TCPortalMeasurementCategory

If you still wish to intercept this unhandled request, please create a request handler for it.
Read more: https://mswjs.io/docs/http/intercepting-requests
stderr | ClientApp/src/routes/requestForQuote/requestForQuoteSummary.stories.tsx > Submitted
[MSW] Warning: intercepted a request without a matching request handler:

  • GET /api/lookup?LookupType=TCArtefactTypePortalCategory

If you still wish to intercept this unhandled request, please create a request handler for it.
Read more: https://mswjs.io/docs/http/intercepting-requests
 ✓ |storybook (chromium)| ClientApp/src/routes/requestForQuote/requestForQuoteSummary.stories.tsx (2 tests) 894ms
   ✓ Editable  848ms
 ✓ |storybook (chromium)| ClientApp/src/routes/ta/summaryAndSubmit.stories.tsx (2 tests) 802ms
   ✓ Editable  749ms
 ✓ |storybook (chromium)| ClientApp/src/routes/contact/ContactRoute.stories.tsx (2 tests) 873ms
   ✓ Default  823ms
8:22:34 pm [vite] [31m[2m(client)[22m[39m [2m[console.error] [22m[env] Missing required runtime variable: REACT_APP_APPINSIGHTS_INSTRUMENTATIONKEY
8:22:34 pm [vite] [31m[2m(client)[22m[39m [2m[console.error] [22m[env] Missing required runtime variable: REACT_APP_GA_TRACKINGID
stderr | unknown test
[env] Missing required runtime variable: REACT_APP_APPINSIGHTS_INSTRUMENTATIONKEY
stderr | unknown test
[env] Missing required runtime variable: REACT_APP_GA_TRACKINGID
 ✓ |storybook (chromium)| ClientApp/src/components/Pill/Pill.stories.tsx (2 tests) 1073ms
   ✓ Dashboard Statuses  1048ms
8:22:34 pm [vite] [31m[2m(client)[22m[39m [2m[console.error] [22m[env] Missing required runtime variable: REACT_APP_APPINSIGHTS_INSTRUMENTATIONKEY
8:22:34 pm [vite] [31m[2m(client)[22m[39m [2m[console.error] [22m[env] Missing required runtime variable: REACT_APP_GA_TRACKINGID
stderr | unknown test
[env] Missing required runtime variable: REACT_APP_APPINSIGHTS_INSTRUMENTATIONKEY
stderr | unknown test
[env] Missing required runtime variable: REACT_APP_GA_TRACKINGID
 ✓ |storybook (chromium)| ClientApp/src/components/SearchFilter/searchBox.stories.tsx (3 tests) 1151ms
   ✓ Empty  1021ms
 ✓ |storybook (chromium)| ClientApp/src/routes/ta/instrumentInfoPanel.stories.tsx (2 tests) 911ms
   ✓ With References  893ms
 ✓ |storybook (chromium)| ClientApp/src/components/SearchFilter/TypeApproval/paFilterMenu.stories.tsx (2 tests) 1043ms
   ✓ Closed  984ms
 ✓ |storybook (chromium)| ClientApp/src/components/Alert/Alert.stories.tsx (4 tests) 877ms
   ✓ Info  807ms
8:22:36 pm [vite] [31m[2m(client)[22m[39m [2m[console.error] [22m[env] Missing required runtime variable: REACT_APP_APPINSIGHTS_INSTRUMENTATIONKEY
8:22:36 pm [vite] [31m[2m(client)[22m[39m [2m[console.error] [22m[env] Missing required runtime variable: REACT_APP_GA_TRACKINGID
stderr | unknown test
[env] Missing required runtime variable: REACT_APP_APPINSIGHTS_INSTRUMENTATIONKEY
stderr | unknown test
[env] Missing required runtime variable: REACT_APP_GA_TRACKINGID
 ✓ |storybook (chromium)| ClientApp/src/components/Inputs/DatePicker/CustomDateInput.stories.tsx (2 tests) 879ms
   ✓ Default  850ms
8:22:36 pm [vite] [31m[2m(client)[22m[39m [2m[console.error] [22m[env] Missing required runtime variable: REACT_APP_APPINSIGHTS_INSTRUMENTATIONKEY
8:22:36 pm [vite] [31m[2m(client)[22m[39m [2m[console.error] [22m[env] Missing required runtime variable: REACT_APP_GA_TRACKINGID
stderr | unknown test
[env] Missing required runtime variable: REACT_APP_APPINSIGHTS_INSTRUMENTATIONKEY
stderr | unknown test
[env] Missing required runtime variable: REACT_APP_GA_TRACKINGID
 ✓ |storybook (chromium)| ClientApp/src/components/Buttons/ButtonBreadth.stories.tsx (2 tests) 721ms
   ✓ Grouped Actions  691ms
8:22:36 pm [vite] [33m[2m(client)[22m[39m [2m[console.warn] [22mIf you do not provide a visible label, you must specify an aria-label or aria-labelledby attribute for accessibility
stderr | ClientApp/src/routes/account/organisationDetails.stories.tsx > Default
If you do not provide a visible label, you must specify an aria-label or aria-labelledby attribute for accessibility
8:22:36 pm [vite] [33m[2m(client)[22m[39m [2m[console.warn] [22mIf you do not provide a visible label, you must specify an aria-label or aria-labelledby attribute for accessibility
stderr | ClientApp/src/routes/account/organisationDetails.stories.tsx > Default
If you do not provide a visible label, you must specify an aria-label or aria-labelledby attribute for accessibility
8:22:36 pm [vite] [33m[2m(client)[22m[39m [2m[console.warn] [22mIf you do not provide a visible label, you must specify an aria-label or aria-labelledby attribute for accessibility
8:22:36 pm [vite] [33m[2m(client)[22m[39m [2m[console.warn] [22mIf you do not provide a visible label, you must specify an aria-label or aria-labelledby attribute for accessibility
stderr | ClientApp/src/routes/account/organisationDetails.stories.tsx > Default
If you do not provide a visible label, you must specify an aria-label or aria-labelledby attribute for accessibility
stderr | ClientApp/src/routes/account/organisationDetails.stories.tsx > Default
If you do not provide a visible label, you must specify an aria-label or aria-labelledby attribute for accessibility
8:22:36 pm [vite] [33m[2m(client)[22m[39m [2m[console.warn] [22mIf you do not provide a visible label, you must specify an aria-label or aria-labelledby attribute for accessibility
stderr | ClientApp/src/routes/account/organisationDetails.stories.tsx > Default
If you do not provide a visible label, you must specify an aria-label or aria-labelledby attribute for accessibility
8:22:36 pm [vite] [33m[2m(client)[22m[39m [2m[console.warn] [22mIf you do not provide a visible label, you must specify an aria-label or aria-labelledby attribute for accessibility
stderr | ClientApp/src/routes/account/organisationDetails.stories.tsx > Default
If you do not provide a visible label, you must specify an aria-label or aria-labelledby attribute for accessibility
 ✓ |storybook (chromium)| ClientApp/src/routes/account/organisationDetails.stories.tsx (1 test) 724ms
   ✓ Default  723ms
8:22:37 pm [vite] [31m[2m(client)[22m[39m [2m[console.error] [22m[env] Missing required runtime variable: REACT_APP_APPINSIGHTS_INSTRUMENTATIONKEY
8:22:37 pm [vite] [31m[2m(client)[22m[39m [2m[console.error] [22m[env] Missing required runtime variable: REACT_APP_GA_TRACKINGID
stderr | unknown test
[env] Missing required runtime variable: REACT_APP_APPINSIGHTS_INSTRUMENTATIONKEY
stderr | unknown test
[env] Missing required runtime variable: REACT_APP_GA_TRACKINGID
 ✓ |storybook (chromium)| ClientApp/src/components/Utilities/Utilities.stories.tsx (4 tests) 910ms
   ✓ Contact Actions  812ms
 ✓ |storybook (chromium)| ClientApp/src/components/Inputs/DatePicker/CustomDatePicker.stories.tsx (2 tests) 876ms
   ✓ Collapsed  847ms
8:22:37 pm [vite] [33m[2m(client)[22m[39m [2m[console.warn] [22mIf you do not provide a visible label, you must specify an aria-label or aria-labelledby attribute for accessibility
8:22:37 pm [vite] [33m[2m(client)[22m[39m [2m[console.warn] [22mIf you do not provide a visible label, you must specify an aria-label or aria-labelledby attribute for accessibility
stderr | ClientApp/src/routes/ta/organisationAndContact.stories.tsx > Edit Step
If you do not provide a visible label, you must specify an aria-label or aria-labelledby attribute for accessibility
stderr | ClientApp/src/routes/ta/organisationAndContact.stories.tsx > Edit Step
If you do not provide a visible label, you must specify an aria-label or aria-labelledby attribute for accessibility
8:22:37 pm [vite] [33m[2m(client)[22m[39m [2m[console.warn] [22mIf you do not provide a visible label, you must specify an aria-label or aria-labelledby attribute for accessibility
8:22:37 pm [vite] [33m[2m(client)[22m[39m [2m[console.warn] [22mIf you do not provide a visible label, you must specify an aria-label or aria-labelledby attribute for accessibility
stderr | ClientApp/src/routes/ta/organisationAndContact.stories.tsx > Edit Step
If you do not provide a visible label, you must specify an aria-label or aria-labelledby attribute for accessibility
stderr | ClientApp/src/routes/ta/organisationAndContact.stories.tsx > Edit Step
If you do not provide a visible label, you must specify an aria-label or aria-labelledby attribute for accessibility
8:22:37 pm [vite] [33m[2m(client)[22m[39m [2m[console.warn] [22mIf you do not provide a visible label, you must specify an aria-label or aria-labelledby attribute for accessibility
8:22:37 pm [vite] [33m[2m(client)[22m[39m [2m[console.warn] [22mIf you do not provide a visible label, you must specify an aria-label or aria-labelledby attribute for accessibility
stderr | ClientApp/src/routes/ta/organisationAndContact.stories.tsx > Edit Step
If you do not provide a visible label, you must specify an aria-label or aria-labelledby attribute for accessibility
stderr | ClientApp/src/routes/ta/organisationAndContact.stories.tsx > Edit Step
If you do not provide a visible label, you must specify an aria-label or aria-labelledby attribute for accessibility
 ✓ |storybook (chromium)| ClientApp/src/routes/ta/organisationAndContact.stories.tsx (1 test) 715ms
   ✓ Edit Step  715ms
 ✓ |storybook (chromium)| ClientApp/src/components/Buttons/PrimaryButton/PrimaryButton.stories.tsx (5 tests) 938ms
   ✓ Default  858ms
8:22:39 pm [vite] [31m[2m(client)[22m[39m [2m[console.error] [22m[env] Missing required runtime variable: REACT_APP_APPINSIGHTS_INSTRUMENTATIONKEY
stderr | unknown test
[env] Missing required runtime variable: REACT_APP_APPINSIGHTS_INSTRUMENTATIONKEY
stderr | unknown test
[env] Missing required runtime variable: REACT_APP_GA_TRACKINGID
8:22:39 pm [vite] [31m[2m(client)[22m[39m [2m[console.error] [22m[env] Missing required runtime variable: REACT_APP_GA_TRACKINGID
 ✓ |storybook (chromium)| ClientApp/src/routes/quotation/Quotation.stories.tsx (2 tests) 1051ms
   ✓ Quote Summary  1019ms
8:22:40 pm [vite] [31m[2m(client)[22m[39m [2m[console.error] [22m[env] Missing required runtime variable: REACT_APP_APPINSIGHTS_INSTRUMENTATIONKEY
8:22:40 pm [vite] [31m[2m(client)[22m[39m [2m[console.error] [22m[env] Missing required runtime variable: REACT_APP_GA_TRACKINGID
stderr | unknown test
[env] Missing required runtime variable: REACT_APP_APPINSIGHTS_INSTRUMENTATIONKEY
stderr | unknown test
[env] Missing required runtime variable: REACT_APP_GA_TRACKINGID
8:22:40 pm [vite] [31m[2m(client)[22m[39m [2m[console.error] [22m[env] Missing required runtime variable: REACT_APP_APPINSIGHTS_INSTRUMENTATIONKEY
8:22:40 pm [vite] [31m[2m(client)[22m[39m [2m[console.error] [22m[env] Missing required runtime variable: REACT_APP_GA_TRACKINGID
stderr | unknown test
[env] Missing required runtime variable: REACT_APP_APPINSIGHTS_INSTRUMENTATIONKEY
stderr | unknown test
[env] Missing required runtime variable: REACT_APP_GA_TRACKINGID
 ✓ |storybook (chromium)| ClientApp/src/components/Progress/ProgressBar.stories.tsx (3 tests) 686ms
   ✓ In Progress  633ms
 ✓ |storybook (chromium)| ClientApp/src/components/Inputs/AutoSuggest/AutoSuggestOption.stories.tsx (2 tests) 865ms
   ✓ Default  832ms
8:22:40 pm [vite] [33m[2m(client)[22m[39m [2m[console.warn] [22m[MSW] Warning: intercepted a request without a matching request handler:

  • GET https://www.googletagmanager.com/gtag/js?id=

If you still wish to intercept this unhandled request, please create a request handler for it.
Read more: https://mswjs.io/docs/http/intercepting-requests
stderr | ClientApp/src/routes/preConditions/PreConditions.stories.tsx > Renders Protected Content
[MSW] Warning: intercepted a request without a matching request handler:

  • GET https://www.googletagmanager.com/gtag/js?id=

If you still wish to intercept this unhandled request, please create a request handler for it.
Read more: https://mswjs.io/docs/http/intercepting-requests
8:22:40 pm [vite] [31m[2m(client)[22m[39m [2m[console.error] [22mWarning: An update to Layout inside a test was not wrapped in act(...).

When testing, code that causes React state updates should be wrapped into act(...):

act(() => {
  /* fire events that update state */
});
/* assert on the output */

This ensures that you're testing the behavior the user would see in the browser. Learn more at https://reactjs.org/link/wrap-tests-with-act
    at Layout (http://localhost:63315/ClientApp/src/components/Layout/index.tsx:11:19)
    at div
    at PreConditions (http://localhost:63315/ClientApp/src/routes/preConditions/PreConditions.tsx:18:10)
    at hookified (http://localhost:63315/node_modules/.cache/storybook/10.5.10/d089ae206bd7a58edd27e2b4d3689eedc26f6a98c46b1c5d1ba852a9c5dce8b8/sb-vitest/deps/csf-B8OjfbGV.js?v=1fe95d09:8281:9)
    at RenderedRoute (http://localhost:63315/node_modules/.cache/storybook/10.5.10/d089ae206bd7a58edd27e2b4d3689eedc26f6a98c46b1c5d1ba852a9c5dce8b8/sb-vitest/deps/react-router.js?v=d4d01f76:4139:26)
    at RenderErrorBoundary (http://localhost:63315/node_modules/.cache/storybook/10.5.10/d089ae206bd7a58edd27e2b4d3689eedc26f6a98c46b1c5d1ba852a9c5dce8b8/sb-vitest/deps/react-router.js?v=d4d01f76:4073:3)
    at DataRoutes2 (http://localhost:63315/node_modules/.cache/storybook/10.5.10/d089ae206bd7a58edd27e2b4d3689eedc26f6a98c46b1c5d1ba852a9c5dce8b8/sb-vitest/deps/react-router.js?v=d4d01f76:4706:24)
    at Router (http://localhost:63315/node_modules/.cache/storybook/10.5.10/d089ae206bd7a58edd27e2b4d3689eedc26f6a98c46b1c5d1ba852a9c5dce8b8/sb-vitest/deps/react-router.js?v=d4d01f76:4771:29)
    at RouterProvider (http://localhost:63315/node_modules/.cache/storybook/10.5.10/d089ae206bd7a58edd27e2b4d3689eedc26f6a98c46b1c5d1ba852a9c5dce8b8/sb-vitest/deps/react-router.js?v=d4d01f76:4516:27)
    at unboundStoryFn (http://localhost:63315/node_modules/.cache/storybook/10.5.10/d089ae206bd7a58edd27e2b4d3689eedc26f6a98c46b1c5d1ba852a9c5dce8b8/sb-vitest/deps/csf-B8OjfbGV.js?v=1fe95d09:8788:243)
8:22:40 pm [vite] [31m[2m(client)[22m[39m [2m[console.error] [22mWarning: An update to PreConditions inside a test was not wrapped in act(...).

When testing, code that causes React state updates should be wrapped into act(...):

act(() => {
  /* fire events that update state */
});
/* assert on the output */

This ensures that you're testing the behavior the user would see in the browser. Learn more at https://reactjs.org/link/wrap-tests-with-act
    at PreConditions (http://localhost:63315/ClientApp/src/routes/preConditions/PreConditions.tsx:18:10)
    at hookified (http://localhost:63315/node_modules/.cache/storybook/10.5.10/d089ae206bd7a58edd27e2b4d3689eedc26f6a98c46b1c5d1ba852a9c5dce8b8/sb-vitest/deps/csf-B8OjfbGV.js?v=1fe95d09:8281:9)
    at RenderedRoute (http://localhost:63315/node_modules/.cache/storybook/10.5.10/d089ae206bd7a58edd27e2b4d3689eedc26f6a98c46b1c5d1ba852a9c5dce8b8/sb-vitest/deps/react-router.js?v=d4d01f76:4139:26)
    at RenderErrorBoundary (http://localhost:63315/node_modules/.cache/storybook/10.5.10/d089ae206bd7a58edd27e2b4d3689eedc26f6a98c46b1c5d1ba852a9c5dce8b8/sb-vitest/deps/react-router.js?v=d4d01f76:4073:3)
    at DataRoutes2 (http://localhost:63315/node_modules/.cache/storybook/10.5.10/d089ae206bd7a58edd27e2b4d3689eedc26f6a98c46b1c5d1ba852a9c5dce8b8/sb-vitest/deps/react-router.js?v=d4d01f76:4706:24)
    at Router (http://localhost:63315/node_modules/.cache/storybook/10.5.10/d089ae206bd7a58edd27e2b4d3689eedc26f6a98c46b1c5d1ba852a9c5dce8b8/sb-vitest/deps/react-router.js?v=d4d01f76:4771:29)
    at RouterProvider (http://localhost:63315/node_modules/.cache/storybook/10.5.10/d089ae206bd7a58edd27e2b4d3689eedc26f6a98c46b1c5d1ba852a9c5dce8b8/sb-vitest/deps/react-router.js?v=d4d01f76:4516:27)
    at unboundStoryFn (http://localhost:63315/node_modules/.cache/storybook/10.5.10/d089ae206bd7a58edd27e2b4d3689eedc26f6a98c46b1c5d1ba852a9c5dce8b8/sb-vitest/deps/csf-B8OjfbGV.js?v=1fe95d09:8788:243)
stderr | ClientApp/src/routes/preConditions/PreConditions.stories.tsx > Renders Protected Content
Warning: An update to Layout inside a test was not wrapped in act(...).

When testing, code that causes React state updates should be wrapped into act(...):

act(() => {
  /* fire events that update state */
});
/* assert on the output */

This ensures that you're testing the behavior the user would see in the browser. Learn more at https://reactjs.org/link/wrap-tests-with-act
    at Layout (http://localhost:63315/ClientApp/src/components/Layout/index.tsx:11:19)
    at div
    at PreConditions (http://localhost:63315/ClientApp/src/routes/preConditions/PreConditions.tsx:18:10)
    at hookified (http://localhost:63315/node_modules/.cache/storybook/10.5.10/d089ae206bd7a58edd27e2b4d3689eedc26f6a98c46b1c5d1ba852a9c5dce8b8/sb-vitest/deps/csf-B8OjfbGV.js?v=1fe95d09:8281:9)
    at RenderedRoute (http://localhost:63315/node_modules/.cache/storybook/10.5.10/d089ae206bd7a58edd27e2b4d3689eedc26f6a98c46b1c5d1ba852a9c5dce8b8/sb-vitest/deps/react-router.js?v=d4d01f76:4139:26)
    at RenderErrorBoundary (http://localhost:63315/node_modules/.cache/storybook/10.5.10/d089ae206bd7a58edd27e2b4d3689eedc26f6a98c46b1c5d1ba852a9c5dce8b8/sb-vitest/deps/react-router.js?v=d4d01f76:4073:3)
    at DataRoutes2 (http://localhost:63315/node_modules/.cache/storybook/10.5.10/d089ae206bd7a58edd27e2b4d3689eedc26f6a98c46b1c5d1ba852a9c5dce8b8/sb-vitest/deps/react-router.js?v=d4d01f76:4706:24)
    at Router (http://localhost:63315/node_modules/.cache/storybook/10.5.10/d089ae206bd7a58edd27e2b4d3689eedc26f6a98c46b1c5d1ba852a9c5dce8b8/sb-vitest/deps/react-router.js?v=d4d01f76:4771:29)
    at RouterProvider (http://localhost:63315/node_modules/.cache/storybook/10.5.10/d089ae206bd7a58edd27e2b4d3689eedc26f6a98c46b1c5d1ba852a9c5dce8b8/sb-vitest/deps/react-router.js?v=d4d01f76:4516:27)
    at unboundStoryFn (http://localhost:63315/node_modules/.cache/storybook/10.5.10/d089ae206bd7a58edd27e2b4d3689eedc26f6a98c46b1c5d1ba852a9c5dce8b8/sb-vitest/deps/csf-B8OjfbGV.js?v=1fe95d09:8788:243)
stderr | ClientApp/src/routes/preConditions/PreConditions.stories.tsx > Renders Protected Content
Warning: An update to PreConditions inside a test was not wrapped in act(...).

When testing, code that causes React state updates should be wrapped into act(...):

act(() => {
  /* fire events that update state */
});
/* assert on the output */

This ensures that you're testing the behavior the user would see in the browser. Learn more at https://reactjs.org/link/wrap-tests-with-act
    at PreConditions (http://localhost:63315/ClientApp/src/routes/preConditions/PreConditions.tsx:18:10)
    at hookified (http://localhost:63315/node_modules/.cache/storybook/10.5.10/d089ae206bd7a58edd27e2b4d3689eedc26f6a98c46b1c5d1ba852a9c5dce8b8/sb-vitest/deps/csf-B8OjfbGV.js?v=1fe95d09:8281:9)
    at RenderedRoute (http://localhost:63315/node_modules/.cache/storybook/10.5.10/d089ae206bd7a58edd27e2b4d3689eedc26f6a98c46b1c5d1ba852a9c5dce8b8/sb-vitest/deps/react-router.js?v=d4d01f76:4139:26)
    at RenderErrorBoundary (http://localhost:63315/node_modules/.cache/storybook/10.5.10/d089ae206bd7a58edd27e2b4d3689eedc26f6a98c46b1c5d1ba852a9c5dce8b8/sb-vitest/deps/react-router.js?v=d4d01f76:4073:3)
    at DataRoutes2 (http://localhost:63315/node_modules/.cache/storybook/10.5.10/d089ae206bd7a58edd27e2b4d3689eedc26f6a98c46b1c5d1ba852a9c5dce8b8/sb-vitest/deps/react-router.js?v=d4d01f76:4706:24)
    at Router (http://localhost:63315/node_modules/.cache/storybook/10.5.10/d089ae206bd7a58edd27e2b4d3689eedc26f6a98c46b1c5d1ba852a9c5dce8b8/sb-vitest/deps/react-router.js?v=d4d01f76:4771:29)
    at RouterProvider (http://localhost:63315/node_modules/.cache/storybook/10.5.10/d089ae206bd7a58edd27e2b4d3689eedc26f6a98c46b1c5d1ba852a9c5dce8b8/sb-vitest/deps/react-router.js?v=d4d01f76:4516:27)
    at unboundStoryFn (http://localhost:63315/node_modules/.cache/storybook/10.5.10/d089ae206bd7a58edd27e2b4d3689eedc26f6a98c46b1c5d1ba852a9c5dce8b8/sb-vitest/deps/csf-B8OjfbGV.js?v=1fe95d09:8788:243)
 ✓ |storybook (chromium)| ClientApp/src/components/Actions/Actions.stories.tsx (2 tests) 960ms
   ✓ Text Button  936ms
 ✓ |storybook (chromium)| ClientApp/src/routes/preConditions/PreConditions.stories.tsx (1 test) 1063ms
   ✓ Renders Protected Content  1062ms
8:22:41 pm [vite] [31m[2m(client)[22m[39m [2m[console.error] [22m[env] Missing required runtime variable: REACT_APP_APPINSIGHTS_INSTRUMENTATIONKEY
8:22:41 pm [vite] [31m[2m(client)[22m[39m [2m[console.error] [22m[env] Missing required runtime variable: REACT_APP_GA_TRACKINGID
stderr | unknown test
[env] Missing required runtime variable: REACT_APP_APPINSIGHTS_INSTRUMENTATIONKEY
stderr | unknown test
[env] Missing required runtime variable: REACT_APP_GA_TRACKINGID
8:22:41 pm [vite] [31m[2m(client)[22m[39m [2m[console.error] [22m[env] Missing required runtime variable: REACT_APP_APPINSIGHTS_INSTRUMENTATIONKEY
8:22:41 pm [vite] [31m[2m(client)[22m[39m [2m[console.error] [22m[env] Missing required runtime variable: REACT_APP_GA_TRACKINGID
stderr | unknown test
[env] Missing required runtime variable: REACT_APP_APPINSIGHTS_INSTRUMENTATIONKEY
stderr | unknown test
[env] Missing required runtime variable: REACT_APP_GA_TRACKINGID
 ✓ |storybook (chromium)| ClientApp/src/routes/ta/supportingDocuments.stories.tsx (1 test) 967ms
   ✓ Edit Step  966ms
8:22:41 pm [vite] [31m[2m(client)[22m[39m [2m[console.error] [22mWarning: An update to CertificateNumberLookup inside a test was not wrapped in act(...).

When testing, code that causes React state updates should be wrapped into act(...):

act(() => {
  /* fire events that update state */
});
/* assert on the output */

This ensures that you're testing the behavior the user would see in the browser. Learn more at https://reactjs.org/link/wrap-tests-with-act
    at CertificateNumberLookup (http://localhost:63315/ClientApp/src/components/Inputs/CertificateNumberLookup/index.tsx:9:10)
    at div
    at http://localhost:63315/node_modules/.cache/storybook/10.5.10/d089ae206bd7a58edd27e2b4d3689eedc26f6a98c46b1c5d1ba852a9c5dce8b8/sb-vitest/deps/react-bootstrap_Row.js?v=88f5539d:10:52
    at HidableField (http://localhost:63315/ClientApp/src/components/forms/HidableField/index.tsx:7:41)
    at ApplicationAndInstrument (http://localhost:63315/ClientApp/src/routes/ta/applicationAndInstrument.tsx:94:10)
    at hookified (http://localhost:63315/node_modules/.cache/storybook/10.5.10/d089ae206bd7a58edd27e2b4d3689eedc26f6a98c46b1c5d1ba852a9c5dce8b8/sb-vitest/deps/csf-B8OjfbGV.js?v=1fe95d09:8281:9)
    at form
    at http://localhost:63315/node_modules/.cache/storybook/10.5.10/d089ae206bd7a58edd27e2b4d3689eedc26f6a98c46b1c5d1ba852a9c5dce8b8/sb-vitest/deps/formik.js?v=399fd654:3385:21
    at Formik (http://localhost:63315/node_modules/.cache/storybook/10.5.10/d089ae206bd7a58edd27e2b4d3689eedc26f6a98c46b1c5d1ba852a9c5dce8b8/sb-vitest/deps/formik.js?v=399fd654:3190:18)
    at RenderedRoute (http://localhost:63315/node_modules/.cache/storybook/10.5.10/d089ae206bd7a58edd27e2b4d3689eedc26f6a98c46b1c5d1ba852a9c5dce8b8/sb-vitest/deps/react-router.js?v=d4d01f76:4139:26)
    at RenderErrorBoundary (http://localhost:63315/node_modules/.cache/storybook/10.5.10/d089ae206bd7a58edd27e2b4d3689eedc26f6a98c46b1c5d1ba852a9c5dce8b8/sb-vitest/deps/react-router.js?v=d4d01f76:4073:3)
    at DataRoutes2 (http://localhost:63315/node_modules/.cache/storybook/10.5.10/d089ae206bd7a58edd27e2b4d3689eedc26f6a98c46b1c5d1ba852a9c5dce8b8/sb-vitest/deps/react-router.js?v=d4d01f76:4706:24)
    at Router (http://localhost:63315/node_modules/.cache/storybook/10.5.10/d089ae206bd7a58edd27e2b4d3689eedc26f6a98c46b1c5d1ba852a9c5dce8b8/sb-vitest/deps/react-router.js?v=d4d01f76:4771:29)
    at RouterProvider (http://localhost:63315/node_modules/.cache/storybook/10.5.10/d089ae206bd7a58edd27e2b4d3689eedc26f6a98c46b1c5d1ba852a9c5dce8b8/sb-vitest/deps/react-router.js?v=d4d01f76:4516:27)
    at unboundStoryFn (http://localhost:63315/node_modules/.cache/storybook/10.5.10/d089ae206bd7a58edd27e2b4d3689eedc26f6a98c46b1c5d1ba852a9c5dce8b8/sb-vitest/deps/csf-B8OjfbGV.js?v=1fe95d09:8788:243)
8:22:41 pm [vite] [31m[2m(client)[22m[39m [2m[console.error] [22mWarning: An update to CertificateNumberLookup inside a test was not wrapped in act(...).

When testing, code that causes React state updates should be wrapped into act(...):

act(() => {
  /* fire events that update state */
});
/* assert on the output */

This ensures that you're testing the behavior the user would see in the browser. Learn more at https://reactjs.org/link/wrap-tests-with-act
    at CertificateNumberLookup (http://localhost:63315/ClientApp/src/components/Inputs/CertificateNumberLookup/index.tsx:9:10)
    at div
    at http://localhost:63315/node_modules/.cache/storybook/10.5.10/d089ae206bd7a58edd27e2b4d3689eedc26f6a98c46b1c5d1ba852a9c5dce8b8/sb-vitest/deps/react-bootstrap_Row.js?v=88f5539d:10:52
    at HidableField (http://localhost:63315/ClientApp/src/components/forms/HidableField/index.tsx:7:41)
    at ApplicationAndInstrument (http://localhost:63315/ClientApp/src/routes/ta/applicationAndInstrument.tsx:94:10)
    at hookified (http://localhost:63315/node_modules/.cache/storybook/10.5.10/d089ae206bd7a58edd27e2b4d3689eedc26f6a98c46b1c5d1ba852a9c5dce8b8/sb-vitest/deps/csf-B8OjfbGV.js?v=1fe95d09:8281:9)
    at form
    at http://localhost:63315/node_modules/.cache/storybook/10.5.10/d089ae206bd7a58edd27e2b4d3689eedc26f6a98c46b1c5d1ba852a9c5dce8b8/sb-vitest/deps/formik.js?v=399fd654:3385:21
    at Formik (http://localhost:63315/node_modules/.cache/storybook/10.5.10/d089ae206bd7a58edd27e2b4d3689eedc26f6a98c46b1c5d1ba852a9c5dce8b8/sb-vitest/deps/formik.js?v=399fd654:3190:18)
    at RenderedRoute (http://localhost:63315/node_modules/.cache/storybook/10.5.10/d089ae206bd7a58edd27e2b4d3689eedc26f6a98c46b1c5d1ba852a9c5dce8b8/sb-vitest/deps/react-router.js?v=d4d01f76:4139:26)
    at RenderErrorBoundary (http://localhost:63315/node_modules/.cache/storybook/10.5.10/d089ae206bd7a58edd27e2b4d3689eedc26f6a98c46b1c5d1ba852a9c5dce8b8/sb-vitest/deps/react-router.js?v=d4d01f76:4073:3)
    at DataRoutes2 (http://localhost:63315/node_modules/.cache/storybook/10.5.10/d089ae206bd7a58edd27e2b4d3689eedc26f6a98c46b1c5d1ba852a9c5dce8b8/sb-vitest/deps/react-router.js?v=d4d01f76:4706:24)
    at Router (http://localhost:63315/node_modules/.cache/storybook/10.5.10/d089ae206bd7a58edd27e2b4d3689eedc26f6a98c46b1c5d1ba852a9c5dce8b8/sb-vitest/deps/react-router.js?v=d4d01f76:4771:29)
    at RouterProvider (http://localhost:63315/node_modules/.cache/storybook/10.5.10/d089ae206bd7a58edd27e2b4d3689eedc26f6a98c46b1c5d1ba852a9c5dce8b8/sb-vitest/deps/react-router.js?v=d4d01f76:4516:27)
    at unboundStoryFn (http://localhost:63315/node_modules/.cache/storybook/10.5.10/d089ae206bd7a58edd27e2b4d3689eedc26f6a98c46b1c5d1ba852a9c5dce8b8/sb-vitest/deps/csf-B8OjfbGV.js?v=1fe95d09:8788:243)
stderr | ClientApp/src/routes/ta/applicationAndInstrument.stories.tsx > Edit Step
Warning: An update to CertificateNumberLookup inside a test was not wrapped in act(...).

When testing, code that causes React state updates should be wrapped into act(...):

act(() => {
  /* fire events that update state */
});
/* assert on the output */

This ensures that you're testing the behavior the user would see in the browser. Learn more at https://reactjs.org/link/wrap-tests-with-act
    at CertificateNumberLookup (http://localhost:63315/ClientApp/src/components/Inputs/CertificateNumberLookup/index.tsx:9:10)
    at div
    at http://localhost:63315/node_modules/.cache/storybook/10.5.10/d089ae206bd7a58edd27e2b4d3689eedc26f6a98c46b1c5d1ba852a9c5dce8b8/sb-vitest/deps/react-bootstrap_Row.js?v=88f5539d:10:52
    at HidableField (http://localhost:63315/ClientApp/src/components/forms/HidableField/index.tsx:7:41)
    at ApplicationAndInstrument (http://localhost:63315/ClientApp/src/routes/ta/applicationAndInstrument.tsx:94:10)
    at hookified (http://localhost:63315/node_modules/.cache/storybook/10.5.10/d089ae206bd7a58edd27e2b4d3689eedc26f6a98c46b1c5d1ba852a9c5dce8b8/sb-vitest/deps/csf-B8OjfbGV.js?v=1fe95d09:8281:9)
    at form
    at http://localhost:63315/node_modules/.cache/storybook/10.5.10/d089ae206bd7a58edd27e2b4d3689eedc26f6a98c46b1c5d1ba852a9c5dce8b8/sb-vitest/deps/formik.js?v=399fd654:3385:21
    at Formik (http://localhost:63315/node_modules/.cache/storybook/10.5.10/d089ae206bd7a58edd27e2b4d3689eedc26f6a98c46b1c5d1ba852a9c5dce8b8/sb-vitest/deps/formik.js?v=399fd654:3190:18)
    at RenderedRoute (http://localhost:63315/node_modules/.cache/storybook/10.5.10/d089ae206bd7a58edd27e2b4d3689eedc26f6a98c46b1c5d1ba852a9c5dce8b8/sb-vitest/deps/react-router.js?v=d4d01f76:4139:26)
    at RenderErrorBoundary (http://localhost:63315/node_modules/.cache/storybook/10.5.10/d089ae206bd7a58edd27e2b4d3689eedc26f6a98c46b1c5d1ba852a9c5dce8b8/sb-vitest/deps/react-router.js?v=d4d01f76:4073:3)
    at DataRoutes2 (http://localhost:63315/node_modules/.cache/storybook/10.5.10/d089ae206bd7a58edd27e2b4d3689eedc26f6a98c46b1c5d1ba852a9c5dce8b8/sb-vitest/deps/react-router.js?v=d4d01f76:4706:24)
    at Router (http://localhost:63315/node_modules/.cache/storybook/10.5.10/d089ae206bd7a58edd27e2b4d3689eedc26f6a98c46b1c5d1ba852a9c5dce8b8/sb-vitest/deps/react-router.js?v=d4d01f76:4771:29)
    at RouterProvider (http://localhost:63315/node_modules/.cache/storybook/10.5.10/d089ae206bd7a58edd27e2b4d3689eedc26f6a98c46b1c5d1ba852a9c5dce8b8/sb-vitest/deps/react-router.js?v=d4d01f76:4516:27)
    at unboundStoryFn (http://localhost:63315/node_modules/.cache/storybook/10.5.10/d089ae206bd7a58edd27e2b4d3689eedc26f6a98c46b1c5d1ba852a9c5dce8b8/sb-vitest/deps/csf-B8OjfbGV.js?v=1fe95d09:8788:243)
stderr | ClientApp/src/routes/ta/applicationAndInstrument.stories.tsx > Edit Step
Warning: An update to CertificateNumberLookup inside a test was not wrapped in act(...).

When testing, code that causes React state updates should be wrapped into act(...):

act(() => {
  /* fire events that update state */
});
/* assert on the output */

This ensures that you're testing the behavior the user would see in the browser. Learn more at https://reactjs.org/link/wrap-tests-with-act
    at CertificateNumberLookup (http://localhost:63315/ClientApp/src/components/Inputs/CertificateNumberLookup/index.tsx:9:10)
    at div
    at http://localhost:63315/node_modules/.cache/storybook/10.5.10/d089ae206bd7a58edd27e2b4d3689eedc26f6a98c46b1c5d1ba852a9c5dce8b8/sb-vitest/deps/react-bootstrap_Row.js?v=88f5539d:10:52
    at HidableField (http://localhost:63315/ClientApp/src/components/forms/HidableField/index.tsx:7:41)
    at ApplicationAndInstrument (http://localhost:63315/ClientApp/src/routes/ta/applicationAndInstrument.tsx:94:10)
    at hookified (http://localhost:63315/node_modules/.cache/storybook/10.5.10/d089ae206bd7a58edd27e2b4d3689eedc26f6a98c46b1c5d1ba852a9c5dce8b8/sb-vitest/deps/csf-B8OjfbGV.js?v=1fe95d09:8281:9)
    at form
    at http://localhost:63315/node_modules/.cache/storybook/10.5.10/d089ae206bd7a58edd27e2b4d3689eedc26f6a98c46b1c5d1ba852a9c5dce8b8/sb-vitest/deps/formik.js?v=399fd654:3385:21
    at Formik (http://localhost:63315/node_modules/.cache/storybook/10.5.10/d089ae206bd7a58edd27e2b4d3689eedc26f6a98c46b1c5d1ba852a9c5dce8b8/sb-vitest/deps/formik.js?v=399fd654:3190:18)
    at RenderedRoute (http://localhost:63315/node_modules/.cache/storybook/10.5.10/d089ae206bd7a58edd27e2b4d3689eedc26f6a98c46b1c5d1ba852a9c5dce8b8/sb-vitest/deps/react-router.js?v=d4d01f76:4139:26)
    at RenderErrorBoundary (http://localhost:63315/node_modules/.cache/storybook/10.5.10/d089ae206bd7a58edd27e2b4d3689eedc26f6a98c46b1c5d1ba852a9c5dce8b8/sb-vitest/deps/react-router.js?v=d4d01f76:4073:3)
    at DataRoutes2 (http://localhost:63315/node_modules/.cache/storybook/10.5.10/d089ae206bd7a58edd27e2b4d3689eedc26f6a98c46b1c5d1ba852a9c5dce8b8/sb-vitest/deps/react-router.js?v=d4d01f76:4706:24)
    at Router (http://localhost:63315/node_modules/.cache/storybook/10.5.10/d089ae206bd7a58edd27e2b4d3689eedc26f6a98c46b1c5d1ba852a9c5dce8b8/sb-vitest/deps/react-router.js?v=d4d01f76:4771:29)
    at RouterProvider (http://localhost:63315/node_modules/.cache/storybook/10.5.10/d089ae206bd7a58edd27e2b4d3689eedc26f6a98c46b1c5d1ba852a9c5dce8b8/sb-vitest/deps/react-router.js?v=d4d01f76:4516:27)
    at unboundStoryFn (http://localhost:63315/node_modules/.cache/storybook/10.5.10/d089ae206bd7a58edd27e2b4d3689eedc26f6a98c46b1c5d1ba852a9c5dce8b8/sb-vitest/deps/csf-B8OjfbGV.js?v=1fe95d09:8788:243)
 ✓ |storybook (chromium)| ClientApp/src/routes/ta/applicationAndInstrument.stories.tsx (1 test) 1150ms
   ✓ Edit Step  1149ms
8:22:41 pm [vite] [31m[2m(client)[22m[39m [2m[console.error] [22m[env] Missing required runtime variable: REACT_APP_APPINSIGHTS_INSTRUMENTATIONKEY
8:22:41 pm [vite] [31m[2m(client)[22m[39m [2m[console.error] [22m[env] Missing required runtime variable: REACT_APP_GA_TRACKINGID
stderr | unknown test
[env] Missing required runtime variable: REACT_APP_APPINSIGHTS_INSTRUMENTATIONKEY
stderr | unknown test
[env] Missing required runtime variable: REACT_APP_GA_TRACKINGID
 ✓ |storybook (chromium)| ClientApp/src/components/SearchFilter/TypeApproval/paSearchFilter.stories.tsx (1 test) 624ms
   ✓ Default  624ms
 ✓ |storybook (chromium)| ClientApp/src/components/Utilities/ViewMeasurementReport.stories.tsx (1 test) 826ms
   ✓ Default  826ms
 ✓ |storybook (chromium)| ClientApp/src/components/Header/Header.stories.tsx (2 tests) 767ms
   ✓ Authenticated  711ms
 ✓ |storybook (chromium)| ClientApp/src/components/InTextLink/InTextLink.stories.tsx (3 tests) 1059ms
   ✓ External  1003ms
 ✓ |storybook (chromium)| ClientApp/src/components/BlockUISpinner/BlockUISpinner.stories.tsx (2 tests) 1224ms
   ✓ Full Page  1181ms
8:22:43 pm [vite] [31m[2m(client)[22m[39m [2m[console.error] [22m[env] Missing required runtime variable: REACT_APP_APPINSIGHTS_INSTRUMENTATIONKEY
stderr | unknown test
[env] Missing required runtime variable: REACT_APP_APPINSIGHTS_INSTRUMENTATIONKEY
stderr | unknown test
[env] Missing required runtime variable: REACT_APP_GA_TRACKINGID
8:22:43 pm [vite] [31m[2m(client)[22m[39m [2m[console.error] [22m[env] Missing required runtime variable: REACT_APP_GA_TRACKINGID
8:22:44 pm [vite] [31m[2m(client)[22m[39m [2m[console.error] [22mWarning: An update to RouteAccessibleNavigation inside a test was not wrapped in act(...).

When testing, code that causes React state updates should be wrapped into act(...):

act(() => {
  /* fire events that update state */
});
/* assert on the output */

This ensures that you're testing the behavior the user would see in the browser. Learn more at https://reactjs.org/link/wrap-tests-with-act
    at RouteAccessibleNavigation (http://localhost:63315/ClientApp/src/components/Utilities/routeAccessibleNavigation.tsx:6:32)
    at hookified (http://localhost:63315/node_modules/.cache/storybook/10.5.10/d089ae206bd7a58edd27e2b4d3689eedc26f6a98c46b1c5d1ba852a9c5dce8b8/sb-vitest/deps/csf-B8OjfbGV.js?v=1fe95d09:8281:9)
    at RenderedRoute (http://localhost:63315/node_modules/.cache/storybook/10.5.10/d089ae206bd7a58edd27e2b4d3689eedc26f6a98c46b1c5d1ba852a9c5dce8b8/sb-vitest/deps/react-router.js?v=d4d01f76:4139:26)
    at RenderErrorBoundary (http://localhost:63315/node_modules/.cache/storybook/10.5.10/d089ae206bd7a58edd27e2b4d3689eedc26f6a98c46b1c5d1ba852a9c5dce8b8/sb-vitest/deps/react-router.js?v=d4d01f76:4073:3)
    at DataRoutes2 (http://localhost:63315/node_modules/.cache/storybook/10.5.10/d089ae206bd7a58edd27e2b4d3689eedc26f6a98c46b1c5d1ba852a9c5dce8b8/sb-vitest/deps/react-router.js?v=d4d01f76:4706:24)
    at Router (http://localhost:63315/node_modules/.cache/storybook/10.5.10/d089ae206bd7a58edd27e2b4d3689eedc26f6a98c46b1c5d1ba852a9c5dce8b8/sb-vitest/deps/react-router.js?v=d4d01f76:4771:29)
    at RouterProvider (http://localhost:63315/node_modules/.cache/storybook/10.5.10/d089ae206bd7a58edd27e2b4d3689eedc26f6a98c46b1c5d1ba852a9c5dce8b8/sb-vitest/deps/react-router.js?v=d4d01f76:4516:27)
    at unboundStoryFn (http://localhost:63315/node_modules/.cache/storybook/10.5.10/d089ae206bd7a58edd27e2b4d3689eedc26f6a98c46b1c5d1ba852a9c5dce8b8/sb-vitest/deps/csf-B8OjfbGV.js?v=1fe95d09:8788:243)
stderr | ClientApp/src/components/Utilities/routeAccessibleNavigation.stories.tsx > Live Region
Warning: An update to RouteAccessibleNavigation inside a test was not wrapped in act(...).

When testing, code that causes React state updates should be wrapped into act(...):

act(() => {
  /* fire events that update state */
});
/* assert on the output */

This ensures that you're testing the behavior the user would see in the browser. Learn more at https://reactjs.org/link/wrap-tests-with-act
    at RouteAccessibleNavigation (http://localhost:63315/ClientApp/src/components/Utilities/routeAccessibleNavigation.tsx:6:32)
    at hookified (http://localhost:63315/node_modules/.cache/storybook/10.5.10/d089ae206bd7a58edd27e2b4d3689eedc26f6a98c46b1c5d1ba852a9c5dce8b8/sb-vitest/deps/csf-B8OjfbGV.js?v=1fe95d09:8281:9)
    at RenderedRoute (http://localhost:63315/node_modules/.cache/storybook/10.5.10/d089ae206bd7a58edd27e2b4d3689eedc26f6a98c46b1c5d1ba852a9c5dce8b8/sb-vitest/deps/react-router.js?v=d4d01f76:4139:26)
    at RenderErrorBoundary (http://localhost:63315/node_modules/.cache/storybook/10.5.10/d089ae206bd7a58edd27e2b4d3689eedc26f6a98c46b1c5d1ba852a9c5dce8b8/sb-vitest/deps/react-router.js?v=d4d01f76:4073:3)
    at DataRoutes2 (http://localhost:63315/node_modules/.cache/storybook/10.5.10/d089ae206bd7a58edd27e2b4d3689eedc26f6a98c46b1c5d1ba852a9c5dce8b8/sb-vitest/deps/react-router.js?v=d4d01f76:4706:24)
    at Router (http://localhost:63315/node_modules/.cache/storybook/10.5.10/d089ae206bd7a58edd27e2b4d3689eedc26f6a98c46b1c5d1ba852a9c5dce8b8/sb-vitest/deps/react-router.js?v=d4d01f76:4771:29)
    at RouterProvider (http://localhost:63315/node_modules/.cache/storybook/10.5.10/d089ae206bd7a58edd27e2b4d3689eedc26f6a98c46b1c5d1ba852a9c5dce8b8/sb-vitest/deps/react-router.js?v=d4d01f76:4516:27)
    at unboundStoryFn (http://localhost:63315/node_modules/.cache/storybook/10.5.10/d089ae206bd7a58edd27e2b4d3689eedc26f6a98c46b1c5d1ba852a9c5dce8b8/sb-vitest/deps/csf-B8OjfbGV.js?v=1fe95d09:8788:243)
 ✓ |storybook (chromium)| ClientApp/src/components/Utilities/routeAccessibleNavigation.stories.tsx (1 test) 785ms
   ✓ Live Region  784ms
 ✓ |storybook (chromium)| ClientApp/src/routes/acceptQuote/SubmittedSuccess.stories.tsx (2 tests) 920ms
   ✓ Prepaid  876ms
 ✓ |storybook (chromium)| ClientApp/src/components/Accordion/Accordion.stories.tsx (2 tests) 930ms
   ✓ Single Section  902ms
8:22:44 pm [vite] [31m[2m(client)[22m[39m [2m[console.error] [22m[env] Missing required runtime variable: REACT_APP_APPINSIGHTS_INSTRUMENTATIONKEY
8:22:44 pm [vite] [31m[2m(client)[22m[39m [2m[console.error] [22m[env] Missing required runtime variable: REACT_APP_GA_TRACKINGID
stderr | unknown test
[env] Missing required runtime variable: REACT_APP_APPINSIGHTS_INSTRUMENTATIONKEY
stderr | unknown test
[env] Missing required runtime variable: REACT_APP_GA_TRACKINGID
8:22:45 pm [vite] [31m[2m(client)[22m[39m [2m[console.error] [22m[env] Missing required runtime variable: REACT_APP_APPINSIGHTS_INSTRUMENTATIONKEY
8:22:45 pm [vite] [31m[2m(client)[22m[39m [2m[console.error] [22m[env] Missing required runtime variable: REACT_APP_GA_TRACKINGID
stderr | unknown test
[env] Missing required runtime variable: REACT_APP_APPINSIGHTS_INSTRUMENTATIONKEY
stderr | unknown test
[env] Missing required runtime variable: REACT_APP_GA_TRACKINGID
8:22:45 pm [vite] [31m[2m(client)[22m[39m [2m[console.error] [22m[env] Missing required runtime variable: REACT_APP_APPINSIGHTS_INSTRUMENTATIONKEY
8:22:45 pm [vite] [31m[2m(client)[22m[39m [2m[console.error] [22m[env] Missing required runtime variable: REACT_APP_GA_TRACKINGID
stderr | unknown test
[env] Missing required runtime variable: REACT_APP_APPINSIGHTS_INSTRUMENTATIONKEY
stderr | unknown test
[env] Missing required runtime variable: REACT_APP_GA_TRACKINGID
8:22:45 pm [vite] [31m[2m(client)[22m[39m [2m[console.error] [22mWarning: An update to ForwardRef inside a test was not wrapped in act(...).

When testing, code that causes React state updates should be wrapped into act(...):

act(() => {
  /* fire events that update state */
});
/* assert on the output */

This ensures that you're testing the behavior the user would see in the browser. Learn more at https://reactjs.org/link/wrap-tests-with-act
    at http://localhost:63315/node_modules/.cache/storybook/10.5.10/d089ae206bd7a58edd27e2b4d3689eedc26f6a98c46b1c5d1ba852a9c5dce8b8/sb-vitest/deps/slate-react.js?v=924c16a7:4780:62
    at Slate (http://localhost:63315/node_modules/.cache/storybook/10.5.10/d089ae206bd7a58edd27e2b4d3689eedc26f6a98c46b1c5d1ba852a9c5dce8b8/sb-vitest/deps/slate-react.js?v=924c16a7:5679:8)
    at form
    at SlateEditor (http://localhost:63315/ClientApp/src/components/SlateEditor/SlateEditor.tsx:58:24)
    at div
    at http://localhost:63315/node_modules/.cache/storybook/10.5.10/d089ae206bd7a58edd27e2b4d3689eedc26f6a98c46b1c5d1ba852a9c5dce8b8/sb-vitest/deps/react-bootstrap_Row.js?v=88f5539d:10:52
    at ApplicationMessages (http://localhost:63315/ClientApp/src/routes/ta/manage/appMessages.tsx:21:33)
    at hookified (http://localhost:63315/node_modules/.cache/storybook/10.5.10/d089ae206bd7a58edd27e2b4d3689eedc26f6a98c46b1c5d1ba852a9c5dce8b8/sb-vitest/deps/csf-B8OjfbGV.js?v=1fe95d09:8281:9)
    at RenderedRoute (http://localhost:63315/node_modules/.cache/storybook/10.5.10/d089ae206bd7a58edd27e2b4d3689eedc26f6a98c46b1c5d1ba852a9c5dce8b8/sb-vitest/deps/react-router.js?v=d4d01f76:4139:26)
    at RenderErrorBoundary (http://localhost:63315/node_modules/.cache/storybook/10.5.10/d089ae206bd7a58edd27e2b4d3689eedc26f6a98c46b1c5d1ba852a9c5dce8b8/sb-vitest/deps/react-router.js?v=d4d01f76:4073:3)
    at DataRoutes2 (http://localhost:63315/node_modules/.cache/storybook/10.5.10/d089ae206bd7a58edd27e2b4d3689eedc26f6a98c46b1c5d1ba852a9c5dce8b8/sb-vitest/deps/react-router.js?v=d4d01f76:4706:24)
    at Router (http://localhost:63315/node_modules/.cache/storybook/10.5.10/d089ae206bd7a58edd27e2b4d3689eedc26f6a98c46b1c5d1ba852a9c5dce8b8/sb-vitest/deps/react-router.js?v=d4d01f76:4771:29)
    at RouterProvider (http://localhost:63315/node_modules/.cache/storybook/10.5.10/d089ae206bd7a58edd27e2b4d3689eedc26f6a98c46b1c5d1ba852a9c5dce8b8/sb-vitest/deps/react-router.js?v=d4d01f76:4516:27)
    at unboundStoryFn (http://localhost:63315/node_modules/.cache/storybook/10.5.10/d089ae206bd7a58edd27e2b4d3689eedc26f6a98c46b1c5d1ba852a9c5dce8b8/sb-vitest/deps/csf-B8OjfbGV.js?v=1fe95d09:8788:243)
stderr | ClientApp/src/routes/ta/manage/appMessages.stories.tsx > Messages Tab
Warning: An update to ForwardRef inside a test was not wrapped in act(...).

When testing, code that causes React state updates should be wrapped into act(...):

act(() => {
  /* fire events that update state */
});
/* assert on the output */

This ensures that you're testing the behavior the user would see in the browser. Learn more at https://reactjs.org/link/wrap-tests-with-act
    at http://localhost:63315/node_modules/.cache/storybook/10.5.10/d089ae206bd7a58edd27e2b4d3689eedc26f6a98c46b1c5d1ba852a9c5dce8b8/sb-vitest/deps/slate-react.js?v=924c16a7:4780:62
    at Slate (http://localhost:63315/node_modules/.cache/storybook/10.5.10/d089ae206bd7a58edd27e2b4d3689eedc26f6a98c46b1c5d1ba852a9c5dce8b8/sb-vitest/deps/slate-react.js?v=924c16a7:5679:8)
    at form
    at SlateEditor (http://localhost:63315/ClientApp/src/components/SlateEditor/SlateEditor.tsx:58:24)
    at div
    at http://localhost:63315/node_modules/.cache/storybook/10.5.10/d089ae206bd7a58edd27e2b4d3689eedc26f6a98c46b1c5d1ba852a9c5dce8b8/sb-vitest/deps/react-bootstrap_Row.js?v=88f5539d:10:52
    at ApplicationMessages (http://localhost:63315/ClientApp/src/routes/ta/manage/appMessages.tsx:21:33)
    at hookified (http://localhost:63315/node_modules/.cache/storybook/10.5.10/d089ae206bd7a58edd27e2b4d3689eedc26f6a98c46b1c5d1ba852a9c5dce8b8/sb-vitest/deps/csf-B8OjfbGV.js?v=1fe95d09:8281:9)
    at RenderedRoute (http://localhost:63315/node_modules/.cache/storybook/10.5.10/d089ae206bd7a58edd27e2b4d3689eedc26f6a98c46b1c5d1ba852a9c5dce8b8/sb-vitest/deps/react-router.js?v=d4d01f76:4139:26)
    at RenderErrorBoundary (http://localhost:63315/node_modules/.cache/storybook/10.5.10/d089ae206bd7a58edd27e2b4d3689eedc26f6a98c46b1c5d1ba852a9c5dce8b8/sb-vitest/deps/react-router.js?v=d4d01f76:4073:3)
    at DataRoutes2 (http://localhost:63315/node_modules/.cache/storybook/10.5.10/d089ae206bd7a58edd27e2b4d3689eedc26f6a98c46b1c5d1ba852a9c5dce8b8/sb-vitest/deps/react-router.js?v=d4d01f76:4706:24)
    at Router (http://localhost:63315/node_modules/.cache/storybook/10.5.10/d089ae206bd7a58edd27e2b4d3689eedc26f6a98c46b1c5d1ba852a9c5dce8b8/sb-vitest/deps/react-router.js?v=d4d01f76:4771:29)
    at RouterProvider (http://localhost:63315/node_modules/.cache/storybook/10.5.10/d089ae206bd7a58edd27e2b4d3689eedc26f6a98c46b1c5d1ba852a9c5dce8b8/sb-vitest/deps/react-router.js?v=d4d01f76:4516:27)
    at unboundStoryFn (http://localhost:63315/node_modules/.cache/storybook/10.5.10/d089ae206bd7a58edd27e2b4d3689eedc26f6a98c46b1c5d1ba852a9c5dce8b8/sb-vitest/deps/csf-B8OjfbGV.js?v=1fe95d09:8788:243)
8:22:45 pm [vite] [31m[2m(client)[22m[39m [2m[console.error] [22mWarning: An update to InstrMeasurementReport inside a test was not wrapped in act(...).

When testing, code that causes React state updates should be wrapped into act(...):

act(() => {
  /* fire events that update state */
});
/* assert on the output */

This ensures that you're testing the behavior the user would see in the browser. Learn more at https://reactjs.org/link/wrap-tests-with-act
    at InstrMeasurementReport (http://localhost:63315/ClientApp/src/routes/measurementReport/indexList.tsx:20:17)
    at hookified (http://localhost:63315/node_modules/.cache/storybook/10.5.10/d089ae206bd7a58edd27e2b4d3689eedc26f6a98c46b1c5d1ba852a9c5dce8b8/sb-vitest/deps/csf-B8OjfbGV.js?v=1fe95d09:8281:9)
    at RenderedRoute (http://localhost:63315/node_modules/.cache/storybook/10.5.10/d089ae206bd7a58edd27e2b4d3689eedc26f6a98c46b1c5d1ba852a9c5dce8b8/sb-vitest/deps/react-router.js?v=d4d01f76:4139:26)
    at RenderErrorBoundary (http://localhost:63315/node_modules/.cache/storybook/10.5.10/d089ae206bd7a58edd27e2b4d3689eedc26f6a98c46b1c5d1ba852a9c5dce8b8/sb-vitest/deps/react-router.js?v=d4d01f76:4073:3)
    at DataRoutes2 (http://localhost:63315/node_modules/.cache/storybook/10.5.10/d089ae206bd7a58edd27e2b4d3689eedc26f6a98c46b1c5d1ba852a9c5dce8b8/sb-vitest/deps/react-router.js?v=d4d01f76:4706:24)
    at Router (http://localhost:63315/node_modules/.cache/storybook/10.5.10/d089ae206bd7a58edd27e2b4d3689eedc26f6a98c46b1c5d1ba852a9c5dce8b8/sb-vitest/deps/react-router.js?v=d4d01f76:4771:29)
    at RouterProvider (http://localhost:63315/node_modules/.cache/storybook/10.5.10/d089ae206bd7a58edd27e2b4d3689eedc26f6a98c46b1c5d1ba852a9c5dce8b8/sb-vitest/deps/react-router.js?v=d4d01f76:4516:27)
    at unboundStoryFn (http://localhost:63315/node_modules/.cache/storybook/10.5.10/d089ae206bd7a58edd27e2b4d3689eedc26f6a98c46b1c5d1ba852a9c5dce8b8/sb-vitest/deps/csf-B8OjfbGV.js?v=1fe95d09:8788:243)
8:22:45 pm [vite] [31m[2m(client)[22m[39m [2m[console.error] [22mWarning: An update to InstrMeasurementReport inside a test was not wrapped in act(...).

When testing, code that causes React state updates should be wrapped into act(...):

act(() => {
  /* fire events that update state */
});
/* assert on the output */

This ensures that you're testing the behavior the user would see in the browser. Learn more at https://reactjs.org/link/wrap-tests-with-act
    at InstrMeasurementReport (http://localhost:63315/ClientApp/src/routes/measurementReport/indexList.tsx:20:17)
    at hookified (http://localhost:63315/node_modules/.cache/storybook/10.5.10/d089ae206bd7a58edd27e2b4d3689eedc26f6a98c46b1c5d1ba852a9c5dce8b8/sb-vitest/deps/csf-B8OjfbGV.js?v=1fe95d09:8281:9)
    at RenderedRoute (http://localhost:63315/node_modules/.cache/storybook/10.5.10/d089ae206bd7a58edd27e2b4d3689eedc26f6a98c46b1c5d1ba852a9c5dce8b8/sb-vitest/deps/react-router.js?v=d4d01f76:4139:26)
    at RenderErrorBoundary (http://localhost:63315/node_modules/.cache/storybook/10.5.10/d089ae206bd7a58edd27e2b4d3689eedc26f6a98c46b1c5d1ba852a9c5dce8b8/sb-vitest/deps/react-router.js?v=d4d01f76:4073:3)
    at DataRoutes2 (http://localhost:63315/node_modules/.cache/storybook/10.5.10/d089ae206bd7a58edd27e2b4d3689eedc26f6a98c46b1c5d1ba852a9c5dce8b8/sb-vitest/deps/react-router.js?v=d4d01f76:4706:24)
    at Router (http://localhost:63315/node_modules/.cache/storybook/10.5.10/d089ae206bd7a58edd27e2b4d3689eedc26f6a98c46b1c5d1ba852a9c5dce8b8/sb-vitest/deps/react-router.js?v=d4d01f76:4771:29)
    at RouterProvider (http://localhost:63315/node_modules/.cache/storybook/10.5.10/d089ae206bd7a58edd27e2b4d3689eedc26f6a98c46b1c5d1ba852a9c5dce8b8/sb-vitest/deps/react-router.js?v=d4d01f76:4516:27)
    at unboundStoryFn (http://localhost:63315/node_modules/.cache/storybook/10.5.10/d089ae206bd7a58edd27e2b4d3689eedc26f6a98c46b1c5d1ba852a9c5dce8b8/sb-vitest/deps/csf-B8OjfbGV.js?v=1fe95d09:8788:243)
8:22:45 pm [vite] [31m[2m(client)[22m[39m [2m[console.error] [22mWarning: An update to InstrMeasurementReport inside a test was not wrapped in act(...).

When testing, code that causes React state updates should be wrapped into act(...):

act(() => {
  /* fire events that update state */
});
/* assert on the output */

This ensures that you're testing the behavior the user would see in the browser. Learn more at https://reactjs.org/link/wrap-tests-with-act
    at InstrMeasurementReport (http://localhost:63315/ClientApp/src/routes/measurementReport/indexList.tsx:20:17)
    at hookified (http://localhost:63315/node_modules/.cache/storybook/10.5.10/d089ae206bd7a58edd27e2b4d3689eedc26f6a98c46b1c5d1ba852a9c5dce8b8/sb-vitest/deps/csf-B8OjfbGV.js?v=1fe95d09:8281:9)
    at RenderedRoute (http://localhost:63315/node_modules/.cache/storybook/10.5.10/d089ae206bd7a58edd27e2b4d3689eedc26f6a98c46b1c5d1ba852a9c5dce8b8/sb-vitest/deps/react-router.js?v=d4d01f76:4139:26)
    at RenderErrorBoundary (http://localhost:63315/node_modules/.cache/storybook/10.5.10/d089ae206bd7a58edd27e2b4d3689eedc26f6a98c46b1c5d1ba852a9c5dce8b8/sb-vitest/deps/react-router.js?v=d4d01f76:4073:3)
    at DataRoutes2 (http://localhost:63315/node_modules/.cache/storybook/10.5.10/d089ae206bd7a58edd27e2b4d3689eedc26f6a98c46b1c5d1ba852a9c5dce8b8/sb-vitest/deps/react-router.js?v=d4d01f76:4706:24)
    at Router (http://localhost:63315/node_modules/.cache/storybook/10.5.10/d089ae206bd7a58edd27e2b4d3689eedc26f6a98c46b1c5d1ba852a9c5dce8b8/sb-vitest/deps/react-router.js?v=d4d01f76:4771:29)
    at RouterProvider (http://localhost:63315/node_modules/.cache/storybook/10.5.10/d089ae206bd7a58edd27e2b4d3689eedc26f6a98c46b1c5d1ba852a9c5dce8b8/sb-vitest/deps/react-router.js?v=d4d01f76:4516:27)
    at unboundStoryFn (http://localhost:63315/node_modules/.cache/storybook/10.5.10/d089ae206bd7a58edd27e2b4d3689eedc26f6a98c46b1c5d1ba852a9c5dce8b8/sb-vitest/deps/csf-B8OjfbGV.js?v=1fe95d09:8788:243)
8:22:45 pm [vite] [31m[2m(client)[22m[39m [2m[console.error] [22mWarning: An update to $42ceafc619f9c3ba$export$bf788dd355e3a401 inside a test was not wrapped in act(...).

When testing, code that causes React state updates should be wrapped into act(...):

act(() => {
  /* fire events that update state */
});
/* assert on the output */

This ensures that you're testing the behavior the user would see in the browser. Learn more at https://reactjs.org/link/wrap-tests-with-act
    at $42ceafc619f9c3ba$export$bf788dd355e3a401 (http://localhost:63315/node_modules/.cache/storybook/10.5.10/d089ae206bd7a58edd27e2b4d3689eedc26f6a98c46b1c5d1ba852a9c5dce8b8/sb-vitest/deps/Collection-B9ePPz5R.js?v=1fe95d09:703:34)
    at Breadcrumbs (http://localhost:63315/node_modules/.cache/storybook/10.5.10/d089ae206bd7a58edd27e2b4d3689eedc26f6a98c46b1c5d1ba852a9c5dce8b8/sb-vitest/deps/Breadcrumbs-C0DnT5iV.js?v=1fe95d09:198:17)
    at nav
    at CustomBreadcrumb (http://localhost:63315/ClientApp/src/components/Breadcrumb/index.tsx:6:29)
    at div
    at http://localhost:63315/node_modules/.cache/storybook/10.5.10/d089ae206bd7a58edd27e2b4d3689eedc26f6a98c46b1c5d1ba852a9c5dce8b8/sb-vitest/deps/react-bootstrap_Col.js?v=6228f19a:39:83
    at div
    at http://localhost:63315/node_modules/.cache/storybook/10.5.10/d089ae206bd7a58edd27e2b4d3689eedc26f6a98c46b1c5d1ba852a9c5dce8b8/sb-vitest/deps/react-bootstrap_Row.js?v=88f5539d:10:52
    at div
    at http://localhost:63315/node_modules/.cache/storybook/10.5.10/d089ae206bd7a58edd27e2b4d3689eedc26f6a98c46b1c5d1ba852a9c5dce8b8/sb-vitest/deps/react-bootstrap.js?v=175c5677:900:58
    at div
    at http://localhost:63315/node_modules/.cache/storybook/10.5.10/d089ae206bd7a58edd27e2b4d3689eedc26f6a98c46b1c5d1ba852a9c5dce8b8/sb-vitest/deps/react-bootstrap.js?v=175c5677:900:58
    at div
    at InstrMeasurementReport (http://localhost:63315/ClientApp/src/routes/measurementReport/indexList.tsx:20:17)
    at hookified (http://localhost:63315/node_modules/.cache/storybook/10.5.10/d089ae206bd7a58edd27e2b4d3689eedc26f6a98c46b1c5d1ba852a9c5dce8b8/sb-vitest/deps/csf-B8OjfbGV.js?v=1fe95d09:8281:9)
    at RenderedRoute (http://localhost:63315/node_modules/.cache/storybook/10.5.10/d089ae206bd7a58edd27e2b4d3689eedc26f6a98c46b1c5d1ba852a9c5dce8b8/sb-vitest/deps/react-router.js?v=d4d01f76:4139:26)
    at RenderErrorBoundary (http://localhost:63315/node_modules/.cache/storybook/10.5.10/d089ae206bd7a58edd27e2b4d3689eedc26f6a98c46b1c5d1ba852a9c5dce8b8/sb-vitest/deps/react-router.js?v=d4d01f76:4073:3)
    at DataRoutes2 (http://localhost:63315/node_modules/.cache/storybook/10.5.10/d089ae206bd7a58edd27e2b4d3689eedc26f6a98c46b1c5d1ba852a9c5dce8b8/sb-vitest/deps/react-router.js?v=d4d01f76:4706:24)
    at Router (http://localhost:63315/node_modules/.cache/storybook/10.5.10/d089ae206bd7a58edd27e2b4d3689eedc26f6a98c46b1c5d1ba852a9c5dce8b8/sb-vitest/deps/react-router.js?v=d4d01f76:4771:29)
    at RouterProvider (http://localhost:63315/node_modules/.cache/storybook/10.5.10/d089ae206bd7a58edd27e2b4d3689eedc26f6a98c46b1c5d1ba852a9c5dce8b8/sb-vitest/deps/react-router.js?v=d4d01f76:4516:27)
    at unboundStoryFn (http://localhost:63315/node_modules/.cache/storybook/10.5.10/d089ae206bd7a58edd27e2b4d3689eedc26f6a98c46b1c5d1ba852a9c5dce8b8/sb-vitest/deps/csf-B8OjfbGV.js?v=1fe95d09:8788:243)
stderr | ClientApp/src/routes/measurementReport/indexList.stories.tsx > Shell
Warning: An update to InstrMeasurementReport inside a test was not wrapped in act(...).

When testing, code that causes React state updates should be wrapped into act(...):

act(() => {
  /* fire events that update state */
});
/* assert on the output */

This ensures that you're testing the behavior the user would see in the browser. Learn more at https://reactjs.org/link/wrap-tests-with-act
    at InstrMeasurementReport (http://localhost:63315/ClientApp/src/routes/measurementReport/indexList.tsx:20:17)
    at hookified (http://localhost:63315/node_modules/.cache/storybook/10.5.10/d089ae206bd7a58edd27e2b4d3689eedc26f6a98c46b1c5d1ba852a9c5dce8b8/sb-vitest/deps/csf-B8OjfbGV.js?v=1fe95d09:8281:9)
    at RenderedRoute (http://localhost:63315/node_modules/.cache/storybook/10.5.10/d089ae206bd7a58edd27e2b4d3689eedc26f6a98c46b1c5d1ba852a9c5dce8b8/sb-vitest/deps/react-router.js?v=d4d01f76:4139:26)
    at RenderErrorBoundary (http://localhost:63315/node_modules/.cache/storybook/10.5.10/d089ae206bd7a58edd27e2b4d3689eedc26f6a98c46b1c5d1ba852a9c5dce8b8/sb-vitest/deps/react-router.js?v=d4d01f76:4073:3)
    at DataRoutes2 (http://localhost:63315/node_modules/.cache/storybook/10.5.10/d089ae206bd7a58edd27e2b4d3689eedc26f6a98c46b1c5d1ba852a9c5dce8b8/sb-vitest/deps/react-router.js?v=d4d01f76:4706:24)
    at Router (http://localhost:63315/node_modules/.cache/storybook/10.5.10/d089ae206bd7a58edd27e2b4d3689eedc26f6a98c46b1c5d1ba852a9c5dce8b8/sb-vitest/deps/react-router.js?v=d4d01f76:4771:29)
    at RouterProvider (http://localhost:63315/node_modules/.cache/storybook/10.5.10/d089ae206bd7a58edd27e2b4d3689eedc26f6a98c46b1c5d1ba852a9c5dce8b8/sb-vitest/deps/react-router.js?v=d4d01f76:4516:27)
    at unboundStoryFn (http://localhost:63315/node_modules/.cache/storybook/10.5.10/d089ae206bd7a58edd27e2b4d3689eedc26f6a98c46b1c5d1ba852a9c5dce8b8/sb-vitest/deps/csf-B8OjfbGV.js?v=1fe95d09:8788:243)
stderr | ClientApp/src/routes/measurementReport/indexList.stories.tsx > Shell
Warning: An update to InstrMeasurementReport inside a test was not wrapped in act(...).

When testing, code that causes React state updates should be wrapped into act(...):

act(() => {
  /* fire events that update state */
});
/* assert on the output */

This ensures that you're testing the behavior the user would see in the browser. Learn more at https://reactjs.org/link/wrap-tests-with-act
    at InstrMeasurementReport (http://localhost:63315/ClientApp/src/routes/measurementReport/indexList.tsx:20:17)
    at hookified (http://localhost:63315/node_modules/.cache/storybook/10.5.10/d089ae206bd7a58edd27e2b4d3689eedc26f6a98c46b1c5d1ba852a9c5dce8b8/sb-vitest/deps/csf-B8OjfbGV.js?v=1fe95d09:8281:9)
    at RenderedRoute (http://localhost:63315/node_modules/.cache/storybook/10.5.10/d089ae206bd7a58edd27e2b4d3689eedc26f6a98c46b1c5d1ba852a9c5dce8b8/sb-vitest/deps/react-router.js?v=d4d01f76:4139:26)
    at RenderErrorBoundary (http://localhost:63315/node_modules/.cache/storybook/10.5.10/d089ae206bd7a58edd27e2b4d3689eedc26f6a98c46b1c5d1ba852a9c5dce8b8/sb-vitest/deps/react-router.js?v=d4d01f76:4073:3)
    at DataRoutes2 (http://localhost:63315/node_modules/.cache/storybook/10.5.10/d089ae206bd7a58edd27e2b4d3689eedc26f6a98c46b1c5d1ba852a9c5dce8b8/sb-vitest/deps/react-router.js?v=d4d01f76:4706:24)
    at Router (http://localhost:63315/node_modules/.cache/storybook/10.5.10/d089ae206bd7a58edd27e2b4d3689eedc26f6a98c46b1c5d1ba852a9c5dce8b8/sb-vitest/deps/react-router.js?v=d4d01f76:4771:29)
    at RouterProvider (http://localhost:63315/node_modules/.cache/storybook/10.5.10/d089ae206bd7a58edd27e2b4d3689eedc26f6a98c46b1c5d1ba852a9c5dce8b8/sb-vitest/deps/react-router.js?v=d4d01f76:4516:27)
    at unboundStoryFn (http://localhost:63315/node_modules/.cache/storybook/10.5.10/d089ae206bd7a58edd27e2b4d3689eedc26f6a98c46b1c5d1ba852a9c5dce8b8/sb-vitest/deps/csf-B8OjfbGV.js?v=1fe95d09:8788:243)
stderr | ClientApp/src/routes/measurementReport/indexList.stories.tsx > Shell
Warning: An update to InstrMeasurementReport inside a test was not wrapped in act(...).

When testing, code that causes React state updates should be wrapped into act(...):

act(() => {
  /* fire events that update state */
});
/* assert on the output */

This ensures that you're testing the behavior the user would see in the browser. Learn more at https://reactjs.org/link/wrap-tests-with-act
    at InstrMeasurementReport (http://localhost:63315/ClientApp/src/routes/measurementReport/indexList.tsx:20:17)
    at hookified (http://localhost:63315/node_modules/.cache/storybook/10.5.10/d089ae206bd7a58edd27e2b4d3689eedc26f6a98c46b1c5d1ba852a9c5dce8b8/sb-vitest/deps/csf-B8OjfbGV.js?v=1fe95d09:8281:9)
    at RenderedRoute (http://localhost:63315/node_modules/.cache/storybook/10.5.10/d089ae206bd7a58edd27e2b4d3689eedc26f6a98c46b1c5d1ba852a9c5dce8b8/sb-vitest/deps/react-router.js?v=d4d01f76:4139:26)
    at RenderErrorBoundary (http://localhost:63315/node_modules/.cache/storybook/10.5.10/d089ae206bd7a58edd27e2b4d3689eedc26f6a98c46b1c5d1ba852a9c5dce8b8/sb-vitest/deps/react-router.js?v=d4d01f76:4073:3)
    at DataRoutes2 (http://localhost:63315/node_modules/.cache/storybook/10.5.10/d089ae206bd7a58edd27e2b4d3689eedc26f6a98c46b1c5d1ba852a9c5dce8b8/sb-vitest/deps/react-router.js?v=d4d01f76:4706:24)
    at Router (http://localhost:63315/node_modules/.cache/storybook/10.5.10/d089ae206bd7a58edd27e2b4d3689eedc26f6a98c46b1c5d1ba852a9c5dce8b8/sb-vitest/deps/react-router.js?v=d4d01f76:4771:29)
    at RouterProvider (http://localhost:63315/node_modules/.cache/storybook/10.5.10/d089ae206bd7a58edd27e2b4d3689eedc26f6a98c46b1c5d1ba852a9c5dce8b8/sb-vitest/deps/react-router.js?v=d4d01f76:4516:27)
    at unboundStoryFn (http://localhost:63315/node_modules/.cache/storybook/10.5.10/d089ae206bd7a58edd27e2b4d3689eedc26f6a98c46b1c5d1ba852a9c5dce8b8/sb-vitest/deps/csf-B8OjfbGV.js?v=1fe95d09:8788:243)
stderr | ClientApp/src/routes/measurementReport/indexList.stories.tsx > Shell
Warning: An update to $42ceafc619f9c3ba$export$bf788dd355e3a401 inside a test was not wrapped in act(...).

When testing, code that causes React state updates should be wrapped into act(...):

act(() => {
  /* fire events that update state */
});
/* assert on the output */

This ensures that you're testing the behavior the user would see in the browser. Learn more at https://reactjs.org/link/wrap-tests-with-act
    at $42ceafc619f9c3ba$export$bf788dd355e3a401 (http://localhost:63315/node_modules/.cache/storybook/10.5.10/d089ae206bd7a58edd27e2b4d3689eedc26f6a98c46b1c5d1ba852a9c5dce8b8/sb-vitest/deps/Collection-B9ePPz5R.js?v=1fe95d09:703:34)
    at Breadcrumbs (http://localhost:63315/node_modules/.cache/storybook/10.5.10/d089ae206bd7a58edd27e2b4d3689eedc26f6a98c46b1c5d1ba852a9c5dce8b8/sb-vitest/deps/Breadcrumbs-C0DnT5iV.js?v=1fe95d09:198:17)
    at nav
    at CustomBreadcrumb (http://localhost:63315/ClientApp/src/components/Breadcrumb/index.tsx:6:29)
    at div
    at http://localhost:63315/node_modules/.cache/storybook/10.5.10/d089ae206bd7a58edd27e2b4d3689eedc26f6a98c46b1c5d1ba852a9c5dce8b8/sb-vitest/deps/react-bootstrap_Col.js?v=6228f19a:39:83
    at div
    at http://localhost:63315/node_modules/.cache/storybook/10.5.10/d089ae206bd7a58edd27e2b4d3689eedc26f6a98c46b1c5d1ba852a9c5dce8b8/sb-vitest/deps/react-bootstrap_Row.js?v=88f5539d:10:52
    at div
    at http://localhost:63315/node_modules/.cache/storybook/10.5.10/d089ae206bd7a58edd27e2b4d3689eedc26f6a98c46b1c5d1ba852a9c5dce8b8/sb-vitest/deps/react-bootstrap.js?v=175c5677:900:58
    at div
    at http://localhost:63315/node_modules/.cache/storybook/10.5.10/d089ae206bd7a58edd27e2b4d3689eedc26f6a98c46b1c5d1ba852a9c5dce8b8/sb-vitest/deps/react-bootstrap.js?v=175c5677:900:58
    at div
    at InstrMeasurementReport (http://localhost:63315/ClientApp/src/routes/measurementReport/indexList.tsx:20:17)
    at hookified (http://localhost:63315/node_modules/.cache/storybook/10.5.10/d089ae206bd7a58edd27e2b4d3689eedc26f6a98c46b1c5d1ba852a9c5dce8b8/sb-vitest/deps/csf-B8OjfbGV.js?v=1fe95d09:8281:9)
    at RenderedRoute (http://localhost:63315/node_modules/.cache/storybook/10.5.10/d089ae206bd7a58edd27e2b4d3689eedc26f6a98c46b1c5d1ba852a9c5dce8b8/sb-vitest/deps/react-router.js?v=d4d01f76:4139:26)
    at RenderErrorBoundary (http://localhost:63315/node_modules/.cache/storybook/10.5.10/d089ae206bd7a58edd27e2b4d3689eedc26f6a98c46b1c5d1ba852a9c5dce8b8/sb-vitest/deps/react-router.js?v=d4d01f76:4073:3)
    at DataRoutes2 (http://localhost:63315/node_modules/.cache/storybook/10.5.10/d089ae206bd7a58edd27e2b4d3689eedc26f6a98c46b1c5d1ba852a9c5dce8b8/sb-vitest/deps/react-router.js?v=d4d01f76:4706:24)
    at Router (http://localhost:63315/node_modules/.cache/storybook/10.5.10/d089ae206bd7a58edd27e2b4d3689eedc26f6a98c46b1c5d1ba852a9c5dce8b8/sb-vitest/deps/react-router.js?v=d4d01f76:4771:29)
    at RouterProvider (http://localhost:63315/node_modules/.cache/storybook/10.5.10/d089ae206bd7a58edd27e2b4d3689eedc26f6a98c46b1c5d1ba852a9c5dce8b8/sb-vitest/deps/react-router.js?v=d4d01f76:4516:27)
    at unboundStoryFn (http://localhost:63315/node_modules/.cache/storybook/10.5.10/d089ae206bd7a58edd27e2b4d3689eedc26f6a98c46b1c5d1ba852a9c5dce8b8/sb-vitest/deps/csf-B8OjfbGV.js?v=1fe95d09:8788:243)
 ✓ |storybook (chromium)| ClientApp/src/routes/ta/manage/appMessages.stories.tsx (1 test) 740ms
   ✓ Messages Tab  739ms
 ✓ |storybook (chromium)| ClientApp/src/routes/common/ErrorRoutes.stories.tsx (8 tests) 1020ms
   ✓ Not Found  785ms
 ✓ |storybook (chromium)| ClientApp/src/routes/measurementReport/indexList.stories.tsx (1 test) 744ms
   ✓ Shell  744ms
 ✓ |storybook (chromium)| ClientApp/src/routes/requestForQuote/viewRequestForQuoteSummary.stories.tsx (1 test) 775ms
   ✓ Loading  773ms
 ✓ |storybook (chromium)| ClientApp/src/routes/measurementReport/MeasurementReport.stories.tsx (2 tests) 856ms
   ✓ Report View  767ms
 ✓ |storybook (chromium)| ClientApp/src/routes/ta/preApplication.stories.tsx (1 test) 1051ms
   ✓ Default  1050ms
 ✓ |storybook (chromium)| ClientApp/src/components/get-started/GetStarted.stories.tsx (2 tests) 923ms
   ✓ Public Landing  876ms
8:22:47 pm [vite] [31m[2m(client)[22m[39m [2m[console.error] [22m[env] Missing required runtime variable: REACT_APP_APPINSIGHTS_INSTRUMENTATIONKEY
stderr | unknown test
[env] Missing required runtime variable: REACT_APP_APPINSIGHTS_INSTRUMENTATIONKEY
stderr | unknown test
[env] Missing required runtime variable: REACT_APP_GA_TRACKINGID
8:22:47 pm [vite] [31m[2m(client)[22m[39m [2m[console.error] [22m[env] Missing required runtime variable: REACT_APP_GA_TRACKINGID
8:22:47 pm [vite] [31m[2m(client)[22m[39m [2m[console.error] [22m[env] Missing required runtime variable: REACT_APP_APPINSIGHTS_INSTRUMENTATIONKEY
8:22:47 pm [vite] [31m[2m(client)[22m[39m [2m[console.error] [22m[env] Missing required runtime variable: REACT_APP_GA_TRACKINGID
stderr | unknown test
[env] Missing required runtime variable: REACT_APP_APPINSIGHTS_INSTRUMENTATIONKEY
stderr | unknown test
[env] Missing required runtime variable: REACT_APP_GA_TRACKINGID
 ✓ |storybook (chromium)| ClientApp/src/routes/dashboard/dashboard-ta.stories.tsx (1 test) 915ms
   ✓ Shell  914ms
 ✓ |storybook (chromium)| ClientApp/src/components/BodyText/BodyText.stories.tsx (2 tests) 859ms
   ✓ Default  834ms
 ✓ |storybook (chromium)| ClientApp/src/routes/ta/manage/appDocuments.stories.tsx (1 test) 951ms
   ✓ Documents Tab  950ms
8:22:48 pm [vite] [31m[2m(client)[22m[39m [2m[console.error] [22m[env] Missing required runtime variable: REACT_APP_APPINSIGHTS_INSTRUMENTATIONKEY
8:22:48 pm [vite] [31m[2m(client)[22m[39m [2m[console.error] [22m[env] Missing required runtime variable: REACT_APP_GA_TRACKINGID
stderr | unknown test
[env] Missing required runtime variable: REACT_APP_APPINSIGHTS_INSTRUMENTATIONKEY
stderr | unknown test
[env] Missing required runtime variable: REACT_APP_GA_TRACKINGID
 ✓ |storybook (chromium)| ClientApp/src/components/tiles/StandardPathway/StandardPathway.stories.tsx (2 tests) 945ms
   ✓ Internal Navigation  910ms
8:22:49 pm [vite] [33m[2m(client)[22m[39m [2m[console.warn] [22m[MSW] Warning: intercepted a request without a matching request handler:

  • GET https://www.googletagmanager.com/gtag/js?id=

If you still wish to intercept this unhandled request, please create a request handler for it.
Read more: https://mswjs.io/docs/http/intercepting-requests
stderr | ClientApp/src/components/Layout/Layout.stories.tsx > Portal Shell
[MSW] Warning: intercepted a request without a matching request handler:

  • GET https://www.googletagmanager.com/gtag/js?id=

If you still wish to intercept this unhandled request, please create a request handler for it.
Read more: https://mswjs.io/docs/http/intercepting-requests
 ✓ |storybook (chromium)| ClientApp/src/components/Layout/Layout.stories.tsx (1 test) 824ms
   ✓ Portal Shell  823ms
 ✓ |storybook (chromium)| ClientApp/src/components/Home.stories.tsx (1 test) 816ms
   ✓ Public Landing  815ms
 ✓ |storybook (chromium)| ClientApp/src/routes/sign-in/AuthRoutes.stories.tsx (3 tests) 1024ms
   ✓ Sign In Loading  961ms
 ✓ |storybook (chromium)| ClientApp/src/components/Buttons/SecondaryButton/SecondaryButton.stories.tsx (2 tests) 1125ms
   ✓ Default  1094ms
 ✓ |storybook (chromium)| ClientApp/src/components/PaginationHeader/PaginationHeader.stories.tsx (2 tests) 980ms
   ✓ Mid Page  949ms
 ✓ |storybook (chromium)| ClientApp/src/routes/help-guide/HelpGuideDetail.stories.tsx (2 tests) 1101ms
   ✓ How To Setup Access  984ms
 ✓ |storybook (chromium)| ClientApp/src/components/SteppedNavigation/SteppedNavigation.stories.tsx (1 test) 907ms
   ✓ Current Step  906ms
8:22:52 pm [vite] [31m[2m(client)[22m[39m [2m[console.error] [22m[env] Missing required runtime variable: REACT_APP_APPINSIGHTS_INSTRUMENTATIONKEY
8:22:52 pm [vite] [31m[2m(client)[22m[39m [2m[console.error] [22m[env] Missing required runtime variable: REACT_APP_GA_TRACKINGID
stderr | unknown test
[env] Missing required runtime variable: REACT_APP_APPINSIGHTS_INSTRUMENTATIONKEY
stderr | unknown test
[env] Missing required runtime variable: REACT_APP_GA_TRACKINGID
 ✓ |storybook (chromium)| ClientApp/src/routes/help-guide/HelpGuide.stories.tsx (2 tests) 971ms
   ✓ Authenticated Journey  933ms
8:22:52 pm [vite] [33m[2m(client)[22m[39m [2m[console.warn] [22m[MSW] Warning: intercepted a request without a matching request handler:

  • GET /api/lookup/services

If you still wish to intercept this unhandled request, please create a request handler for it.
Read more: https://mswjs.io/docs/http/intercepting-requests
stderr | ClientApp/src/routes/services-we-offer/ServicesWeOffer.stories.tsx > Default
[MSW] Warning: intercepted a request without a matching request handler:

  • GET /api/lookup/services

If you still wish to intercept this unhandled request, please create a request handler for it.
Read more: https://mswjs.io/docs/http/intercepting-requests
 ✓ |storybook (chromium)| ClientApp/src/components/HeaderIntroText/HeaderIntroText.stories.tsx (2 tests) 427ms
   ✓ Default  397ms
8:22:52 pm [vite] [31m[2m(client)[22m[39m [2m[console.error] [22mWarning: An update to ServicesWeOffer inside a test was not wrapped in act(...).

When testing, code that causes React state updates should be wrapped into act(...):

act(() => {
  /* fire events that update state */
});
/* assert on the output */

This ensures that you're testing the behavior the user would see in the browser. Learn more at https://reactjs.org/link/wrap-tests-with-act
    at ServicesWeOffer (http://localhost:63315/ClientApp/src/routes/services-we-offer/index.tsx:18:33)
    at hookified (http://localhost:63315/node_modules/.cache/storybook/10.5.10/d089ae206bd7a58edd27e2b4d3689eedc26f6a98c46b1c5d1ba852a9c5dce8b8/sb-vitest/deps/csf-B8OjfbGV.js?v=1fe95d09:8281:9)
    at RenderedRoute (http://localhost:63315/node_modules/.cache/storybook/10.5.10/d089ae206bd7a58edd27e2b4d3689eedc26f6a98c46b1c5d1ba852a9c5dce8b8/sb-vitest/deps/react-router.js?v=d4d01f76:4139:26)
    at RenderErrorBoundary (http://localhost:63315/node_modules/.cache/storybook/10.5.10/d089ae206bd7a58edd27e2b4d3689eedc26f6a98c46b1c5d1ba852a9c5dce8b8/sb-vitest/deps/react-router.js?v=d4d01f76:4073:3)
    at DataRoutes2 (http://localhost:63315/node_modules/.cache/storybook/10.5.10/d089ae206bd7a58edd27e2b4d3689eedc26f6a98c46b1c5d1ba852a9c5dce8b8/sb-vitest/deps/react-router.js?v=d4d01f76:4706:24)
    at Router (http://localhost:63315/node_modules/.cache/storybook/10.5.10/d089ae206bd7a58edd27e2b4d3689eedc26f6a98c46b1c5d1ba852a9c5dce8b8/sb-vitest/deps/react-router.js?v=d4d01f76:4771:29)
    at RouterProvider (http://localhost:63315/node_modules/.cache/storybook/10.5.10/d089ae206bd7a58edd27e2b4d3689eedc26f6a98c46b1c5d1ba852a9c5dce8b8/sb-vitest/deps/react-router.js?v=d4d01f76:4516:27)
    at unboundStoryFn (http://localhost:63315/node_modules/.cache/storybook/10.5.10/d089ae206bd7a58edd27e2b4d3689eedc26f6a98c46b1c5d1ba852a9c5dce8b8/sb-vitest/deps/csf-B8OjfbGV.js?v=1fe95d09:8788:243)
8:22:52 pm [vite] [31m[2m(client)[22m[39m [2m[console.error] [22mWarning: An update to ServicesWeOffer inside a test was not wrapped in act(...).

When testing, code that causes React state updates should be wrapped into act(...):

act(() => {
  /* fire events that update state */
});
/* assert on the output */

This ensures that you're testing the behavior the user would see in the browser. Learn more at https://reactjs.org/link/wrap-tests-with-act
    at ServicesWeOffer (http://localhost:63315/ClientApp/src/routes/services-we-offer/index.tsx:18:33)
    at hookified (http://localhost:63315/node_modules/.cache/storybook/10.5.10/d089ae206bd7a58edd27e2b4d3689eedc26f6a98c46b1c5d1ba852a9c5dce8b8/sb-vitest/deps/csf-B8OjfbGV.js?v=1fe95d09:8281:9)
    at RenderedRoute (http://localhost:63315/node_modules/.cache/storybook/10.5.10/d089ae206bd7a58edd27e2b4d3689eedc26f6a98c46b1c5d1ba852a9c5dce8b8/sb-vitest/deps/react-router.js?v=d4d01f76:4139:26)
    at RenderErrorBoundary (http://localhost:63315/node_modules/.cache/storybook/10.5.10/d089ae206bd7a58edd27e2b4d3689eedc26f6a98c46b1c5d1ba852a9c5dce8b8/sb-vitest/deps/react-router.js?v=d4d01f76:4073:3)
    at DataRoutes2 (http://localhost:63315/node_modules/.cache/storybook/10.5.10/d089ae206bd7a58edd27e2b4d3689eedc26f6a98c46b1c5d1ba852a9c5dce8b8/sb-vitest/deps/react-router.js?v=d4d01f76:4706:24)
    at Router (http://localhost:63315/node_modules/.cache/storybook/10.5.10/d089ae206bd7a58edd27e2b4d3689eedc26f6a98c46b1c5d1ba852a9c5dce8b8/sb-vitest/deps/react-router.js?v=d4d01f76:4771:29)
    at RouterProvider (http://localhost:63315/node_modules/.cache/storybook/10.5.10/d089ae206bd7a58edd27e2b4d3689eedc26f6a98c46b1c5d1ba852a9c5dce8b8/sb-vitest/deps/react-router.js?v=d4d01f76:4516:27)
    at unboundStoryFn (http://localhost:63315/node_modules/.cache/storybook/10.5.10/d089ae206bd7a58edd27e2b4d3689eedc26f6a98c46b1c5d1ba852a9c5dce8b8/sb-vitest/deps/csf-B8OjfbGV.js?v=1fe95d09:8788:243)
stderr | ClientApp/src/routes/services-we-offer/ServicesWeOffer.stories.tsx > Default
Warning: An update to ServicesWeOffer inside a test was not wrapped in act(...).

When testing, code that causes React state updates should be wrapped into act(...):

act(() => {
  /* fire events that update state */
});
/* assert on the output */

This ensures that you're testing the behavior the user would see in the browser. Learn more at https://reactjs.org/link/wrap-tests-with-act
    at ServicesWeOffer (http://localhost:63315/ClientApp/src/routes/services-we-offer/index.tsx:18:33)
    at hookified (http://localhost:63315/node_modules/.cache/storybook/10.5.10/d089ae206bd7a58edd27e2b4d3689eedc26f6a98c46b1c5d1ba852a9c5dce8b8/sb-vitest/deps/csf-B8OjfbGV.js?v=1fe95d09:8281:9)
    at RenderedRoute (http://localhost:63315/node_modules/.cache/storybook/10.5.10/d089ae206bd7a58edd27e2b4d3689eedc26f6a98c46b1c5d1ba852a9c5dce8b8/sb-vitest/deps/react-router.js?v=d4d01f76:4139:26)
    at RenderErrorBoundary (http://localhost:63315/node_modules/.cache/storybook/10.5.10/d089ae206bd7a58edd27e2b4d3689eedc26f6a98c46b1c5d1ba852a9c5dce8b8/sb-vitest/deps/react-router.js?v=d4d01f76:4073:3)
    at DataRoutes2 (http://localhost:63315/node_modules/.cache/storybook/10.5.10/d089ae206bd7a58edd27e2b4d3689eedc26f6a98c46b1c5d1ba852a9c5dce8b8/sb-vitest/deps/react-router.js?v=d4d01f76:4706:24)
    at Router (http://localhost:63315/node_modules/.cache/storybook/10.5.10/d089ae206bd7a58edd27e2b4d3689eedc26f6a98c46b1c5d1ba852a9c5dce8b8/sb-vitest/deps/react-router.js?v=d4d01f76:4771:29)
    at RouterProvider (http://localhost:63315/node_modules/.cache/storybook/10.5.10/d089ae206bd7a58edd27e2b4d3689eedc26f6a98c46b1c5d1ba852a9c5dce8b8/sb-vitest/deps/react-router.js?v=d4d01f76:4516:27)
    at unboundStoryFn (http://localhost:63315/node_modules/.cache/storybook/10.5.10/d089ae206bd7a58edd27e2b4d3689eedc26f6a98c46b1c5d1ba852a9c5dce8b8/sb-vitest/deps/csf-B8OjfbGV.js?v=1fe95d09:8788:243)
stderr | ClientApp/src/routes/services-we-offer/ServicesWeOffer.stories.tsx > Default
Warning: An update to ServicesWeOffer inside a test was not wrapped in act(...).

When testing, code that causes React state updates should be wrapped into act(...):

act(() => {
  /* fire events that update state */
});
/* assert on the output */

This ensures that you're testing the behavior the user would see in the browser. Learn more at https://reactjs.org/link/wrap-tests-with-act
    at ServicesWeOffer (http://localhost:63315/ClientApp/src/routes/services-we-offer/index.tsx:18:33)
    at hookified (http://localhost:63315/node_modules/.cache/storybook/10.5.10/d089ae206bd7a58edd27e2b4d3689eedc26f6a98c46b1c5d1ba852a9c5dce8b8/sb-vitest/deps/csf-B8OjfbGV.js?v=1fe95d09:8281:9)
    at RenderedRoute (http://localhost:63315/node_modules/.cache/storybook/10.5.10/d089ae206bd7a58edd27e2b4d3689eedc26f6a98c46b1c5d1ba852a9c5dce8b8/sb-vitest/deps/react-router.js?v=d4d01f76:4139:26)
    at RenderErrorBoundary (http://localhost:63315/node_modules/.cache/storybook/10.5.10/d089ae206bd7a58edd27e2b4d3689eedc26f6a98c46b1c5d1ba852a9c5dce8b8/sb-vitest/deps/react-router.js?v=d4d01f76:4073:3)
    at DataRoutes2 (http://localhost:63315/node_modules/.cache/storybook/10.5.10/d089ae206bd7a58edd27e2b4d3689eedc26f6a98c46b1c5d1ba852a9c5dce8b8/sb-vitest/deps/react-router.js?v=d4d01f76:4706:24)
    at Router (http://localhost:63315/node_modules/.cache/storybook/10.5.10/d089ae206bd7a58edd27e2b4d3689eedc26f6a98c46b1c5d1ba852a9c5dce8b8/sb-vitest/deps/react-router.js?v=d4d01f76:4771:29)
    at RouterProvider (http://localhost:63315/node_modules/.cache/storybook/10.5.10/d089ae206bd7a58edd27e2b4d3689eedc26f6a98c46b1c5d1ba852a9c5dce8b8/sb-vitest/deps/react-router.js?v=d4d01f76:4516:27)
    at unboundStoryFn (http://localhost:63315/node_modules/.cache/storybook/10.5.10/d089ae206bd7a58edd27e2b4d3689eedc26f6a98c46b1c5d1ba852a9c5dce8b8/sb-vitest/deps/csf-B8OjfbGV.js?v=1fe95d09:8788:243)
8:22:52 pm [vite] [31m[2m(client)[22m[39m [2m[console.error] [22mWarning: An update to $42ceafc619f9c3ba$export$bf788dd355e3a401 inside a test was not wrapped in act(...).

When testing, code that causes React state updates should be wrapped into act(...):

act(() => {
  /* fire events that update state */
});
/* assert on the output */

This ensures that you're testing the behavior the user would see in the browser. Learn more at https://reactjs.org/link/wrap-tests-with-act
    at $42ceafc619f9c3ba$export$bf788dd355e3a401 (http://localhost:63315/node_modules/.cache/storybook/10.5.10/d089ae206bd7a58edd27e2b4d3689eedc26f6a98c46b1c5d1ba852a9c5dce8b8/sb-vitest/deps/Collection-B9ePPz5R.js?v=1fe95d09:703:34)
    at Breadcrumbs (http://localhost:63315/node_modules/.cache/storybook/10.5.10/d089ae206bd7a58edd27e2b4d3689eedc26f6a98c46b1c5d1ba852a9c5dce8b8/sb-vitest/deps/Breadcrumbs-C0DnT5iV.js?v=1fe95d09:198:17)
    at nav
    at CustomBreadcrumb (http://localhost:63315/ClientApp/src/components/Breadcrumb/index.tsx:6:29)
    at div
    at http://localhost:63315/node_modules/.cache/storybook/10.5.10/d089ae206bd7a58edd27e2b4d3689eedc26f6a98c46b1c5d1ba852a9c5dce8b8/sb-vitest/deps/react-bootstrap_Col.js?v=6228f19a:39:83
    at div
    at http://localhost:63315/node_modules/.cache/storybook/10.5.10/d089ae206bd7a58edd27e2b4d3689eedc26f6a98c46b1c5d1ba852a9c5dce8b8/sb-vitest/deps/react-bootstrap_Row.js?v=88f5539d:10:52
    at div
    at http://localhost:63315/node_modules/.cache/storybook/10.5.10/d089ae206bd7a58edd27e2b4d3689eedc26f6a98c46b1c5d1ba852a9c5dce8b8/sb-vitest/deps/react-bootstrap.js?v=175c5677:900:58
    at div
    at http://localhost:63315/node_modules/.cache/storybook/10.5.10/d089ae206bd7a58edd27e2b4d3689eedc26f6a98c46b1c5d1ba852a9c5dce8b8/sb-vitest/deps/react-bootstrap.js?v=175c5677:900:58
    at div
    at ServicesWeOffer (http://localhost:63315/ClientApp/src/routes/services-we-offer/index.tsx:18:33)
    at hookified (http://localhost:63315/node_modules/.cache/storybook/10.5.10/d089ae206bd7a58edd27e2b4d3689eedc26f6a98c46b1c5d1ba852a9c5dce8b8/sb-vitest/deps/csf-B8OjfbGV.js?v=1fe95d09:8281:9)
    at RenderedRoute (http://localhost:63315/node_modules/.cache/storybook/10.5.10/d089ae206bd7a58edd27e2b4d3689eedc26f6a98c46b1c5d1ba852a9c5dce8b8/sb-vitest/deps/react-router.js?v=d4d01f76:4139:26)
    at RenderErrorBoundary (http://localhost:63315/node_modules/.cache/storybook/10.5.10/d089ae206bd7a58edd27e2b4d3689eedc26f6a98c46b1c5d1ba852a9c5dce8b8/sb-vitest/deps/react-router.js?v=d4d01f76:4073:3)
    at DataRoutes2 (http://localhost:63315/node_modules/.cache/storybook/10.5.10/d089ae206bd7a58edd27e2b4d3689eedc26f6a98c46b1c5d1ba852a9c5dce8b8/sb-vitest/deps/react-router.js?v=d4d01f76:4706:24)
    at Router (http://localhost:63315/node_modules/.cache/storybook/10.5.10/d089ae206bd7a58edd27e2b4d3689eedc26f6a98c46b1c5d1ba852a9c5dce8b8/sb-vitest/deps/react-router.js?v=d4d01f76:4771:29)
    at RouterProvider (http://localhost:63315/node_modules/.cache/storybook/10.5.10/d089ae206bd7a58edd27e2b4d3689eedc26f6a98c46b1c5d1ba852a9c5dce8b8/sb-vitest/deps/react-router.js?v=d4d01f76:4516:27)
    at unboundStoryFn (http://localhost:63315/node_modules/.cache/storybook/10.5.10/d089ae206bd7a58edd27e2b4d3689eedc26f6a98c46b1c5d1ba852a9c5dce8b8/sb-vitest/deps/csf-B8OjfbGV.js?v=1fe95d09:8788:243)
stderr | ClientApp/src/routes/services-we-offer/ServicesWeOffer.stories.tsx > Default
Warning: An update to $42ceafc619f9c3ba$export$bf788dd355e3a401 inside a test was not wrapped in act(...).

When testing, code that causes React state updates should be wrapped into act(...):

act(() => {
  /* fire events that update state */
});
/* assert on the output */

This ensures that you're testing the behavior the user would see in the browser. Learn more at https://reactjs.org/link/wrap-tests-with-act
    at $42ceafc619f9c3ba$export$bf788dd355e3a401 (http://localhost:63315/node_modules/.cache/storybook/10.5.10/d089ae206bd7a58edd27e2b4d3689eedc26f6a98c46b1c5d1ba852a9c5dce8b8/sb-vitest/deps/Collection-B9ePPz5R.js?v=1fe95d09:703:34)
    at Breadcrumbs (http://localhost:63315/node_modules/.cache/storybook/10.5.10/d089ae206bd7a58edd27e2b4d3689eedc26f6a98c46b1c5d1ba852a9c5dce8b8/sb-vitest/deps/Breadcrumbs-C0DnT5iV.js?v=1fe95d09:198:17)
    at nav
    at CustomBreadcrumb (http://localhost:63315/ClientApp/src/components/Breadcrumb/index.tsx:6:29)
    at div
    at http://localhost:63315/node_modules/.cache/storybook/10.5.10/d089ae206bd7a58edd27e2b4d3689eedc26f6a98c46b1c5d1ba852a9c5dce8b8/sb-vitest/deps/react-bootstrap_Col.js?v=6228f19a:39:83
    at div
    at http://localhost:63315/node_modules/.cache/storybook/10.5.10/d089ae206bd7a58edd27e2b4d3689eedc26f6a98c46b1c5d1ba852a9c5dce8b8/sb-vitest/deps/react-bootstrap_Row.js?v=88f5539d:10:52
    at div
    at http://localhost:63315/node_modules/.cache/storybook/10.5.10/d089ae206bd7a58edd27e2b4d3689eedc26f6a98c46b1c5d1ba852a9c5dce8b8/sb-vitest/deps/react-bootstrap.js?v=175c5677:900:58
    at div
    at http://localhost:63315/node_modules/.cache/storybook/10.5.10/d089ae206bd7a58edd27e2b4d3689eedc26f6a98c46b1c5d1ba852a9c5dce8b8/sb-vitest/deps/react-bootstrap.js?v=175c5677:900:58
    at div
    at ServicesWeOffer (http://localhost:63315/ClientApp/src/routes/services-we-offer/index.tsx:18:33)
    at hookified (http://localhost:63315/node_modules/.cache/storybook/10.5.10/d089ae206bd7a58edd27e2b4d3689eedc26f6a98c46b1c5d1ba852a9c5dce8b8/sb-vitest/deps/csf-B8OjfbGV.js?v=1fe95d09:8281:9)
    at RenderedRoute (http://localhost:63315/node_modules/.cache/storybook/10.5.10/d089ae206bd7a58edd27e2b4d3689eedc26f6a98c46b1c5d1ba852a9c5dce8b8/sb-vitest/deps/react-router.js?v=d4d01f76:4139:26)
    at RenderErrorBoundary (http://localhost:63315/node_modules/.cache/storybook/10.5.10/d089ae206bd7a58edd27e2b4d3689eedc26f6a98c46b1c5d1ba852a9c5dce8b8/sb-vitest/deps/react-router.js?v=d4d01f76:4073:3)
    at DataRoutes2 (http://localhost:63315/node_modules/.cache/storybook/10.5.10/d089ae206bd7a58edd27e2b4d3689eedc26f6a98c46b1c5d1ba852a9c5dce8b8/sb-vitest/deps/react-router.js?v=d4d01f76:4706:24)
    at Router (http://localhost:63315/node_modules/.cache/storybook/10.5.10/d089ae206bd7a58edd27e2b4d3689eedc26f6a98c46b1c5d1ba852a9c5dce8b8/sb-vitest/deps/react-router.js?v=d4d01f76:4771:29)
    at RouterProvider (http://localhost:63315/node_modules/.cache/storybook/10.5.10/d089ae206bd7a58edd27e2b4d3689eedc26f6a98c46b1c5d1ba852a9c5dce8b8/sb-vitest/deps/react-router.js?v=d4d01f76:4516:27)
    at unboundStoryFn (http://localhost:63315/node_modules/.cache/storybook/10.5.10/d089ae206bd7a58edd27e2b4d3689eedc26f6a98c46b1c5d1ba852a9c5dce8b8/sb-vitest/deps/csf-B8OjfbGV.js?v=1fe95d09:8788:243)
 ✓ |storybook (chromium)| ClientApp/src/routes/services-we-offer/ServicesWeOffer.stories.tsx (1 test) 452ms
   ✓ Default  451ms
 ✓ |storybook (chromium)| ClientApp/src/routes/account/AccountCreated.stories.tsx (1 test) 296ms
 ✓ |storybook (chromium)| ClientApp/src/components/Icons/Icons.stories.tsx (1 test) 352ms
   ✓ External Link  352ms
 ✓ |storybook (chromium)| ClientApp/src/routes/requestForQuote/RequestForQuoteCreated.stories.tsx (1 test) 511ms
   ✓ Submitted  510ms

 Test Files  87 passed (87)
      Tests  218 passed (218)
   Start at  20:22:01
   Duration  51.86s (transform 0ms, setup 271.56s, import 72.24s, tests 85.53s, environment 0ms)

