
> nmi-portal@0.1.0 test:storybook
> node --max-old-space-size=8192 ./node_modules/vitest/vitest.mjs run --config vitest.storybook.config.ts --reporter=default


 RUN  v4.1.11 C:/Users/gregm/offline-site-robots-off/portal.measurement.gov.au/source-map-capture/portal.measurement.gov.au

10:54:51 am [vite] [90m[2m(client)[22m[39m Re-optimizing dependencies because lockfile has changed
10:54:52 am [vite] [90m[2m(client)[22m[39m [optimizer] scanning dependencies...
10:54:54 am [vite] [90m[2m(client)[22m[39m [optimizer] bundling dependencies...
10:55:11 am [vite] [31m[2m(client)[22m[39m [2m[console.error] [22m[env] Missing required runtime variable: REACT_APP_APPINSIGHTS_INSTRUMENTATIONKEY
10:55:11 am [vite] [31m[2m(client)[22m[39m [2m[console.error] [22m[env] Missing required runtime variable: REACT_APP_GA_TRACKINGID
stderr | unknown test
[env] Missing required runtime variable: REACT_APP_APPINSIGHTS_INSTRUMENTATIONKEY
stderr | unknown test
[env] Missing required runtime variable: REACT_APP_GA_TRACKINGID
10:55:11 am [vite] [31m[2m(client)[22m[39m [2m[console.error] [22m[env] Missing required runtime variable: REACT_APP_APPINSIGHTS_INSTRUMENTATIONKEY
10:55:11 am [vite] [31m[2m(client)[22m[39m [2m[console.error] [22m[env] Missing required runtime variable: REACT_APP_GA_TRACKINGID
stderr | unknown test
[env] Missing required runtime variable: REACT_APP_APPINSIGHTS_INSTRUMENTATIONKEY
stderr | unknown test
[env] Missing required runtime variable: REACT_APP_GA_TRACKINGID
stderr | unknown test
[env] Missing required runtime variable: REACT_APP_APPINSIGHTS_INSTRUMENTATIONKEY
stderr | unknown test
[env] Missing required runtime variable: REACT_APP_GA_TRACKINGID
10:55:12 am [vite] [31m[2m(client)[22m[39m [2m[console.error] [22m[env] Missing required runtime variable: REACT_APP_APPINSIGHTS_INSTRUMENTATIONKEY
10:55:12 am [vite] [31m[2m(client)[22m[39m [2m[console.error] [22m[env] Missing required runtime variable: REACT_APP_GA_TRACKINGID
10:55:12 am [vite] [31m[2m(client)[22m[39m [2m[console.error] [22m[env] Missing required runtime variable: REACT_APP_APPINSIGHTS_INSTRUMENTATIONKEY
10:55:12 am [vite] [31m[2m(client)[22m[39m [2m[console.error] [22m[env] Missing required runtime variable: REACT_APP_GA_TRACKINGID
10:55:12 am [vite] [31m[2m(client)[22m[39m [2m[console.error] [22m[env] Missing required runtime variable: REACT_APP_APPINSIGHTS_INSTRUMENTATIONKEY
10:55:12 am [vite] [31m[2m(client)[22m[39m [2m[console.error] [22m[env] Missing required runtime variable: REACT_APP_GA_TRACKINGID
stderr | unknown test
[env] Missing required runtime variable: REACT_APP_APPINSIGHTS_INSTRUMENTATIONKEY
stderr | unknown test
[env] Missing required runtime variable: REACT_APP_GA_TRACKINGID
stderr | unknown test
[env] Missing required runtime variable: REACT_APP_APPINSIGHTS_INSTRUMENTATIONKEY
stderr | unknown test
[env] Missing required runtime variable: REACT_APP_GA_TRACKINGID
stderr | unknown test
[env] Missing required runtime variable: REACT_APP_APPINSIGHTS_INSTRUMENTATIONKEY
stderr | unknown test
[env] Missing required runtime variable: REACT_APP_GA_TRACKINGID
10:55:13 am [vite] [31m[2m(client)[22m[39m [2m[console.error] [22m[env] Missing required runtime variable: REACT_APP_APPINSIGHTS_INSTRUMENTATIONKEY
10:55:13 am [vite] [31m[2m(client)[22m[39m [2m[console.error] [22m[env] Missing required runtime variable: REACT_APP_GA_TRACKINGID
stderr | unknown test
[env] Missing required runtime variable: REACT_APP_APPINSIGHTS_INSTRUMENTATIONKEY
stderr | unknown test
[env] Missing required runtime variable: REACT_APP_GA_TRACKINGID
10:55:13 am [vite] [31m[2m(client)[22m[39m [2m[console.error] [22m[env] Missing required runtime variable: REACT_APP_APPINSIGHTS_INSTRUMENTATIONKEY
10:55:13 am [vite] [31m[2m(client)[22m[39m [2m[console.error] [22m[env] Missing required runtime variable: REACT_APP_GA_TRACKINGID
10:55:13 am [vite] [31m[2m(client)[22m[39m [2m[console.error] [22m[env] Missing required runtime variable: REACT_APP_APPINSIGHTS_INSTRUMENTATIONKEY
10:55:13 am [vite] [31m[2m(client)[22m[39m [2m[console.error] [22m[env] Missing required runtime variable: REACT_APP_GA_TRACKINGID
stderr | unknown test
[env] Missing required runtime variable: REACT_APP_APPINSIGHTS_INSTRUMENTATIONKEY
stderr | unknown test
[env] Missing required runtime variable: REACT_APP_GA_TRACKINGID
 ✓ |storybook (chromium)| ClientApp/src/components/RequestList/Dashboard.stories.tsx (4 tests) 2033ms
   ✓ Draft Request  1802ms
10:55:13 am [vite] [31m[2m(client)[22m[39m [2m[console.error] [22m[env] Missing required runtime variable: REACT_APP_APPINSIGHTS_INSTRUMENTATIONKEY
10:55:13 am [vite] [31m[2m(client)[22m[39m [2m[console.error] [22m[env] Missing required runtime variable: REACT_APP_GA_TRACKINGID
stderr | unknown test
[env] Missing required runtime variable: REACT_APP_APPINSIGHTS_INSTRUMENTATIONKEY
stderr | unknown test
[env] Missing required runtime variable: REACT_APP_GA_TRACKINGID
 ✓ |storybook (chromium)| ClientApp/src/components/SearchFilter/SearchFilter.stories.tsx (2 tests) 1853ms
   ✓ Dashboard Filters  1788ms
 ✓ |storybook (chromium)| ClientApp/src/components/RequestList/InstrumentItem.stories.tsx (2 tests) 1721ms
   ✓ Reports Tab  1612ms
 ✓ |storybook (chromium)| ClientApp/src/components/BlockUISpinner/BlockUISpinner.stories.tsx (2 tests) 1691ms
   ✓ Full Page  1655ms
10:55:14 am [vite] [31m[2m(client)[22m[39m [2m[console.error] [22mWarning: An update to $542a13ca2fa5b484$var$PopoverInner inside a test was not wrapped in act(...).

When testing, code that causes React state updates should be wrapped into act(...):

act(() => {
  /* fire events that update state */
});
/* assert on the output */

This ensures that you're testing the behavior the user would see in the browser. Learn more at https://reactjs.org/link/wrap-tests-with-act
    at $542a13ca2fa5b484$var$PopoverInner (http://localhost:63315/node_modules/.cache/storybook/10.5.10/d089ae206bd7a58edd27e2b4d3689eedc26f6a98c46b1c5d1ba852a9c5dce8b8/sb-vitest/deps/ComboBox-ibQmNIIj.js?v=d4d00fa8:1863:47)
    at Popover (http://localhost:63315/node_modules/.cache/storybook/10.5.10/d089ae206bd7a58edd27e2b4d3689eedc26f6a98c46b1c5d1ba852a9c5dce8b8/sb-vitest/deps/ComboBox-ibQmNIIj.js?v=d4d00fa8:1835:17)
    at div
    at $7230ffa83bc0c2cf$var$DOMElement (http://localhost:63315/node_modules/.cache/storybook/10.5.10/d089ae206bd7a58edd27e2b4d3689eedc26f6a98c46b1c5d1ba852a9c5dce8b8/sb-vitest/deps/useHover-BYoVF4in.js?v=d4d00fa8:308:8)
    at $7230ffa83bc0c2cf$export$2881499e37b75b9a (http://localhost:63315/node_modules/.cache/storybook/10.5.10/d089ae206bd7a58edd27e2b4d3689eedc26f6a98c46b1c5d1ba852a9c5dce8b8/sb-vitest/deps/useHover-BYoVF4in.js?v=d4d00fa8:200:54)
    at $dbdc5e6e7ce01b4b$var$ComboBoxInner (http://localhost:63315/node_modules/.cache/storybook/10.5.10/d089ae206bd7a58edd27e2b4d3689eedc26f6a98c46b1c5d1ba852a9c5dce8b8/sb-vitest/deps/ComboBox-ibQmNIIj.js?v=d4d00fa8:4656:48)
    at $42ceafc619f9c3ba$var$CollectionInner (http://localhost:63315/node_modules/.cache/storybook/10.5.10/d089ae206bd7a58edd27e2b4d3689eedc26f6a98c46b1c5d1ba852a9c5dce8b8/sb-vitest/deps/Collection-B9ePPz5R.js?v=d4d00fa8:710:50)
    at $42ceafc619f9c3ba$export$bf788dd355e3a401 (http://localhost:63315/node_modules/.cache/storybook/10.5.10/d089ae206bd7a58edd27e2b4d3689eedc26f6a98c46b1c5d1ba852a9c5dce8b8/sb-vitest/deps/Collection-B9ePPz5R.js?v=d4d00fa8:703:34)
    at Wrapper (http://localhost:63315/node_modules/.cache/storybook/10.5.10/d089ae206bd7a58edd27e2b4d3689eedc26f6a98c46b1c5d1ba852a9c5dce8b8/sb-vitest/deps/Hidden-CqdvWE-W.js?v=d4d00fa8:159:35)
    at div
    at AutoSuggestContainer (http://localhost:63315/ClientApp/src/components/Inputs/AutoSuggest/AutoSuggestContainer.tsx:22:10)
    at AutoSuggest (http://localhost:63315/ClientApp/src/components/Inputs/AutoSuggest/index.tsx:6:10)
    at hookified (http://localhost:63315/node_modules/.cache/storybook/10.5.10/d089ae206bd7a58edd27e2b4d3689eedc26f6a98c46b1c5d1ba852a9c5dce8b8/sb-vitest/deps/csf-B8OjfbGV.js?v=d4d00fa8:8281:9)
    at form
    at http://localhost:63315/node_modules/.cache/storybook/10.5.10/d089ae206bd7a58edd27e2b4d3689eedc26f6a98c46b1c5d1ba852a9c5dce8b8/sb-vitest/deps/formik.js?v=6f093980:3385:21
    at Formik (http://localhost:63315/node_modules/.cache/storybook/10.5.10/d089ae206bd7a58edd27e2b4d3689eedc26f6a98c46b1c5d1ba852a9c5dce8b8/sb-vitest/deps/formik.js?v=6f093980:3190:18)
    at RenderedRoute (http://localhost:63315/node_modules/.cache/storybook/10.5.10/d089ae206bd7a58edd27e2b4d3689eedc26f6a98c46b1c5d1ba852a9c5dce8b8/sb-vitest/deps/react-router.js?v=e6e31490:4139:26)
    at RenderErrorBoundary (http://localhost:63315/node_modules/.cache/storybook/10.5.10/d089ae206bd7a58edd27e2b4d3689eedc26f6a98c46b1c5d1ba852a9c5dce8b8/sb-vitest/deps/react-router.js?v=e6e31490:4073:3)
    at DataRoutes2 (http://localhost:63315/node_modules/.cache/storybook/10.5.10/d089ae206bd7a58edd27e2b4d3689eedc26f6a98c46b1c5d1ba852a9c5dce8b8/sb-vitest/deps/react-router.js?v=e6e31490:4706:24)
    at Router (http://localhost:63315/node_modules/.cache/storybook/10.5.10/d089ae206bd7a58edd27e2b4d3689eedc26f6a98c46b1c5d1ba852a9c5dce8b8/sb-vitest/deps/react-router.js?v=e6e31490:4771:29)
    at RouterProvider (http://localhost:63315/node_modules/.cache/storybook/10.5.10/d089ae206bd7a58edd27e2b4d3689eedc26f6a98c46b1c5d1ba852a9c5dce8b8/sb-vitest/deps/react-router.js?v=e6e31490:4516:27)
    at unboundStoryFn (http://localhost:63315/node_modules/.cache/storybook/10.5.10/d089ae206bd7a58edd27e2b4d3689eedc26f6a98c46b1c5d1ba852a9c5dce8b8/sb-vitest/deps/csf-B8OjfbGV.js?v=d4d00fa8:8788:243)
stderr | ClientApp/src/components/Inputs/AutoSuggest/AutoSuggest.stories.tsx > With Suggestions
Warning: An update to $542a13ca2fa5b484$var$PopoverInner inside a test was not wrapped in act(...).

When testing, code that causes React state updates should be wrapped into act(...):

act(() => {
  /* fire events that update state */
});
/* assert on the output */

This ensures that you're testing the behavior the user would see in the browser. Learn more at https://reactjs.org/link/wrap-tests-with-act
    at $542a13ca2fa5b484$var$PopoverInner (http://localhost:63315/node_modules/.cache/storybook/10.5.10/d089ae206bd7a58edd27e2b4d3689eedc26f6a98c46b1c5d1ba852a9c5dce8b8/sb-vitest/deps/ComboBox-ibQmNIIj.js?v=d4d00fa8:1863:47)
    at Popover (http://localhost:63315/node_modules/.cache/storybook/10.5.10/d089ae206bd7a58edd27e2b4d3689eedc26f6a98c46b1c5d1ba852a9c5dce8b8/sb-vitest/deps/ComboBox-ibQmNIIj.js?v=d4d00fa8:1835:17)
    at div
    at $7230ffa83bc0c2cf$var$DOMElement (http://localhost:63315/node_modules/.cache/storybook/10.5.10/d089ae206bd7a58edd27e2b4d3689eedc26f6a98c46b1c5d1ba852a9c5dce8b8/sb-vitest/deps/useHover-BYoVF4in.js?v=d4d00fa8:308:8)
    at $7230ffa83bc0c2cf$export$2881499e37b75b9a (http://localhost:63315/node_modules/.cache/storybook/10.5.10/d089ae206bd7a58edd27e2b4d3689eedc26f6a98c46b1c5d1ba852a9c5dce8b8/sb-vitest/deps/useHover-BYoVF4in.js?v=d4d00fa8:200:54)
    at $dbdc5e6e7ce01b4b$var$ComboBoxInner (http://localhost:63315/node_modules/.cache/storybook/10.5.10/d089ae206bd7a58edd27e2b4d3689eedc26f6a98c46b1c5d1ba852a9c5dce8b8/sb-vitest/deps/ComboBox-ibQmNIIj.js?v=d4d00fa8:4656:48)
    at $42ceafc619f9c3ba$var$CollectionInner (http://localhost:63315/node_modules/.cache/storybook/10.5.10/d089ae206bd7a58edd27e2b4d3689eedc26f6a98c46b1c5d1ba852a9c5dce8b8/sb-vitest/deps/Collection-B9ePPz5R.js?v=d4d00fa8:710:50)
    at $42ceafc619f9c3ba$export$bf788dd355e3a401 (http://localhost:63315/node_modules/.cache/storybook/10.5.10/d089ae206bd7a58edd27e2b4d3689eedc26f6a98c46b1c5d1ba852a9c5dce8b8/sb-vitest/deps/Collection-B9ePPz5R.js?v=d4d00fa8:703:34)
    at Wrapper (http://localhost:63315/node_modules/.cache/storybook/10.5.10/d089ae206bd7a58edd27e2b4d3689eedc26f6a98c46b1c5d1ba852a9c5dce8b8/sb-vitest/deps/Hidden-CqdvWE-W.js?v=d4d00fa8:159:35)
    at div
    at AutoSuggestContainer (http://localhost:63315/ClientApp/src/components/Inputs/AutoSuggest/AutoSuggestContainer.tsx:22:10)
    at AutoSuggest (http://localhost:63315/ClientApp/src/components/Inputs/AutoSuggest/index.tsx:6:10)
    at hookified (http://localhost:63315/node_modules/.cache/storybook/10.5.10/d089ae206bd7a58edd27e2b4d3689eedc26f6a98c46b1c5d1ba852a9c5dce8b8/sb-vitest/deps/csf-B8OjfbGV.js?v=d4d00fa8:8281:9)
    at form
    at http://localhost:63315/node_modules/.cache/storybook/10.5.10/d089ae206bd7a58edd27e2b4d3689eedc26f6a98c46b1c5d1ba852a9c5dce8b8/sb-vitest/deps/formik.js?v=6f093980:3385:21
    at Formik (http://localhost:63315/node_modules/.cache/storybook/10.5.10/d089ae206bd7a58edd27e2b4d3689eedc26f6a98c46b1c5d1ba852a9c5dce8b8/sb-vitest/deps/formik.js?v=6f093980:3190:18)
    at RenderedRoute (http://localhost:63315/node_modules/.cache/storybook/10.5.10/d089ae206bd7a58edd27e2b4d3689eedc26f6a98c46b1c5d1ba852a9c5dce8b8/sb-vitest/deps/react-router.js?v=e6e31490:4139:26)
    at RenderErrorBoundary (http://localhost:63315/node_modules/.cache/storybook/10.5.10/d089ae206bd7a58edd27e2b4d3689eedc26f6a98c46b1c5d1ba852a9c5dce8b8/sb-vitest/deps/react-router.js?v=e6e31490:4073:3)
    at DataRoutes2 (http://localhost:63315/node_modules/.cache/storybook/10.5.10/d089ae206bd7a58edd27e2b4d3689eedc26f6a98c46b1c5d1ba852a9c5dce8b8/sb-vitest/deps/react-router.js?v=e6e31490:4706:24)
    at Router (http://localhost:63315/node_modules/.cache/storybook/10.5.10/d089ae206bd7a58edd27e2b4d3689eedc26f6a98c46b1c5d1ba852a9c5dce8b8/sb-vitest/deps/react-router.js?v=e6e31490:4771:29)
    at RouterProvider (http://localhost:63315/node_modules/.cache/storybook/10.5.10/d089ae206bd7a58edd27e2b4d3689eedc26f6a98c46b1c5d1ba852a9c5dce8b8/sb-vitest/deps/react-router.js?v=e6e31490:4516:27)
    at unboundStoryFn (http://localhost:63315/node_modules/.cache/storybook/10.5.10/d089ae206bd7a58edd27e2b4d3689eedc26f6a98c46b1c5d1ba852a9c5dce8b8/sb-vitest/deps/csf-B8OjfbGV.js?v=d4d00fa8:8788:243)
10:55:14 am [vite] [31m[2m(client)[22m[39m [2m[console.error] [22mWarning: An update to ReportRecipient inside a test was not wrapped in act(...).

When testing, code that causes React state updates should be wrapped into act(...):

act(() => {
  /* fire events that update state */
});
/* assert on the output */

This ensures that you're testing the behavior the user would see in the browser. Learn more at https://reactjs.org/link/wrap-tests-with-act
    at ReportRecipient (http://localhost:63315/ClientApp/src/routes/acceptQuote/reportRecipient.tsx:23:10)
    at hookified (http://localhost:63315/node_modules/.cache/storybook/10.5.10/d089ae206bd7a58edd27e2b4d3689eedc26f6a98c46b1c5d1ba852a9c5dce8b8/sb-vitest/deps/csf-B8OjfbGV.js?v=d4d00fa8:8281:9)
    at form
    at http://localhost:63315/node_modules/.cache/storybook/10.5.10/d089ae206bd7a58edd27e2b4d3689eedc26f6a98c46b1c5d1ba852a9c5dce8b8/sb-vitest/deps/formik.js?v=6f093980:3385:21
    at Formik (http://localhost:63315/node_modules/.cache/storybook/10.5.10/d089ae206bd7a58edd27e2b4d3689eedc26f6a98c46b1c5d1ba852a9c5dce8b8/sb-vitest/deps/formik.js?v=6f093980:3190:18)
    at RenderedRoute (http://localhost:63315/node_modules/.cache/storybook/10.5.10/d089ae206bd7a58edd27e2b4d3689eedc26f6a98c46b1c5d1ba852a9c5dce8b8/sb-vitest/deps/react-router.js?v=e6e31490:4139:26)
    at RenderErrorBoundary (http://localhost:63315/node_modules/.cache/storybook/10.5.10/d089ae206bd7a58edd27e2b4d3689eedc26f6a98c46b1c5d1ba852a9c5dce8b8/sb-vitest/deps/react-router.js?v=e6e31490:4073:3)
    at DataRoutes2 (http://localhost:63315/node_modules/.cache/storybook/10.5.10/d089ae206bd7a58edd27e2b4d3689eedc26f6a98c46b1c5d1ba852a9c5dce8b8/sb-vitest/deps/react-router.js?v=e6e31490:4706:24)
    at Router (http://localhost:63315/node_modules/.cache/storybook/10.5.10/d089ae206bd7a58edd27e2b4d3689eedc26f6a98c46b1c5d1ba852a9c5dce8b8/sb-vitest/deps/react-router.js?v=e6e31490:4771:29)
    at RouterProvider (http://localhost:63315/node_modules/.cache/storybook/10.5.10/d089ae206bd7a58edd27e2b4d3689eedc26f6a98c46b1c5d1ba852a9c5dce8b8/sb-vitest/deps/react-router.js?v=e6e31490:4516:27)
    at unboundStoryFn (http://localhost:63315/node_modules/.cache/storybook/10.5.10/d089ae206bd7a58edd27e2b4d3689eedc26f6a98c46b1c5d1ba852a9c5dce8b8/sb-vitest/deps/csf-B8OjfbGV.js?v=d4d00fa8:8788:243)
10:55:14 am [vite] [31m[2m(client)[22m[39m [2m[console.error] [22mWarning: An update to ReportRecipient inside a test was not wrapped in act(...).

When testing, code that causes React state updates should be wrapped into act(...):

act(() => {
  /* fire events that update state */
});
/* assert on the output */

This ensures that you're testing the behavior the user would see in the browser. Learn more at https://reactjs.org/link/wrap-tests-with-act
    at ReportRecipient (http://localhost:63315/ClientApp/src/routes/acceptQuote/reportRecipient.tsx:23:10)
    at hookified (http://localhost:63315/node_modules/.cache/storybook/10.5.10/d089ae206bd7a58edd27e2b4d3689eedc26f6a98c46b1c5d1ba852a9c5dce8b8/sb-vitest/deps/csf-B8OjfbGV.js?v=d4d00fa8:8281:9)
    at form
    at http://localhost:63315/node_modules/.cache/storybook/10.5.10/d089ae206bd7a58edd27e2b4d3689eedc26f6a98c46b1c5d1ba852a9c5dce8b8/sb-vitest/deps/formik.js?v=6f093980:3385:21
    at Formik (http://localhost:63315/node_modules/.cache/storybook/10.5.10/d089ae206bd7a58edd27e2b4d3689eedc26f6a98c46b1c5d1ba852a9c5dce8b8/sb-vitest/deps/formik.js?v=6f093980:3190:18)
    at RenderedRoute (http://localhost:63315/node_modules/.cache/storybook/10.5.10/d089ae206bd7a58edd27e2b4d3689eedc26f6a98c46b1c5d1ba852a9c5dce8b8/sb-vitest/deps/react-router.js?v=e6e31490:4139:26)
    at RenderErrorBoundary (http://localhost:63315/node_modules/.cache/storybook/10.5.10/d089ae206bd7a58edd27e2b4d3689eedc26f6a98c46b1c5d1ba852a9c5dce8b8/sb-vitest/deps/react-router.js?v=e6e31490:4073:3)
    at DataRoutes2 (http://localhost:63315/node_modules/.cache/storybook/10.5.10/d089ae206bd7a58edd27e2b4d3689eedc26f6a98c46b1c5d1ba852a9c5dce8b8/sb-vitest/deps/react-router.js?v=e6e31490:4706:24)
    at Router (http://localhost:63315/node_modules/.cache/storybook/10.5.10/d089ae206bd7a58edd27e2b4d3689eedc26f6a98c46b1c5d1ba852a9c5dce8b8/sb-vitest/deps/react-router.js?v=e6e31490:4771:29)
    at RouterProvider (http://localhost:63315/node_modules/.cache/storybook/10.5.10/d089ae206bd7a58edd27e2b4d3689eedc26f6a98c46b1c5d1ba852a9c5dce8b8/sb-vitest/deps/react-router.js?v=e6e31490:4516:27)
    at unboundStoryFn (http://localhost:63315/node_modules/.cache/storybook/10.5.10/d089ae206bd7a58edd27e2b4d3689eedc26f6a98c46b1c5d1ba852a9c5dce8b8/sb-vitest/deps/csf-B8OjfbGV.js?v=d4d00fa8:8788:243)
10:55:14 am [vite] [31m[2m(client)[22m[39m [2m[console.error] [22mWarning: An update to ReportRecipient inside a test was not wrapped in act(...).

When testing, code that causes React state updates should be wrapped into act(...):

act(() => {
  /* fire events that update state */
});
/* assert on the output */

This ensures that you're testing the behavior the user would see in the browser. Learn more at https://reactjs.org/link/wrap-tests-with-act
    at ReportRecipient (http://localhost:63315/ClientApp/src/routes/acceptQuote/reportRecipient.tsx:23:10)
    at hookified (http://localhost:63315/node_modules/.cache/storybook/10.5.10/d089ae206bd7a58edd27e2b4d3689eedc26f6a98c46b1c5d1ba852a9c5dce8b8/sb-vitest/deps/csf-B8OjfbGV.js?v=d4d00fa8:8281:9)
    at form
    at http://localhost:63315/node_modules/.cache/storybook/10.5.10/d089ae206bd7a58edd27e2b4d3689eedc26f6a98c46b1c5d1ba852a9c5dce8b8/sb-vitest/deps/formik.js?v=6f093980:3385:21
    at Formik (http://localhost:63315/node_modules/.cache/storybook/10.5.10/d089ae206bd7a58edd27e2b4d3689eedc26f6a98c46b1c5d1ba852a9c5dce8b8/sb-vitest/deps/formik.js?v=6f093980:3190:18)
    at RenderedRoute (http://localhost:63315/node_modules/.cache/storybook/10.5.10/d089ae206bd7a58edd27e2b4d3689eedc26f6a98c46b1c5d1ba852a9c5dce8b8/sb-vitest/deps/react-router.js?v=e6e31490:4139:26)
    at RenderErrorBoundary (http://localhost:63315/node_modules/.cache/storybook/10.5.10/d089ae206bd7a58edd27e2b4d3689eedc26f6a98c46b1c5d1ba852a9c5dce8b8/sb-vitest/deps/react-router.js?v=e6e31490:4073:3)
    at DataRoutes2 (http://localhost:63315/node_modules/.cache/storybook/10.5.10/d089ae206bd7a58edd27e2b4d3689eedc26f6a98c46b1c5d1ba852a9c5dce8b8/sb-vitest/deps/react-router.js?v=e6e31490:4706:24)
    at Router (http://localhost:63315/node_modules/.cache/storybook/10.5.10/d089ae206bd7a58edd27e2b4d3689eedc26f6a98c46b1c5d1ba852a9c5dce8b8/sb-vitest/deps/react-router.js?v=e6e31490:4771:29)
    at RouterProvider (http://localhost:63315/node_modules/.cache/storybook/10.5.10/d089ae206bd7a58edd27e2b4d3689eedc26f6a98c46b1c5d1ba852a9c5dce8b8/sb-vitest/deps/react-router.js?v=e6e31490:4516:27)
    at unboundStoryFn (http://localhost:63315/node_modules/.cache/storybook/10.5.10/d089ae206bd7a58edd27e2b4d3689eedc26f6a98c46b1c5d1ba852a9c5dce8b8/sb-vitest/deps/csf-B8OjfbGV.js?v=d4d00fa8:8788:243)
10:55:14 am [vite] [31m[2m(client)[22m[39m [2m[console.error] [22mWarning: An update to ReportRecipient inside a test was not wrapped in act(...).

When testing, code that causes React state updates should be wrapped into act(...):

act(() => {
  /* fire events that update state */
});
/* assert on the output */

This ensures that you're testing the behavior the user would see in the browser. Learn more at https://reactjs.org/link/wrap-tests-with-act
    at ReportRecipient (http://localhost:63315/ClientApp/src/routes/acceptQuote/reportRecipient.tsx:23:10)
    at hookified (http://localhost:63315/node_modules/.cache/storybook/10.5.10/d089ae206bd7a58edd27e2b4d3689eedc26f6a98c46b1c5d1ba852a9c5dce8b8/sb-vitest/deps/csf-B8OjfbGV.js?v=d4d00fa8:8281:9)
    at form
    at http://localhost:63315/node_modules/.cache/storybook/10.5.10/d089ae206bd7a58edd27e2b4d3689eedc26f6a98c46b1c5d1ba852a9c5dce8b8/sb-vitest/deps/formik.js?v=6f093980:3385:21
    at Formik (http://localhost:63315/node_modules/.cache/storybook/10.5.10/d089ae206bd7a58edd27e2b4d3689eedc26f6a98c46b1c5d1ba852a9c5dce8b8/sb-vitest/deps/formik.js?v=6f093980:3190:18)
    at RenderedRoute (http://localhost:63315/node_modules/.cache/storybook/10.5.10/d089ae206bd7a58edd27e2b4d3689eedc26f6a98c46b1c5d1ba852a9c5dce8b8/sb-vitest/deps/react-router.js?v=e6e31490:4139:26)
    at RenderErrorBoundary (http://localhost:63315/node_modules/.cache/storybook/10.5.10/d089ae206bd7a58edd27e2b4d3689eedc26f6a98c46b1c5d1ba852a9c5dce8b8/sb-vitest/deps/react-router.js?v=e6e31490:4073:3)
    at DataRoutes2 (http://localhost:63315/node_modules/.cache/storybook/10.5.10/d089ae206bd7a58edd27e2b4d3689eedc26f6a98c46b1c5d1ba852a9c5dce8b8/sb-vitest/deps/react-router.js?v=e6e31490:4706:24)
    at Router (http://localhost:63315/node_modules/.cache/storybook/10.5.10/d089ae206bd7a58edd27e2b4d3689eedc26f6a98c46b1c5d1ba852a9c5dce8b8/sb-vitest/deps/react-router.js?v=e6e31490:4771:29)
    at RouterProvider (http://localhost:63315/node_modules/.cache/storybook/10.5.10/d089ae206bd7a58edd27e2b4d3689eedc26f6a98c46b1c5d1ba852a9c5dce8b8/sb-vitest/deps/react-router.js?v=e6e31490:4516:27)
    at unboundStoryFn (http://localhost:63315/node_modules/.cache/storybook/10.5.10/d089ae206bd7a58edd27e2b4d3689eedc26f6a98c46b1c5d1ba852a9c5dce8b8/sb-vitest/deps/csf-B8OjfbGV.js?v=d4d00fa8:8788:243)
stderr | ClientApp/src/routes/acceptQuote/AcceptQuote.stories.tsx > Report Recipient Step
Warning: An update to ReportRecipient inside a test was not wrapped in act(...).

When testing, code that causes React state updates should be wrapped into act(...):

act(() => {
  /* fire events that update state */
});
/* assert on the output */

This ensures that you're testing the behavior the user would see in the browser. Learn more at https://reactjs.org/link/wrap-tests-with-act
    at ReportRecipient (http://localhost:63315/ClientApp/src/routes/acceptQuote/reportRecipient.tsx:23:10)
    at hookified (http://localhost:63315/node_modules/.cache/storybook/10.5.10/d089ae206bd7a58edd27e2b4d3689eedc26f6a98c46b1c5d1ba852a9c5dce8b8/sb-vitest/deps/csf-B8OjfbGV.js?v=d4d00fa8:8281:9)
    at form
    at http://localhost:63315/node_modules/.cache/storybook/10.5.10/d089ae206bd7a58edd27e2b4d3689eedc26f6a98c46b1c5d1ba852a9c5dce8b8/sb-vitest/deps/formik.js?v=6f093980:3385:21
    at Formik (http://localhost:63315/node_modules/.cache/storybook/10.5.10/d089ae206bd7a58edd27e2b4d3689eedc26f6a98c46b1c5d1ba852a9c5dce8b8/sb-vitest/deps/formik.js?v=6f093980:3190:18)
    at RenderedRoute (http://localhost:63315/node_modules/.cache/storybook/10.5.10/d089ae206bd7a58edd27e2b4d3689eedc26f6a98c46b1c5d1ba852a9c5dce8b8/sb-vitest/deps/react-router.js?v=e6e31490:4139:26)
    at RenderErrorBoundary (http://localhost:63315/node_modules/.cache/storybook/10.5.10/d089ae206bd7a58edd27e2b4d3689eedc26f6a98c46b1c5d1ba852a9c5dce8b8/sb-vitest/deps/react-router.js?v=e6e31490:4073:3)
    at DataRoutes2 (http://localhost:63315/node_modules/.cache/storybook/10.5.10/d089ae206bd7a58edd27e2b4d3689eedc26f6a98c46b1c5d1ba852a9c5dce8b8/sb-vitest/deps/react-router.js?v=e6e31490:4706:24)
    at Router (http://localhost:63315/node_modules/.cache/storybook/10.5.10/d089ae206bd7a58edd27e2b4d3689eedc26f6a98c46b1c5d1ba852a9c5dce8b8/sb-vitest/deps/react-router.js?v=e6e31490:4771:29)
    at RouterProvider (http://localhost:63315/node_modules/.cache/storybook/10.5.10/d089ae206bd7a58edd27e2b4d3689eedc26f6a98c46b1c5d1ba852a9c5dce8b8/sb-vitest/deps/react-router.js?v=e6e31490:4516:27)
    at unboundStoryFn (http://localhost:63315/node_modules/.cache/storybook/10.5.10/d089ae206bd7a58edd27e2b4d3689eedc26f6a98c46b1c5d1ba852a9c5dce8b8/sb-vitest/deps/csf-B8OjfbGV.js?v=d4d00fa8:8788:243)
stderr | ClientApp/src/routes/acceptQuote/AcceptQuote.stories.tsx > Report Recipient Step
Warning: An update to ReportRecipient inside a test was not wrapped in act(...).

When testing, code that causes React state updates should be wrapped into act(...):

act(() => {
  /* fire events that update state */
});
/* assert on the output */

This ensures that you're testing the behavior the user would see in the browser. Learn more at https://reactjs.org/link/wrap-tests-with-act
    at ReportRecipient (http://localhost:63315/ClientApp/src/routes/acceptQuote/reportRecipient.tsx:23:10)
    at hookified (http://localhost:63315/node_modules/.cache/storybook/10.5.10/d089ae206bd7a58edd27e2b4d3689eedc26f6a98c46b1c5d1ba852a9c5dce8b8/sb-vitest/deps/csf-B8OjfbGV.js?v=d4d00fa8:8281:9)
    at form
    at http://localhost:63315/node_modules/.cache/storybook/10.5.10/d089ae206bd7a58edd27e2b4d3689eedc26f6a98c46b1c5d1ba852a9c5dce8b8/sb-vitest/deps/formik.js?v=6f093980:3385:21
    at Formik (http://localhost:63315/node_modules/.cache/storybook/10.5.10/d089ae206bd7a58edd27e2b4d3689eedc26f6a98c46b1c5d1ba852a9c5dce8b8/sb-vitest/deps/formik.js?v=6f093980:3190:18)
    at RenderedRoute (http://localhost:63315/node_modules/.cache/storybook/10.5.10/d089ae206bd7a58edd27e2b4d3689eedc26f6a98c46b1c5d1ba852a9c5dce8b8/sb-vitest/deps/react-router.js?v=e6e31490:4139:26)
    at RenderErrorBoundary (http://localhost:63315/node_modules/.cache/storybook/10.5.10/d089ae206bd7a58edd27e2b4d3689eedc26f6a98c46b1c5d1ba852a9c5dce8b8/sb-vitest/deps/react-router.js?v=e6e31490:4073:3)
    at DataRoutes2 (http://localhost:63315/node_modules/.cache/storybook/10.5.10/d089ae206bd7a58edd27e2b4d3689eedc26f6a98c46b1c5d1ba852a9c5dce8b8/sb-vitest/deps/react-router.js?v=e6e31490:4706:24)
    at Router (http://localhost:63315/node_modules/.cache/storybook/10.5.10/d089ae206bd7a58edd27e2b4d3689eedc26f6a98c46b1c5d1ba852a9c5dce8b8/sb-vitest/deps/react-router.js?v=e6e31490:4771:29)
    at RouterProvider (http://localhost:63315/node_modules/.cache/storybook/10.5.10/d089ae206bd7a58edd27e2b4d3689eedc26f6a98c46b1c5d1ba852a9c5dce8b8/sb-vitest/deps/react-router.js?v=e6e31490:4516:27)
    at unboundStoryFn (http://localhost:63315/node_modules/.cache/storybook/10.5.10/d089ae206bd7a58edd27e2b4d3689eedc26f6a98c46b1c5d1ba852a9c5dce8b8/sb-vitest/deps/csf-B8OjfbGV.js?v=d4d00fa8:8788:243)
stderr | ClientApp/src/routes/acceptQuote/AcceptQuote.stories.tsx > Report Recipient Step
Warning: An update to ReportRecipient inside a test was not wrapped in act(...).

When testing, code that causes React state updates should be wrapped into act(...):

act(() => {
  /* fire events that update state */
});
/* assert on the output */

This ensures that you're testing the behavior the user would see in the browser. Learn more at https://reactjs.org/link/wrap-tests-with-act
    at ReportRecipient (http://localhost:63315/ClientApp/src/routes/acceptQuote/reportRecipient.tsx:23:10)
    at hookified (http://localhost:63315/node_modules/.cache/storybook/10.5.10/d089ae206bd7a58edd27e2b4d3689eedc26f6a98c46b1c5d1ba852a9c5dce8b8/sb-vitest/deps/csf-B8OjfbGV.js?v=d4d00fa8:8281:9)
    at form
    at http://localhost:63315/node_modules/.cache/storybook/10.5.10/d089ae206bd7a58edd27e2b4d3689eedc26f6a98c46b1c5d1ba852a9c5dce8b8/sb-vitest/deps/formik.js?v=6f093980:3385:21
    at Formik (http://localhost:63315/node_modules/.cache/storybook/10.5.10/d089ae206bd7a58edd27e2b4d3689eedc26f6a98c46b1c5d1ba852a9c5dce8b8/sb-vitest/deps/formik.js?v=6f093980:3190:18)
    at RenderedRoute (http://localhost:63315/node_modules/.cache/storybook/10.5.10/d089ae206bd7a58edd27e2b4d3689eedc26f6a98c46b1c5d1ba852a9c5dce8b8/sb-vitest/deps/react-router.js?v=e6e31490:4139:26)
    at RenderErrorBoundary (http://localhost:63315/node_modules/.cache/storybook/10.5.10/d089ae206bd7a58edd27e2b4d3689eedc26f6a98c46b1c5d1ba852a9c5dce8b8/sb-vitest/deps/react-router.js?v=e6e31490:4073:3)
    at DataRoutes2 (http://localhost:63315/node_modules/.cache/storybook/10.5.10/d089ae206bd7a58edd27e2b4d3689eedc26f6a98c46b1c5d1ba852a9c5dce8b8/sb-vitest/deps/react-router.js?v=e6e31490:4706:24)
    at Router (http://localhost:63315/node_modules/.cache/storybook/10.5.10/d089ae206bd7a58edd27e2b4d3689eedc26f6a98c46b1c5d1ba852a9c5dce8b8/sb-vitest/deps/react-router.js?v=e6e31490:4771:29)
    at RouterProvider (http://localhost:63315/node_modules/.cache/storybook/10.5.10/d089ae206bd7a58edd27e2b4d3689eedc26f6a98c46b1c5d1ba852a9c5dce8b8/sb-vitest/deps/react-router.js?v=e6e31490:4516:27)
    at unboundStoryFn (http://localhost:63315/node_modules/.cache/storybook/10.5.10/d089ae206bd7a58edd27e2b4d3689eedc26f6a98c46b1c5d1ba852a9c5dce8b8/sb-vitest/deps/csf-B8OjfbGV.js?v=d4d00fa8:8788:243)
stderr | ClientApp/src/routes/acceptQuote/AcceptQuote.stories.tsx > Report Recipient Step
Warning: An update to ReportRecipient inside a test was not wrapped in act(...).

When testing, code that causes React state updates should be wrapped into act(...):

act(() => {
  /* fire events that update state */
});
/* assert on the output */

This ensures that you're testing the behavior the user would see in the browser. Learn more at https://reactjs.org/link/wrap-tests-with-act
    at ReportRecipient (http://localhost:63315/ClientApp/src/routes/acceptQuote/reportRecipient.tsx:23:10)
    at hookified (http://localhost:63315/node_modules/.cache/storybook/10.5.10/d089ae206bd7a58edd27e2b4d3689eedc26f6a98c46b1c5d1ba852a9c5dce8b8/sb-vitest/deps/csf-B8OjfbGV.js?v=d4d00fa8:8281:9)
    at form
    at http://localhost:63315/node_modules/.cache/storybook/10.5.10/d089ae206bd7a58edd27e2b4d3689eedc26f6a98c46b1c5d1ba852a9c5dce8b8/sb-vitest/deps/formik.js?v=6f093980:3385:21
    at Formik (http://localhost:63315/node_modules/.cache/storybook/10.5.10/d089ae206bd7a58edd27e2b4d3689eedc26f6a98c46b1c5d1ba852a9c5dce8b8/sb-vitest/deps/formik.js?v=6f093980:3190:18)
    at RenderedRoute (http://localhost:63315/node_modules/.cache/storybook/10.5.10/d089ae206bd7a58edd27e2b4d3689eedc26f6a98c46b1c5d1ba852a9c5dce8b8/sb-vitest/deps/react-router.js?v=e6e31490:4139:26)
    at RenderErrorBoundary (http://localhost:63315/node_modules/.cache/storybook/10.5.10/d089ae206bd7a58edd27e2b4d3689eedc26f6a98c46b1c5d1ba852a9c5dce8b8/sb-vitest/deps/react-router.js?v=e6e31490:4073:3)
    at DataRoutes2 (http://localhost:63315/node_modules/.cache/storybook/10.5.10/d089ae206bd7a58edd27e2b4d3689eedc26f6a98c46b1c5d1ba852a9c5dce8b8/sb-vitest/deps/react-router.js?v=e6e31490:4706:24)
    at Router (http://localhost:63315/node_modules/.cache/storybook/10.5.10/d089ae206bd7a58edd27e2b4d3689eedc26f6a98c46b1c5d1ba852a9c5dce8b8/sb-vitest/deps/react-router.js?v=e6e31490:4771:29)
    at RouterProvider (http://localhost:63315/node_modules/.cache/storybook/10.5.10/d089ae206bd7a58edd27e2b4d3689eedc26f6a98c46b1c5d1ba852a9c5dce8b8/sb-vitest/deps/react-router.js?v=e6e31490:4516:27)
    at unboundStoryFn (http://localhost:63315/node_modules/.cache/storybook/10.5.10/d089ae206bd7a58edd27e2b4d3689eedc26f6a98c46b1c5d1ba852a9c5dce8b8/sb-vitest/deps/csf-B8OjfbGV.js?v=d4d00fa8:8788:243)
stderr | ClientApp/src/components/Inputs/AutoSuggest/AutoSuggest.stories.tsx > Loading
Warning: An update to $dbdc5e6e7ce01b4b$var$ComboBoxInner inside a test was not wrapped in act(...).

When testing, code that causes React state updates should be wrapped into act(...):

act(() => {
  /* fire events that update state */
});
/* assert on the output */

This ensures that you're testing the behavior the user would see in the browser. Learn more at https://reactjs.org/link/wrap-tests-with-act
    at $dbdc5e6e7ce01b4b$var$ComboBoxInner (http://localhost:63315/node_modules/.cache/storybook/10.5.10/d089ae206bd7a58edd27e2b4d3689eedc26f6a98c46b1c5d1ba852a9c5dce8b8/sb-vitest/deps/ComboBox-ibQmNIIj.js?v=d4d00fa8:4656:48)
    at $42ceafc619f9c3ba$var$CollectionInner (http://localhost:63315/node_modules/.cache/storybook/10.5.10/d089ae206bd7a58edd27e2b4d3689eedc26f6a98c46b1c5d1ba852a9c5dce8b8/sb-vitest/deps/Collection-B9ePPz5R.js?v=d4d00fa8:710:50)
    at $42ceafc619f9c3ba$export$bf788dd355e3a401 (http://localhost:63315/node_modules/.cache/storybook/10.5.10/d089ae206bd7a58edd27e2b4d3689eedc26f6a98c46b1c5d1ba852a9c5dce8b8/sb-vitest/deps/Collection-B9ePPz5R.js?v=d4d00fa8:703:34)
    at Wrapper (http://localhost:63315/node_modules/.cache/storybook/10.5.10/d089ae206bd7a58edd27e2b4d3689eedc26f6a98c46b1c5d1ba852a9c5dce8b8/sb-vitest/deps/Hidden-CqdvWE-W.js?v=d4d00fa8:159:35)
    at div
    at AutoSuggestContainer (http://localhost:63315/ClientApp/src/components/Inputs/AutoSuggest/AutoSuggestContainer.tsx:22:10)
    at hookified (http://localhost:63315/node_modules/.cache/storybook/10.5.10/d089ae206bd7a58edd27e2b4d3689eedc26f6a98c46b1c5d1ba852a9c5dce8b8/sb-vitest/deps/csf-B8OjfbGV.js?v=d4d00fa8:8281:9)
    at form
    at http://localhost:63315/node_modules/.cache/storybook/10.5.10/d089ae206bd7a58edd27e2b4d3689eedc26f6a98c46b1c5d1ba852a9c5dce8b8/sb-vitest/deps/formik.js?v=6f093980:3385:21
    at Formik (http://localhost:63315/node_modules/.cache/storybook/10.5.10/d089ae206bd7a58edd27e2b4d3689eedc26f6a98c46b1c5d1ba852a9c5dce8b8/sb-vitest/deps/formik.js?v=6f093980:3190:18)
    at RenderedRoute (http://localhost:63315/node_modules/.cache/storybook/10.5.10/d089ae206bd7a58edd27e2b4d3689eedc26f6a98c46b1c5d1ba852a9c5dce8b8/sb-vitest/deps/react-router.js?v=e6e31490:4139:26)
    at RenderErrorBoundary (http://localhost:63315/node_modules/.cache/storybook/10.5.10/d089ae206bd7a58edd27e2b4d3689eedc26f6a98c46b1c5d1ba852a9c5dce8b8/sb-vitest/deps/react-router.js?v=e6e31490:4073:3)
    at DataRoutes2 (http://localhost:63315/node_modules/.cache/storybook/10.5.10/d089ae206bd7a58edd27e2b4d3689eedc26f6a98c46b1c5d1ba852a9c5dce8b8/sb-vitest/deps/react-router.js?v=e6e31490:4706:24)
    at Router (http://localhost:63315/node_modules/.cache/storybook/10.5.10/d089ae206bd7a58edd27e2b4d3689eedc26f6a98c46b1c5d1ba852a9c5dce8b8/sb-vitest/deps/react-router.js?v=e6e31490:4771:29)
    at RouterProvider (http://localhost:63315/node_modules/.cache/storybook/10.5.10/d089ae206bd7a58edd27e2b4d3689eedc26f6a98c46b1c5d1ba852a9c5dce8b8/sb-vitest/deps/react-router.js?v=e6e31490:4516:27)
    at unboundStoryFn (http://localhost:63315/node_modules/.cache/storybook/10.5.10/d089ae206bd7a58edd27e2b4d3689eedc26f6a98c46b1c5d1ba852a9c5dce8b8/sb-vitest/deps/csf-B8OjfbGV.js?v=d4d00fa8:8788:243)
10:55:15 am [vite] [31m[2m(client)[22m[39m [2m[console.error] [22mWarning: An update to $dbdc5e6e7ce01b4b$var$ComboBoxInner inside a test was not wrapped in act(...).

When testing, code that causes React state updates should be wrapped into act(...):

act(() => {
  /* fire events that update state */
});
/* assert on the output */

This ensures that you're testing the behavior the user would see in the browser. Learn more at https://reactjs.org/link/wrap-tests-with-act
    at $dbdc5e6e7ce01b4b$var$ComboBoxInner (http://localhost:63315/node_modules/.cache/storybook/10.5.10/d089ae206bd7a58edd27e2b4d3689eedc26f6a98c46b1c5d1ba852a9c5dce8b8/sb-vitest/deps/ComboBox-ibQmNIIj.js?v=d4d00fa8:4656:48)
    at $42ceafc619f9c3ba$var$CollectionInner (http://localhost:63315/node_modules/.cache/storybook/10.5.10/d089ae206bd7a58edd27e2b4d3689eedc26f6a98c46b1c5d1ba852a9c5dce8b8/sb-vitest/deps/Collection-B9ePPz5R.js?v=d4d00fa8:710:50)
    at $42ceafc619f9c3ba$export$bf788dd355e3a401 (http://localhost:63315/node_modules/.cache/storybook/10.5.10/d089ae206bd7a58edd27e2b4d3689eedc26f6a98c46b1c5d1ba852a9c5dce8b8/sb-vitest/deps/Collection-B9ePPz5R.js?v=d4d00fa8:703:34)
    at Wrapper (http://localhost:63315/node_modules/.cache/storybook/10.5.10/d089ae206bd7a58edd27e2b4d3689eedc26f6a98c46b1c5d1ba852a9c5dce8b8/sb-vitest/deps/Hidden-CqdvWE-W.js?v=d4d00fa8:159:35)
    at div
    at AutoSuggestContainer (http://localhost:63315/ClientApp/src/components/Inputs/AutoSuggest/AutoSuggestContainer.tsx:22:10)
    at hookified (http://localhost:63315/node_modules/.cache/storybook/10.5.10/d089ae206bd7a58edd27e2b4d3689eedc26f6a98c46b1c5d1ba852a9c5dce8b8/sb-vitest/deps/csf-B8OjfbGV.js?v=d4d00fa8:8281:9)
    at form
    at http://localhost:63315/node_modules/.cache/storybook/10.5.10/d089ae206bd7a58edd27e2b4d3689eedc26f6a98c46b1c5d1ba852a9c5dce8b8/sb-vitest/deps/formik.js?v=6f093980:3385:21
    at Formik (http://localhost:63315/node_modules/.cache/storybook/10.5.10/d089ae206bd7a58edd27e2b4d3689eedc26f6a98c46b1c5d1ba852a9c5dce8b8/sb-vitest/deps/formik.js?v=6f093980:3190:18)
    at RenderedRoute (http://localhost:63315/node_modules/.cache/storybook/10.5.10/d089ae206bd7a58edd27e2b4d3689eedc26f6a98c46b1c5d1ba852a9c5dce8b8/sb-vitest/deps/react-router.js?v=e6e31490:4139:26)
    at RenderErrorBoundary (http://localhost:63315/node_modules/.cache/storybook/10.5.10/d089ae206bd7a58edd27e2b4d3689eedc26f6a98c46b1c5d1ba852a9c5dce8b8/sb-vitest/deps/react-router.js?v=e6e31490:4073:3)
    at DataRoutes2 (http://localhost:63315/node_modules/.cache/storybook/10.5.10/d089ae206bd7a58edd27e2b4d3689eedc26f6a98c46b1c5d1ba852a9c5dce8b8/sb-vitest/deps/react-router.js?v=e6e31490:4706:24)
    at Router (http://localhost:63315/node_modules/.cache/storybook/10.5.10/d089ae206bd7a58edd27e2b4d3689eedc26f6a98c46b1c5d1ba852a9c5dce8b8/sb-vitest/deps/react-router.js?v=e6e31490:4771:29)
    at RouterProvider (http://localhost:63315/node_modules/.cache/storybook/10.5.10/d089ae206bd7a58edd27e2b4d3689eedc26f6a98c46b1c5d1ba852a9c5dce8b8/sb-vitest/deps/react-router.js?v=e6e31490:4516:27)
    at unboundStoryFn (http://localhost:63315/node_modules/.cache/storybook/10.5.10/d089ae206bd7a58edd27e2b4d3689eedc26f6a98c46b1c5d1ba852a9c5dce8b8/sb-vitest/deps/csf-B8OjfbGV.js?v=d4d00fa8:8788:243)
10:55:15 am [vite] [31m[2m(client)[22m[39m [2m[console.error] [22mWarning: An update to CertificateNumberLookup inside a test was not wrapped in act(...).

When testing, code that causes React state updates should be wrapped into act(...):

act(() => {
  /* fire events that update state */
});
/* assert on the output */

This ensures that you're testing the behavior the user would see in the browser. Learn more at https://reactjs.org/link/wrap-tests-with-act
    at CertificateNumberLookup (http://localhost:63315/ClientApp/src/components/Inputs/CertificateNumberLookup/index.tsx:9:10)
    at div
    at http://localhost:63315/node_modules/.cache/storybook/10.5.10/d089ae206bd7a58edd27e2b4d3689eedc26f6a98c46b1c5d1ba852a9c5dce8b8/sb-vitest/deps/react-bootstrap_Row.js?v=edf1b346:10:52
    at HidableField (http://localhost:63315/ClientApp/src/components/forms/HidableField/index.tsx:7:41)
    at ApplicationAndInstrument (http://localhost:63315/ClientApp/src/routes/ta/applicationAndInstrument.tsx:94:10)
    at hookified (http://localhost:63315/node_modules/.cache/storybook/10.5.10/d089ae206bd7a58edd27e2b4d3689eedc26f6a98c46b1c5d1ba852a9c5dce8b8/sb-vitest/deps/csf-B8OjfbGV.js?v=d4d00fa8:8281:9)
    at form
    at http://localhost:63315/node_modules/.cache/storybook/10.5.10/d089ae206bd7a58edd27e2b4d3689eedc26f6a98c46b1c5d1ba852a9c5dce8b8/sb-vitest/deps/formik.js?v=6f093980:3385:21
    at Formik (http://localhost:63315/node_modules/.cache/storybook/10.5.10/d089ae206bd7a58edd27e2b4d3689eedc26f6a98c46b1c5d1ba852a9c5dce8b8/sb-vitest/deps/formik.js?v=6f093980:3190:18)
    at RenderedRoute (http://localhost:63315/node_modules/.cache/storybook/10.5.10/d089ae206bd7a58edd27e2b4d3689eedc26f6a98c46b1c5d1ba852a9c5dce8b8/sb-vitest/deps/react-router.js?v=e6e31490:4139:26)
    at RenderErrorBoundary (http://localhost:63315/node_modules/.cache/storybook/10.5.10/d089ae206bd7a58edd27e2b4d3689eedc26f6a98c46b1c5d1ba852a9c5dce8b8/sb-vitest/deps/react-router.js?v=e6e31490:4073:3)
    at DataRoutes2 (http://localhost:63315/node_modules/.cache/storybook/10.5.10/d089ae206bd7a58edd27e2b4d3689eedc26f6a98c46b1c5d1ba852a9c5dce8b8/sb-vitest/deps/react-router.js?v=e6e31490:4706:24)
    at Router (http://localhost:63315/node_modules/.cache/storybook/10.5.10/d089ae206bd7a58edd27e2b4d3689eedc26f6a98c46b1c5d1ba852a9c5dce8b8/sb-vitest/deps/react-router.js?v=e6e31490:4771:29)
    at RouterProvider (http://localhost:63315/node_modules/.cache/storybook/10.5.10/d089ae206bd7a58edd27e2b4d3689eedc26f6a98c46b1c5d1ba852a9c5dce8b8/sb-vitest/deps/react-router.js?v=e6e31490:4516:27)
    at unboundStoryFn (http://localhost:63315/node_modules/.cache/storybook/10.5.10/d089ae206bd7a58edd27e2b4d3689eedc26f6a98c46b1c5d1ba852a9c5dce8b8/sb-vitest/deps/csf-B8OjfbGV.js?v=d4d00fa8:8788:243)
10:55:15 am [vite] [31m[2m(client)[22m[39m [2m[console.error] [22mWarning: An update to CertificateNumberLookup inside a test was not wrapped in act(...).

When testing, code that causes React state updates should be wrapped into act(...):

act(() => {
  /* fire events that update state */
});
/* assert on the output */

This ensures that you're testing the behavior the user would see in the browser. Learn more at https://reactjs.org/link/wrap-tests-with-act
    at CertificateNumberLookup (http://localhost:63315/ClientApp/src/components/Inputs/CertificateNumberLookup/index.tsx:9:10)
    at div
    at http://localhost:63315/node_modules/.cache/storybook/10.5.10/d089ae206bd7a58edd27e2b4d3689eedc26f6a98c46b1c5d1ba852a9c5dce8b8/sb-vitest/deps/react-bootstrap_Row.js?v=edf1b346:10:52
    at HidableField (http://localhost:63315/ClientApp/src/components/forms/HidableField/index.tsx:7:41)
    at ApplicationAndInstrument (http://localhost:63315/ClientApp/src/routes/ta/applicationAndInstrument.tsx:94:10)
    at hookified (http://localhost:63315/node_modules/.cache/storybook/10.5.10/d089ae206bd7a58edd27e2b4d3689eedc26f6a98c46b1c5d1ba852a9c5dce8b8/sb-vitest/deps/csf-B8OjfbGV.js?v=d4d00fa8:8281:9)
    at form
    at http://localhost:63315/node_modules/.cache/storybook/10.5.10/d089ae206bd7a58edd27e2b4d3689eedc26f6a98c46b1c5d1ba852a9c5dce8b8/sb-vitest/deps/formik.js?v=6f093980:3385:21
    at Formik (http://localhost:63315/node_modules/.cache/storybook/10.5.10/d089ae206bd7a58edd27e2b4d3689eedc26f6a98c46b1c5d1ba852a9c5dce8b8/sb-vitest/deps/formik.js?v=6f093980:3190:18)
    at RenderedRoute (http://localhost:63315/node_modules/.cache/storybook/10.5.10/d089ae206bd7a58edd27e2b4d3689eedc26f6a98c46b1c5d1ba852a9c5dce8b8/sb-vitest/deps/react-router.js?v=e6e31490:4139:26)
    at RenderErrorBoundary (http://localhost:63315/node_modules/.cache/storybook/10.5.10/d089ae206bd7a58edd27e2b4d3689eedc26f6a98c46b1c5d1ba852a9c5dce8b8/sb-vitest/deps/react-router.js?v=e6e31490:4073:3)
    at DataRoutes2 (http://localhost:63315/node_modules/.cache/storybook/10.5.10/d089ae206bd7a58edd27e2b4d3689eedc26f6a98c46b1c5d1ba852a9c5dce8b8/sb-vitest/deps/react-router.js?v=e6e31490:4706:24)
    at Router (http://localhost:63315/node_modules/.cache/storybook/10.5.10/d089ae206bd7a58edd27e2b4d3689eedc26f6a98c46b1c5d1ba852a9c5dce8b8/sb-vitest/deps/react-router.js?v=e6e31490:4771:29)
    at RouterProvider (http://localhost:63315/node_modules/.cache/storybook/10.5.10/d089ae206bd7a58edd27e2b4d3689eedc26f6a98c46b1c5d1ba852a9c5dce8b8/sb-vitest/deps/react-router.js?v=e6e31490:4516:27)
    at unboundStoryFn (http://localhost:63315/node_modules/.cache/storybook/10.5.10/d089ae206bd7a58edd27e2b4d3689eedc26f6a98c46b1c5d1ba852a9c5dce8b8/sb-vitest/deps/csf-B8OjfbGV.js?v=d4d00fa8:8788:243)
stderr | ClientApp/src/routes/ta/applicationAndInstrument.stories.tsx > Edit Step
Warning: An update to CertificateNumberLookup inside a test was not wrapped in act(...).

When testing, code that causes React state updates should be wrapped into act(...):

act(() => {
  /* fire events that update state */
});
/* assert on the output */

This ensures that you're testing the behavior the user would see in the browser. Learn more at https://reactjs.org/link/wrap-tests-with-act
    at CertificateNumberLookup (http://localhost:63315/ClientApp/src/components/Inputs/CertificateNumberLookup/index.tsx:9:10)
    at div
    at http://localhost:63315/node_modules/.cache/storybook/10.5.10/d089ae206bd7a58edd27e2b4d3689eedc26f6a98c46b1c5d1ba852a9c5dce8b8/sb-vitest/deps/react-bootstrap_Row.js?v=edf1b346:10:52
    at HidableField (http://localhost:63315/ClientApp/src/components/forms/HidableField/index.tsx:7:41)
    at ApplicationAndInstrument (http://localhost:63315/ClientApp/src/routes/ta/applicationAndInstrument.tsx:94:10)
    at hookified (http://localhost:63315/node_modules/.cache/storybook/10.5.10/d089ae206bd7a58edd27e2b4d3689eedc26f6a98c46b1c5d1ba852a9c5dce8b8/sb-vitest/deps/csf-B8OjfbGV.js?v=d4d00fa8:8281:9)
    at form
    at http://localhost:63315/node_modules/.cache/storybook/10.5.10/d089ae206bd7a58edd27e2b4d3689eedc26f6a98c46b1c5d1ba852a9c5dce8b8/sb-vitest/deps/formik.js?v=6f093980:3385:21
    at Formik (http://localhost:63315/node_modules/.cache/storybook/10.5.10/d089ae206bd7a58edd27e2b4d3689eedc26f6a98c46b1c5d1ba852a9c5dce8b8/sb-vitest/deps/formik.js?v=6f093980:3190:18)
    at RenderedRoute (http://localhost:63315/node_modules/.cache/storybook/10.5.10/d089ae206bd7a58edd27e2b4d3689eedc26f6a98c46b1c5d1ba852a9c5dce8b8/sb-vitest/deps/react-router.js?v=e6e31490:4139:26)
    at RenderErrorBoundary (http://localhost:63315/node_modules/.cache/storybook/10.5.10/d089ae206bd7a58edd27e2b4d3689eedc26f6a98c46b1c5d1ba852a9c5dce8b8/sb-vitest/deps/react-router.js?v=e6e31490:4073:3)
    at DataRoutes2 (http://localhost:63315/node_modules/.cache/storybook/10.5.10/d089ae206bd7a58edd27e2b4d3689eedc26f6a98c46b1c5d1ba852a9c5dce8b8/sb-vitest/deps/react-router.js?v=e6e31490:4706:24)
    at Router (http://localhost:63315/node_modules/.cache/storybook/10.5.10/d089ae206bd7a58edd27e2b4d3689eedc26f6a98c46b1c5d1ba852a9c5dce8b8/sb-vitest/deps/react-router.js?v=e6e31490:4771:29)
    at RouterProvider (http://localhost:63315/node_modules/.cache/storybook/10.5.10/d089ae206bd7a58edd27e2b4d3689eedc26f6a98c46b1c5d1ba852a9c5dce8b8/sb-vitest/deps/react-router.js?v=e6e31490:4516:27)
    at unboundStoryFn (http://localhost:63315/node_modules/.cache/storybook/10.5.10/d089ae206bd7a58edd27e2b4d3689eedc26f6a98c46b1c5d1ba852a9c5dce8b8/sb-vitest/deps/csf-B8OjfbGV.js?v=d4d00fa8:8788:243)
stderr | ClientApp/src/routes/ta/applicationAndInstrument.stories.tsx > Edit Step
Warning: An update to CertificateNumberLookup inside a test was not wrapped in act(...).

When testing, code that causes React state updates should be wrapped into act(...):

act(() => {
  /* fire events that update state */
});
/* assert on the output */

This ensures that you're testing the behavior the user would see in the browser. Learn more at https://reactjs.org/link/wrap-tests-with-act
    at CertificateNumberLookup (http://localhost:63315/ClientApp/src/components/Inputs/CertificateNumberLookup/index.tsx:9:10)
    at div
    at http://localhost:63315/node_modules/.cache/storybook/10.5.10/d089ae206bd7a58edd27e2b4d3689eedc26f6a98c46b1c5d1ba852a9c5dce8b8/sb-vitest/deps/react-bootstrap_Row.js?v=edf1b346:10:52
    at HidableField (http://localhost:63315/ClientApp/src/components/forms/HidableField/index.tsx:7:41)
    at ApplicationAndInstrument (http://localhost:63315/ClientApp/src/routes/ta/applicationAndInstrument.tsx:94:10)
    at hookified (http://localhost:63315/node_modules/.cache/storybook/10.5.10/d089ae206bd7a58edd27e2b4d3689eedc26f6a98c46b1c5d1ba852a9c5dce8b8/sb-vitest/deps/csf-B8OjfbGV.js?v=d4d00fa8:8281:9)
    at form
    at http://localhost:63315/node_modules/.cache/storybook/10.5.10/d089ae206bd7a58edd27e2b4d3689eedc26f6a98c46b1c5d1ba852a9c5dce8b8/sb-vitest/deps/formik.js?v=6f093980:3385:21
    at Formik (http://localhost:63315/node_modules/.cache/storybook/10.5.10/d089ae206bd7a58edd27e2b4d3689eedc26f6a98c46b1c5d1ba852a9c5dce8b8/sb-vitest/deps/formik.js?v=6f093980:3190:18)
    at RenderedRoute (http://localhost:63315/node_modules/.cache/storybook/10.5.10/d089ae206bd7a58edd27e2b4d3689eedc26f6a98c46b1c5d1ba852a9c5dce8b8/sb-vitest/deps/react-router.js?v=e6e31490:4139:26)
    at RenderErrorBoundary (http://localhost:63315/node_modules/.cache/storybook/10.5.10/d089ae206bd7a58edd27e2b4d3689eedc26f6a98c46b1c5d1ba852a9c5dce8b8/sb-vitest/deps/react-router.js?v=e6e31490:4073:3)
    at DataRoutes2 (http://localhost:63315/node_modules/.cache/storybook/10.5.10/d089ae206bd7a58edd27e2b4d3689eedc26f6a98c46b1c5d1ba852a9c5dce8b8/sb-vitest/deps/react-router.js?v=e6e31490:4706:24)
    at Router (http://localhost:63315/node_modules/.cache/storybook/10.5.10/d089ae206bd7a58edd27e2b4d3689eedc26f6a98c46b1c5d1ba852a9c5dce8b8/sb-vitest/deps/react-router.js?v=e6e31490:4771:29)
    at RouterProvider (http://localhost:63315/node_modules/.cache/storybook/10.5.10/d089ae206bd7a58edd27e2b4d3689eedc26f6a98c46b1c5d1ba852a9c5dce8b8/sb-vitest/deps/react-router.js?v=e6e31490:4516:27)
    at unboundStoryFn (http://localhost:63315/node_modules/.cache/storybook/10.5.10/d089ae206bd7a58edd27e2b4d3689eedc26f6a98c46b1c5d1ba852a9c5dce8b8/sb-vitest/deps/csf-B8OjfbGV.js?v=d4d00fa8:8788:243)
 ✓ |storybook (chromium)| ClientApp/src/components/Inputs/AutoSuggest/AutoSuggest.stories.tsx (3 tests) 2530ms
   ✓ With Suggestions  2390ms
 ✓ |storybook (chromium)| ClientApp/src/routes/ta/applicationAndInstrument.stories.tsx (1 test) 1572ms
   ✓ Edit Step  1569ms
stderr | ClientApp/src/routes/requestForQuote/RequestForQuote.stories.tsx > Organisation And Contact Validation
Warning: An update to InstrumentAndRequest inside a test was not wrapped in act(...).

When testing, code that causes React state updates should be wrapped into act(...):

act(() => {
  /* fire events that update state */
});
/* assert on the output */

This ensures that you're testing the behavior the user would see in the browser. Learn more at https://reactjs.org/link/wrap-tests-with-act
    at InstrumentAndRequest (http://localhost:63315/ClientApp/src/routes/requestForQuote/instrumentAndRequest.tsx:49:10)
    at hookified (http://localhost:63315/node_modules/.cache/storybook/10.5.10/d089ae206bd7a58edd27e2b4d3689eedc26f6a98c46b1c5d1ba852a9c5dce8b8/sb-vitest/deps/csf-B8OjfbGV.js?v=d4d00fa8:8281:9)
    at form
    at http://localhost:63315/node_modules/.cache/storybook/10.5.10/d089ae206bd7a58edd27e2b4d3689eedc26f6a98c46b1c5d1ba852a9c5dce8b8/sb-vitest/deps/formik.js?v=6f093980:3385:21
    at Formik (http://localhost:63315/node_modules/.cache/storybook/10.5.10/d089ae206bd7a58edd27e2b4d3689eedc26f6a98c46b1c5d1ba852a9c5dce8b8/sb-vitest/deps/formik.js?v=6f093980:3190:18)
    at RenderedRoute (http://localhost:63315/node_modules/.cache/storybook/10.5.10/d089ae206bd7a58edd27e2b4d3689eedc26f6a98c46b1c5d1ba852a9c5dce8b8/sb-vitest/deps/react-router.js?v=e6e31490:4139:26)
    at RenderErrorBoundary (http://localhost:63315/node_modules/.cache/storybook/10.5.10/d089ae206bd7a58edd27e2b4d3689eedc26f6a98c46b1c5d1ba852a9c5dce8b8/sb-vitest/deps/react-router.js?v=e6e31490:4073:3)
    at DataRoutes2 (http://localhost:63315/node_modules/.cache/storybook/10.5.10/d089ae206bd7a58edd27e2b4d3689eedc26f6a98c46b1c5d1ba852a9c5dce8b8/sb-vitest/deps/react-router.js?v=e6e31490:4706:24)
    at Router (http://localhost:63315/node_modules/.cache/storybook/10.5.10/d089ae206bd7a58edd27e2b4d3689eedc26f6a98c46b1c5d1ba852a9c5dce8b8/sb-vitest/deps/react-router.js?v=e6e31490:4771:29)
    at RouterProvider (http://localhost:63315/node_modules/.cache/storybook/10.5.10/d089ae206bd7a58edd27e2b4d3689eedc26f6a98c46b1c5d1ba852a9c5dce8b8/sb-vitest/deps/react-router.js?v=e6e31490:4516:27)
    at unboundStoryFn (http://localhost:63315/node_modules/.cache/storybook/10.5.10/d089ae206bd7a58edd27e2b4d3689eedc26f6a98c46b1c5d1ba852a9c5dce8b8/sb-vitest/deps/csf-B8OjfbGV.js?v=d4d00fa8:8788:243)
stderr | ClientApp/src/routes/requestForQuote/RequestForQuote.stories.tsx > Organisation And Contact Validation
Warning: An update to InstrumentAndRequest inside a test was not wrapped in act(...).

When testing, code that causes React state updates should be wrapped into act(...):

act(() => {
  /* fire events that update state */
});
/* assert on the output */

This ensures that you're testing the behavior the user would see in the browser. Learn more at https://reactjs.org/link/wrap-tests-with-act
    at InstrumentAndRequest (http://localhost:63315/ClientApp/src/routes/requestForQuote/instrumentAndRequest.tsx:49:10)
    at hookified (http://localhost:63315/node_modules/.cache/storybook/10.5.10/d089ae206bd7a58edd27e2b4d3689eedc26f6a98c46b1c5d1ba852a9c5dce8b8/sb-vitest/deps/csf-B8OjfbGV.js?v=d4d00fa8:8281:9)
    at form
    at http://localhost:63315/node_modules/.cache/storybook/10.5.10/d089ae206bd7a58edd27e2b4d3689eedc26f6a98c46b1c5d1ba852a9c5dce8b8/sb-vitest/deps/formik.js?v=6f093980:3385:21
    at Formik (http://localhost:63315/node_modules/.cache/storybook/10.5.10/d089ae206bd7a58edd27e2b4d3689eedc26f6a98c46b1c5d1ba852a9c5dce8b8/sb-vitest/deps/formik.js?v=6f093980:3190:18)
    at RenderedRoute (http://localhost:63315/node_modules/.cache/storybook/10.5.10/d089ae206bd7a58edd27e2b4d3689eedc26f6a98c46b1c5d1ba852a9c5dce8b8/sb-vitest/deps/react-router.js?v=e6e31490:4139:26)
    at RenderErrorBoundary (http://localhost:63315/node_modules/.cache/storybook/10.5.10/d089ae206bd7a58edd27e2b4d3689eedc26f6a98c46b1c5d1ba852a9c5dce8b8/sb-vitest/deps/react-router.js?v=e6e31490:4073:3)
    at DataRoutes2 (http://localhost:63315/node_modules/.cache/storybook/10.5.10/d089ae206bd7a58edd27e2b4d3689eedc26f6a98c46b1c5d1ba852a9c5dce8b8/sb-vitest/deps/react-router.js?v=e6e31490:4706:24)
    at Router (http://localhost:63315/node_modules/.cache/storybook/10.5.10/d089ae206bd7a58edd27e2b4d3689eedc26f6a98c46b1c5d1ba852a9c5dce8b8/sb-vitest/deps/react-router.js?v=e6e31490:4771:29)
    at RouterProvider (http://localhost:63315/node_modules/.cache/storybook/10.5.10/d089ae206bd7a58edd27e2b4d3689eedc26f6a98c46b1c5d1ba852a9c5dce8b8/sb-vitest/deps/react-router.js?v=e6e31490:4516:27)
    at unboundStoryFn (http://localhost:63315/node_modules/.cache/storybook/10.5.10/d089ae206bd7a58edd27e2b4d3689eedc26f6a98c46b1c5d1ba852a9c5dce8b8/sb-vitest/deps/csf-B8OjfbGV.js?v=d4d00fa8:8788:243)
stderr | ClientApp/src/routes/requestForQuote/RequestForQuote.stories.tsx > Organisation And Contact Validation
Warning: An update to InstrumentAndRequest inside a test was not wrapped in act(...).

When testing, code that causes React state updates should be wrapped into act(...):

act(() => {
  /* fire events that update state */
});
/* assert on the output */

This ensures that you're testing the behavior the user would see in the browser. Learn more at https://reactjs.org/link/wrap-tests-with-act
    at InstrumentAndRequest (http://localhost:63315/ClientApp/src/routes/requestForQuote/instrumentAndRequest.tsx:49:10)
    at hookified (http://localhost:63315/node_modules/.cache/storybook/10.5.10/d089ae206bd7a58edd27e2b4d3689eedc26f6a98c46b1c5d1ba852a9c5dce8b8/sb-vitest/deps/csf-B8OjfbGV.js?v=d4d00fa8:8281:9)
    at form
    at http://localhost:63315/node_modules/.cache/storybook/10.5.10/d089ae206bd7a58edd27e2b4d3689eedc26f6a98c46b1c5d1ba852a9c5dce8b8/sb-vitest/deps/formik.js?v=6f093980:3385:21
    at Formik (http://localhost:63315/node_modules/.cache/storybook/10.5.10/d089ae206bd7a58edd27e2b4d3689eedc26f6a98c46b1c5d1ba852a9c5dce8b8/sb-vitest/deps/formik.js?v=6f093980:3190:18)
    at RenderedRoute (http://localhost:63315/node_modules/.cache/storybook/10.5.10/d089ae206bd7a58edd27e2b4d3689eedc26f6a98c46b1c5d1ba852a9c5dce8b8/sb-vitest/deps/react-router.js?v=e6e31490:4139:26)
    at RenderErrorBoundary (http://localhost:63315/node_modules/.cache/storybook/10.5.10/d089ae206bd7a58edd27e2b4d3689eedc26f6a98c46b1c5d1ba852a9c5dce8b8/sb-vitest/deps/react-router.js?v=e6e31490:4073:3)
    at DataRoutes2 (http://localhost:63315/node_modules/.cache/storybook/10.5.10/d089ae206bd7a58edd27e2b4d3689eedc26f6a98c46b1c5d1ba852a9c5dce8b8/sb-vitest/deps/react-router.js?v=e6e31490:4706:24)
    at Router (http://localhost:63315/node_modules/.cache/storybook/10.5.10/d089ae206bd7a58edd27e2b4d3689eedc26f6a98c46b1c5d1ba852a9c5dce8b8/sb-vitest/deps/react-router.js?v=e6e31490:4771:29)
    at RouterProvider (http://localhost:63315/node_modules/.cache/storybook/10.5.10/d089ae206bd7a58edd27e2b4d3689eedc26f6a98c46b1c5d1ba852a9c5dce8b8/sb-vitest/deps/react-router.js?v=e6e31490:4516:27)
    at unboundStoryFn (http://localhost:63315/node_modules/.cache/storybook/10.5.10/d089ae206bd7a58edd27e2b4d3689eedc26f6a98c46b1c5d1ba852a9c5dce8b8/sb-vitest/deps/csf-B8OjfbGV.js?v=d4d00fa8:8788:243)
stderr | ClientApp/src/routes/requestForQuote/RequestForQuote.stories.tsx > Organisation And Contact Validation
Warning: An update to null inside a test was not wrapped in act(...).

When testing, code that causes React state updates should be wrapped into act(...):

act(() => {
  /* fire events that update state */
});
/* assert on the output */

This ensures that you're testing the behavior the user would see in the browser. Learn more at https://reactjs.org/link/wrap-tests-with-act
    at Gt (http://localhost:63315/node_modules/.cache/storybook/10.5.10/d089ae206bd7a58edd27e2b4d3689eedc26f6a98c46b1c5d1ba852a9c5dce8b8/sb-vitest/deps/react-datepicker.js?v=6b802a38:24789:37)
    at n (http://localhost:63315/node_modules/.cache/storybook/10.5.10/d089ae206bd7a58edd27e2b4d3689eedc26f6a98c46b1c5d1ba852a9c5dce8b8/sb-vitest/deps/react-datepicker.js?v=6b802a38:24806:15)
    at div
    at CustomDatePicker (http://localhost:63315/ClientApp/src/components/Inputs/DatePicker/CustomDatePicker.tsx:10:10)
    at DatePicker (http://localhost:63315/ClientApp/src/components/Inputs/DatePicker/index.tsx:10:10)
    at div
    at http://localhost:63315/node_modules/.cache/storybook/10.5.10/d089ae206bd7a58edd27e2b4d3689eedc26f6a98c46b1c5d1ba852a9c5dce8b8/sb-vitest/deps/react-bootstrap_Row.js?v=edf1b346:10:52
    at InstrumentAndRequest (http://localhost:63315/ClientApp/src/routes/requestForQuote/instrumentAndRequest.tsx:49:10)
    at hookified (http://localhost:63315/node_modules/.cache/storybook/10.5.10/d089ae206bd7a58edd27e2b4d3689eedc26f6a98c46b1c5d1ba852a9c5dce8b8/sb-vitest/deps/csf-B8OjfbGV.js?v=d4d00fa8:8281:9)
    at form
    at http://localhost:63315/node_modules/.cache/storybook/10.5.10/d089ae206bd7a58edd27e2b4d3689eedc26f6a98c46b1c5d1ba852a9c5dce8b8/sb-vitest/deps/formik.js?v=6f093980:3385:21
    at Formik (http://localhost:63315/node_modules/.cache/storybook/10.5.10/d089ae206bd7a58edd27e2b4d3689eedc26f6a98c46b1c5d1ba852a9c5dce8b8/sb-vitest/deps/formik.js?v=6f093980:3190:18)
    at RenderedRoute (http://localhost:63315/node_modules/.cache/storybook/10.5.10/d089ae206bd7a58edd27e2b4d3689eedc26f6a98c46b1c5d1ba852a9c5dce8b8/sb-vitest/deps/react-router.js?v=e6e31490:4139:26)
    at RenderErrorBoundary (http://localhost:63315/node_modules/.cache/storybook/10.5.10/d089ae206bd7a58edd27e2b4d3689eedc26f6a98c46b1c5d1ba852a9c5dce8b8/sb-vitest/deps/react-router.js?v=e6e31490:4073:3)
    at DataRoutes2 (http://localhost:63315/node_modules/.cache/storybook/10.5.10/d089ae206bd7a58edd27e2b4d3689eedc26f6a98c46b1c5d1ba852a9c5dce8b8/sb-vitest/deps/react-router.js?v=e6e31490:4706:24)
    at Router (http://localhost:63315/node_modules/.cache/storybook/10.5.10/d089ae206bd7a58edd27e2b4d3689eedc26f6a98c46b1c5d1ba852a9c5dce8b8/sb-vitest/deps/react-router.js?v=e6e31490:4771:29)
    at RouterProvider (http://localhost:63315/node_modules/.cache/storybook/10.5.10/d089ae206bd7a58edd27e2b4d3689eedc26f6a98c46b1c5d1ba852a9c5dce8b8/sb-vitest/deps/react-router.js?v=e6e31490:4516:27)
    at unboundStoryFn (http://localhost:63315/node_modules/.cache/storybook/10.5.10/d089ae206bd7a58edd27e2b4d3689eedc26f6a98c46b1c5d1ba852a9c5dce8b8/sb-vitest/deps/csf-B8OjfbGV.js?v=d4d00fa8:8788:243)
stderr | ClientApp/src/routes/requestForQuote/RequestForQuote.stories.tsx > Organisation And Contact Validation
Warning: An update to null inside a test was not wrapped in act(...).

When testing, code that causes React state updates should be wrapped into act(...):

act(() => {
  /* fire events that update state */
});
/* assert on the output */

This ensures that you're testing the behavior the user would see in the browser. Learn more at https://reactjs.org/link/wrap-tests-with-act
    at Gt (http://localhost:63315/node_modules/.cache/storybook/10.5.10/d089ae206bd7a58edd27e2b4d3689eedc26f6a98c46b1c5d1ba852a9c5dce8b8/sb-vitest/deps/react-datepicker.js?v=6b802a38:24789:37)
    at n (http://localhost:63315/node_modules/.cache/storybook/10.5.10/d089ae206bd7a58edd27e2b4d3689eedc26f6a98c46b1c5d1ba852a9c5dce8b8/sb-vitest/deps/react-datepicker.js?v=6b802a38:24806:15)
    at div
    at CustomDatePicker (http://localhost:63315/ClientApp/src/components/Inputs/DatePicker/CustomDatePicker.tsx:10:10)
    at DatePicker (http://localhost:63315/ClientApp/src/components/Inputs/DatePicker/index.tsx:10:10)
    at div
    at http://localhost:63315/node_modules/.cache/storybook/10.5.10/d089ae206bd7a58edd27e2b4d3689eedc26f6a98c46b1c5d1ba852a9c5dce8b8/sb-vitest/deps/react-bootstrap_Row.js?v=edf1b346:10:52
    at InstrumentAndRequest (http://localhost:63315/ClientApp/src/routes/requestForQuote/instrumentAndRequest.tsx:49:10)
    at hookified (http://localhost:63315/node_modules/.cache/storybook/10.5.10/d089ae206bd7a58edd27e2b4d3689eedc26f6a98c46b1c5d1ba852a9c5dce8b8/sb-vitest/deps/csf-B8OjfbGV.js?v=d4d00fa8:8281:9)
    at form
    at http://localhost:63315/node_modules/.cache/storybook/10.5.10/d089ae206bd7a58edd27e2b4d3689eedc26f6a98c46b1c5d1ba852a9c5dce8b8/sb-vitest/deps/formik.js?v=6f093980:3385:21
    at Formik (http://localhost:63315/node_modules/.cache/storybook/10.5.10/d089ae206bd7a58edd27e2b4d3689eedc26f6a98c46b1c5d1ba852a9c5dce8b8/sb-vitest/deps/formik.js?v=6f093980:3190:18)
    at RenderedRoute (http://localhost:63315/node_modules/.cache/storybook/10.5.10/d089ae206bd7a58edd27e2b4d3689eedc26f6a98c46b1c5d1ba852a9c5dce8b8/sb-vitest/deps/react-router.js?v=e6e31490:4139:26)
    at RenderErrorBoundary (http://localhost:63315/node_modules/.cache/storybook/10.5.10/d089ae206bd7a58edd27e2b4d3689eedc26f6a98c46b1c5d1ba852a9c5dce8b8/sb-vitest/deps/react-router.js?v=e6e31490:4073:3)
    at DataRoutes2 (http://localhost:63315/node_modules/.cache/storybook/10.5.10/d089ae206bd7a58edd27e2b4d3689eedc26f6a98c46b1c5d1ba852a9c5dce8b8/sb-vitest/deps/react-router.js?v=e6e31490:4706:24)
    at Router (http://localhost:63315/node_modules/.cache/storybook/10.5.10/d089ae206bd7a58edd27e2b4d3689eedc26f6a98c46b1c5d1ba852a9c5dce8b8/sb-vitest/deps/react-router.js?v=e6e31490:4771:29)
    at RouterProvider (http://localhost:63315/node_modules/.cache/storybook/10.5.10/d089ae206bd7a58edd27e2b4d3689eedc26f6a98c46b1c5d1ba852a9c5dce8b8/sb-vitest/deps/react-router.js?v=e6e31490:4516:27)
    at unboundStoryFn (http://localhost:63315/node_modules/.cache/storybook/10.5.10/d089ae206bd7a58edd27e2b4d3689eedc26f6a98c46b1c5d1ba852a9c5dce8b8/sb-vitest/deps/csf-B8OjfbGV.js?v=d4d00fa8:8788:243)
stderr | ClientApp/src/routes/requestForQuote/RequestForQuote.stories.tsx > Organisation And Contact Validation
Warning: An update to HidableField inside a test was not wrapped in act(...).

When testing, code that causes React state updates should be wrapped into act(...):

act(() => {
  /* fire events that update state */
});
/* assert on the output */

This ensures that you're testing the behavior the user would see in the browser. Learn more at https://reactjs.org/link/wrap-tests-with-act
    at HidableField (http://localhost:63315/ClientApp/src/components/forms/HidableField/index.tsx:7:41)
    at div
    at http://localhost:63315/node_modules/.cache/storybook/10.5.10/d089ae206bd7a58edd27e2b4d3689eedc26f6a98c46b1c5d1ba852a9c5dce8b8/sb-vitest/deps/react-bootstrap_Row.js?v=edf1b346:10:52
    at InstrumentAndRequest (http://localhost:63315/ClientApp/src/routes/requestForQuote/instrumentAndRequest.tsx:49:10)
    at hookified (http://localhost:63315/node_modules/.cache/storybook/10.5.10/d089ae206bd7a58edd27e2b4d3689eedc26f6a98c46b1c5d1ba852a9c5dce8b8/sb-vitest/deps/csf-B8OjfbGV.js?v=d4d00fa8:8281:9)
    at form
    at http://localhost:63315/node_modules/.cache/storybook/10.5.10/d089ae206bd7a58edd27e2b4d3689eedc26f6a98c46b1c5d1ba852a9c5dce8b8/sb-vitest/deps/formik.js?v=6f093980:3385:21
    at Formik (http://localhost:63315/node_modules/.cache/storybook/10.5.10/d089ae206bd7a58edd27e2b4d3689eedc26f6a98c46b1c5d1ba852a9c5dce8b8/sb-vitest/deps/formik.js?v=6f093980:3190:18)
    at RenderedRoute (http://localhost:63315/node_modules/.cache/storybook/10.5.10/d089ae206bd7a58edd27e2b4d3689eedc26f6a98c46b1c5d1ba852a9c5dce8b8/sb-vitest/deps/react-router.js?v=e6e31490:4139:26)
    at RenderErrorBoundary (http://localhost:63315/node_modules/.cache/storybook/10.5.10/d089ae206bd7a58edd27e2b4d3689eedc26f6a98c46b1c5d1ba852a9c5dce8b8/sb-vitest/deps/react-router.js?v=e6e31490:4073:3)
    at DataRoutes2 (http://localhost:63315/node_modules/.cache/storybook/10.5.10/d089ae206bd7a58edd27e2b4d3689eedc26f6a98c46b1c5d1ba852a9c5dce8b8/sb-vitest/deps/react-router.js?v=e6e31490:4706:24)
    at Router (http://localhost:63315/node_modules/.cache/storybook/10.5.10/d089ae206bd7a58edd27e2b4d3689eedc26f6a98c46b1c5d1ba852a9c5dce8b8/sb-vitest/deps/react-router.js?v=e6e31490:4771:29)
    at RouterProvider (http://localhost:63315/node_modules/.cache/storybook/10.5.10/d089ae206bd7a58edd27e2b4d3689eedc26f6a98c46b1c5d1ba852a9c5dce8b8/sb-vitest/deps/react-router.js?v=e6e31490:4516:27)
    at unboundStoryFn (http://localhost:63315/node_modules/.cache/storybook/10.5.10/d089ae206bd7a58edd27e2b4d3689eedc26f6a98c46b1c5d1ba852a9c5dce8b8/sb-vitest/deps/csf-B8OjfbGV.js?v=d4d00fa8:8788:243)
stderr | ClientApp/src/routes/requestForQuote/RequestForQuote.stories.tsx > Organisation And Contact Validation
Warning: An update to NumberFormatBase inside a test was not wrapped in act(...).

When testing, code that causes React state updates should be wrapped into act(...):

act(() => {
  /* fire events that update state */
});
/* assert on the output */

This ensures that you're testing the behavior the user would see in the browser. Learn more at https://reactjs.org/link/wrap-tests-with-act
    at NumberFormatBase (http://localhost:63315/node_modules/.cache/storybook/10.5.10/d089ae206bd7a58edd27e2b4d3689eedc26f6a98c46b1c5d1ba852a9c5dce8b8/sb-vitest/deps/react-number-format.js?v=4fe07ce9:398:19)
    at NumericFormat (http://localhost:63315/node_modules/.cache/storybook/10.5.10/d089ae206bd7a58edd27e2b4d3689eedc26f6a98c46b1c5d1ba852a9c5dce8b8/sb-vitest/deps/react-number-format.js?v=4fe07ce9:1024:27)
    at div
    at http://localhost:63315/node_modules/.cache/storybook/10.5.10/d089ae206bd7a58edd27e2b4d3689eedc26f6a98c46b1c5d1ba852a9c5dce8b8/sb-vitest/deps/Form-Bhe6QYJ3.js?v=d4d00fa8:208:58
    at NumberInput (http://localhost:63315/ClientApp/src/components/Inputs/NumberInput/index.tsx:11:24)
    at div
    at http://localhost:63315/node_modules/.cache/storybook/10.5.10/d089ae206bd7a58edd27e2b4d3689eedc26f6a98c46b1c5d1ba852a9c5dce8b8/sb-vitest/deps/react-bootstrap_Row.js?v=edf1b346:10:52
    at InstrumentAndRequest (http://localhost:63315/ClientApp/src/routes/requestForQuote/instrumentAndRequest.tsx:49:10)
    at hookified (http://localhost:63315/node_modules/.cache/storybook/10.5.10/d089ae206bd7a58edd27e2b4d3689eedc26f6a98c46b1c5d1ba852a9c5dce8b8/sb-vitest/deps/csf-B8OjfbGV.js?v=d4d00fa8:8281:9)
    at form
    at http://localhost:63315/node_modules/.cache/storybook/10.5.10/d089ae206bd7a58edd27e2b4d3689eedc26f6a98c46b1c5d1ba852a9c5dce8b8/sb-vitest/deps/formik.js?v=6f093980:3385:21
    at Formik (http://localhost:63315/node_modules/.cache/storybook/10.5.10/d089ae206bd7a58edd27e2b4d3689eedc26f6a98c46b1c5d1ba852a9c5dce8b8/sb-vitest/deps/formik.js?v=6f093980:3190:18)
    at RenderedRoute (http://localhost:63315/node_modules/.cache/storybook/10.5.10/d089ae206bd7a58edd27e2b4d3689eedc26f6a98c46b1c5d1ba852a9c5dce8b8/sb-vitest/deps/react-router.js?v=e6e31490:4139:26)
    at RenderErrorBoundary (http://localhost:63315/node_modules/.cache/storybook/10.5.10/d089ae206bd7a58edd27e2b4d3689eedc26f6a98c46b1c5d1ba852a9c5dce8b8/sb-vitest/deps/react-router.js?v=e6e31490:4073:3)
    at DataRoutes2 (http://localhost:63315/node_modules/.cache/storybook/10.5.10/d089ae206bd7a58edd27e2b4d3689eedc26f6a98c46b1c5d1ba852a9c5dce8b8/sb-vitest/deps/react-router.js?v=e6e31490:4706:24)
    at Router (http://localhost:63315/node_modules/.cache/storybook/10.5.10/d089ae206bd7a58edd27e2b4d3689eedc26f6a98c46b1c5d1ba852a9c5dce8b8/sb-vitest/deps/react-router.js?v=e6e31490:4771:29)
    at RouterProvider (http://localhost:63315/node_modules/.cache/storybook/10.5.10/d089ae206bd7a58edd27e2b4d3689eedc26f6a98c46b1c5d1ba852a9c5dce8b8/sb-vitest/deps/react-router.js?v=e6e31490:4516:27)
    at unboundStoryFn (http://localhost:63315/node_modules/.cache/storybook/10.5.10/d089ae206bd7a58edd27e2b4d3689eedc26f6a98c46b1c5d1ba852a9c5dce8b8/sb-vitest/deps/csf-B8OjfbGV.js?v=d4d00fa8:8788:243)
stderr | ClientApp/src/routes/requestForQuote/RequestForQuote.stories.tsx > Organisation And Contact Validation
Warning: An update to DatePicker inside a test was not wrapped in act(...).

When testing, code that causes React state updates should be wrapped into act(...):

act(() => {
  /* fire events that update state */
});
/* assert on the output */

This ensures that you're testing the behavior the user would see in the browser. Learn more at https://reactjs.org/link/wrap-tests-with-act
    at DatePicker (http://localhost:63315/ClientApp/src/components/Inputs/DatePicker/index.tsx:10:10)
    at div
    at http://localhost:63315/node_modules/.cache/storybook/10.5.10/d089ae206bd7a58edd27e2b4d3689eedc26f6a98c46b1c5d1ba852a9c5dce8b8/sb-vitest/deps/react-bootstrap_Row.js?v=edf1b346:10:52
    at InstrumentAndRequest (http://localhost:63315/ClientApp/src/routes/requestForQuote/instrumentAndRequest.tsx:49:10)
    at hookified (http://localhost:63315/node_modules/.cache/storybook/10.5.10/d089ae206bd7a58edd27e2b4d3689eedc26f6a98c46b1c5d1ba852a9c5dce8b8/sb-vitest/deps/csf-B8OjfbGV.js?v=d4d00fa8:8281:9)
    at form
    at http://localhost:63315/node_modules/.cache/storybook/10.5.10/d089ae206bd7a58edd27e2b4d3689eedc26f6a98c46b1c5d1ba852a9c5dce8b8/sb-vitest/deps/formik.js?v=6f093980:3385:21
    at Formik (http://localhost:63315/node_modules/.cache/storybook/10.5.10/d089ae206bd7a58edd27e2b4d3689eedc26f6a98c46b1c5d1ba852a9c5dce8b8/sb-vitest/deps/formik.js?v=6f093980:3190:18)
    at RenderedRoute (http://localhost:63315/node_modules/.cache/storybook/10.5.10/d089ae206bd7a58edd27e2b4d3689eedc26f6a98c46b1c5d1ba852a9c5dce8b8/sb-vitest/deps/react-router.js?v=e6e31490:4139:26)
    at RenderErrorBoundary (http://localhost:63315/node_modules/.cache/storybook/10.5.10/d089ae206bd7a58edd27e2b4d3689eedc26f6a98c46b1c5d1ba852a9c5dce8b8/sb-vitest/deps/react-router.js?v=e6e31490:4073:3)
    at DataRoutes2 (http://localhost:63315/node_modules/.cache/storybook/10.5.10/d089ae206bd7a58edd27e2b4d3689eedc26f6a98c46b1c5d1ba852a9c5dce8b8/sb-vitest/deps/react-router.js?v=e6e31490:4706:24)
    at Router (http://localhost:63315/node_modules/.cache/storybook/10.5.10/d089ae206bd7a58edd27e2b4d3689eedc26f6a98c46b1c5d1ba852a9c5dce8b8/sb-vitest/deps/react-router.js?v=e6e31490:4771:29)
    at RouterProvider (http://localhost:63315/node_modules/.cache/storybook/10.5.10/d089ae206bd7a58edd27e2b4d3689eedc26f6a98c46b1c5d1ba852a9c5dce8b8/sb-vitest/deps/react-router.js?v=e6e31490:4516:27)
    at unboundStoryFn (http://localhost:63315/node_modules/.cache/storybook/10.5.10/d089ae206bd7a58edd27e2b4d3689eedc26f6a98c46b1c5d1ba852a9c5dce8b8/sb-vitest/deps/csf-B8OjfbGV.js?v=d4d00fa8:8788:243)
stderr | ClientApp/src/routes/requestForQuote/RequestForQuote.stories.tsx > Organisation And Contact Validation
Warning: An update to n inside a test was not wrapped in act(...).

When testing, code that causes React state updates should be wrapped into act(...):

act(() => {
  /* fire events that update state */
});
/* assert on the output */

This ensures that you're testing the behavior the user would see in the browser. Learn more at https://reactjs.org/link/wrap-tests-with-act
    at n (http://localhost:63315/node_modules/.cache/storybook/10.5.10/d089ae206bd7a58edd27e2b4d3689eedc26f6a98c46b1c5d1ba852a9c5dce8b8/sb-vitest/deps/react-datepicker.js?v=6b802a38:24806:15)
    at div
    at CustomDatePicker (http://localhost:63315/ClientApp/src/components/Inputs/DatePicker/CustomDatePicker.tsx:10:10)
    at DatePicker (http://localhost:63315/ClientApp/src/components/Inputs/DatePicker/index.tsx:10:10)
    at div
    at http://localhost:63315/node_modules/.cache/storybook/10.5.10/d089ae206bd7a58edd27e2b4d3689eedc26f6a98c46b1c5d1ba852a9c5dce8b8/sb-vitest/deps/react-bootstrap_Row.js?v=edf1b346:10:52
    at InstrumentAndRequest (http://localhost:63315/ClientApp/src/routes/requestForQuote/instrumentAndRequest.tsx:49:10)
    at hookified (http://localhost:63315/node_modules/.cache/storybook/10.5.10/d089ae206bd7a58edd27e2b4d3689eedc26f6a98c46b1c5d1ba852a9c5dce8b8/sb-vitest/deps/csf-B8OjfbGV.js?v=d4d00fa8:8281:9)
    at form
    at http://localhost:63315/node_modules/.cache/storybook/10.5.10/d089ae206bd7a58edd27e2b4d3689eedc26f6a98c46b1c5d1ba852a9c5dce8b8/sb-vitest/deps/formik.js?v=6f093980:3385:21
    at Formik (http://localhost:63315/node_modules/.cache/storybook/10.5.10/d089ae206bd7a58edd27e2b4d3689eedc26f6a98c46b1c5d1ba852a9c5dce8b8/sb-vitest/deps/formik.js?v=6f093980:3190:18)
    at RenderedRoute (http://localhost:63315/node_modules/.cache/storybook/10.5.10/d089ae206bd7a58edd27e2b4d3689eedc26f6a98c46b1c5d1ba852a9c5dce8b8/sb-vitest/deps/react-router.js?v=e6e31490:4139:26)
    at RenderErrorBoundary (http://localhost:63315/node_modules/.cache/storybook/10.5.10/d089ae206bd7a58edd27e2b4d3689eedc26f6a98c46b1c5d1ba852a9c5dce8b8/sb-vitest/deps/react-router.js?v=e6e31490:4073:3)
    at DataRoutes2 (http://localhost:63315/node_modules/.cache/storybook/10.5.10/d089ae206bd7a58edd27e2b4d3689eedc26f6a98c46b1c5d1ba852a9c5dce8b8/sb-vitest/deps/react-router.js?v=e6e31490:4706:24)
    at Router (http://localhost:63315/node_modules/.cache/storybook/10.5.10/d089ae206bd7a58edd27e2b4d3689eedc26f6a98c46b1c5d1ba852a9c5dce8b8/sb-vitest/deps/react-router.js?v=e6e31490:4771:29)
    at RouterProvider (http://localhost:63315/node_modules/.cache/storybook/10.5.10/d089ae206bd7a58edd27e2b4d3689eedc26f6a98c46b1c5d1ba852a9c5dce8b8/sb-vitest/deps/react-router.js?v=e6e31490:4516:27)
    at unboundStoryFn (http://localhost:63315/node_modules/.cache/storybook/10.5.10/d089ae206bd7a58edd27e2b4d3689eedc26f6a98c46b1c5d1ba852a9c5dce8b8/sb-vitest/deps/csf-B8OjfbGV.js?v=d4d00fa8:8788:243)
stderr | ClientApp/src/routes/requestForQuote/RequestForQuote.stories.tsx > Organisation And Contact Validation
Warning: An update to CustomDatePicker inside a test was not wrapped in act(...).

When testing, code that causes React state updates should be wrapped into act(...):

act(() => {
  /* fire events that update state */
});
/* assert on the output */

This ensures that you're testing the behavior the user would see in the browser. Learn more at https://reactjs.org/link/wrap-tests-with-act
    at CustomDatePicker (http://localhost:63315/ClientApp/src/components/Inputs/DatePicker/CustomDatePicker.tsx:10:10)
    at DatePicker (http://localhost:63315/ClientApp/src/components/Inputs/DatePicker/index.tsx:10:10)
    at div
    at http://localhost:63315/node_modules/.cache/storybook/10.5.10/d089ae206bd7a58edd27e2b4d3689eedc26f6a98c46b1c5d1ba852a9c5dce8b8/sb-vitest/deps/react-bootstrap_Row.js?v=edf1b346:10:52
    at InstrumentAndRequest (http://localhost:63315/ClientApp/src/routes/requestForQuote/instrumentAndRequest.tsx:49:10)
    at hookified (http://localhost:63315/node_modules/.cache/storybook/10.5.10/d089ae206bd7a58edd27e2b4d3689eedc26f6a98c46b1c5d1ba852a9c5dce8b8/sb-vitest/deps/csf-B8OjfbGV.js?v=d4d00fa8:8281:9)
    at form
    at http://localhost:63315/node_modules/.cache/storybook/10.5.10/d089ae206bd7a58edd27e2b4d3689eedc26f6a98c46b1c5d1ba852a9c5dce8b8/sb-vitest/deps/formik.js?v=6f093980:3385:21
    at Formik (http://localhost:63315/node_modules/.cache/storybook/10.5.10/d089ae206bd7a58edd27e2b4d3689eedc26f6a98c46b1c5d1ba852a9c5dce8b8/sb-vitest/deps/formik.js?v=6f093980:3190:18)
    at RenderedRoute (http://localhost:63315/node_modules/.cache/storybook/10.5.10/d089ae206bd7a58edd27e2b4d3689eedc26f6a98c46b1c5d1ba852a9c5dce8b8/sb-vitest/deps/react-router.js?v=e6e31490:4139:26)
    at RenderErrorBoundary (http://localhost:63315/node_modules/.cache/storybook/10.5.10/d089ae206bd7a58edd27e2b4d3689eedc26f6a98c46b1c5d1ba852a9c5dce8b8/sb-vitest/deps/react-router.js?v=e6e31490:4073:3)
    at DataRoutes2 (http://localhost:63315/node_modules/.cache/storybook/10.5.10/d089ae206bd7a58edd27e2b4d3689eedc26f6a98c46b1c5d1ba852a9c5dce8b8/sb-vitest/deps/react-router.js?v=e6e31490:4706:24)
    at Router (http://localhost:63315/node_modules/.cache/storybook/10.5.10/d089ae206bd7a58edd27e2b4d3689eedc26f6a98c46b1c5d1ba852a9c5dce8b8/sb-vitest/deps/react-router.js?v=e6e31490:4771:29)
    at RouterProvider (http://localhost:63315/node_modules/.cache/storybook/10.5.10/d089ae206bd7a58edd27e2b4d3689eedc26f6a98c46b1c5d1ba852a9c5dce8b8/sb-vitest/deps/react-router.js?v=e6e31490:4516:27)
    at unboundStoryFn (http://localhost:63315/node_modules/.cache/storybook/10.5.10/d089ae206bd7a58edd27e2b4d3689eedc26f6a98c46b1c5d1ba852a9c5dce8b8/sb-vitest/deps/csf-B8OjfbGV.js?v=d4d00fa8:8788:243)
stderr | ClientApp/src/routes/requestForQuote/RequestForQuote.stories.tsx > Organisation And Contact Validation
Warning: An update to n inside a test was not wrapped in act(...).

When testing, code that causes React state updates should be wrapped into act(...):

act(() => {
  /* fire events that update state */
});
/* assert on the output */

This ensures that you're testing the behavior the user would see in the browser. Learn more at https://reactjs.org/link/wrap-tests-with-act
    at n (http://localhost:63315/node_modules/.cache/storybook/10.5.10/d089ae206bd7a58edd27e2b4d3689eedc26f6a98c46b1c5d1ba852a9c5dce8b8/sb-vitest/deps/react-datepicker.js?v=6b802a38:24806:15)
    at div
    at CustomDatePicker (http://localhost:63315/ClientApp/src/components/Inputs/DatePicker/CustomDatePicker.tsx:10:10)
    at DatePicker (http://localhost:63315/ClientApp/src/components/Inputs/DatePicker/index.tsx:10:10)
    at div
    at http://localhost:63315/node_modules/.cache/storybook/10.5.10/d089ae206bd7a58edd27e2b4d3689eedc26f6a98c46b1c5d1ba852a9c5dce8b8/sb-vitest/deps/react-bootstrap_Row.js?v=edf1b346:10:52
    at InstrumentAndRequest (http://localhost:63315/ClientApp/src/routes/requestForQuote/instrumentAndRequest.tsx:49:10)
    at hookified (http://localhost:63315/node_modules/.cache/storybook/10.5.10/d089ae206bd7a58edd27e2b4d3689eedc26f6a98c46b1c5d1ba852a9c5dce8b8/sb-vitest/deps/csf-B8OjfbGV.js?v=d4d00fa8:8281:9)
    at form
    at http://localhost:63315/node_modules/.cache/storybook/10.5.10/d089ae206bd7a58edd27e2b4d3689eedc26f6a98c46b1c5d1ba852a9c5dce8b8/sb-vitest/deps/formik.js?v=6f093980:3385:21
    at Formik (http://localhost:63315/node_modules/.cache/storybook/10.5.10/d089ae206bd7a58edd27e2b4d3689eedc26f6a98c46b1c5d1ba852a9c5dce8b8/sb-vitest/deps/formik.js?v=6f093980:3190:18)
    at RenderedRoute (http://localhost:63315/node_modules/.cache/storybook/10.5.10/d089ae206bd7a58edd27e2b4d3689eedc26f6a98c46b1c5d1ba852a9c5dce8b8/sb-vitest/deps/react-router.js?v=e6e31490:4139:26)
    at RenderErrorBoundary (http://localhost:63315/node_modules/.cache/storybook/10.5.10/d089ae206bd7a58edd27e2b4d3689eedc26f6a98c46b1c5d1ba852a9c5dce8b8/sb-vitest/deps/react-router.js?v=e6e31490:4073:3)
    at DataRoutes2 (http://localhost:63315/node_modules/.cache/storybook/10.5.10/d089ae206bd7a58edd27e2b4d3689eedc26f6a98c46b1c5d1ba852a9c5dce8b8/sb-vitest/deps/react-router.js?v=e6e31490:4706:24)
    at Router (http://localhost:63315/node_modules/.cache/storybook/10.5.10/d089ae206bd7a58edd27e2b4d3689eedc26f6a98c46b1c5d1ba852a9c5dce8b8/sb-vitest/deps/react-router.js?v=e6e31490:4771:29)
    at RouterProvider (http://localhost:63315/node_modules/.cache/storybook/10.5.10/d089ae206bd7a58edd27e2b4d3689eedc26f6a98c46b1c5d1ba852a9c5dce8b8/sb-vitest/deps/react-router.js?v=e6e31490:4516:27)
    at unboundStoryFn (http://localhost:63315/node_modules/.cache/storybook/10.5.10/d089ae206bd7a58edd27e2b4d3689eedc26f6a98c46b1c5d1ba852a9c5dce8b8/sb-vitest/deps/csf-B8OjfbGV.js?v=d4d00fa8:8788:243)
stderr | ClientApp/src/routes/requestForQuote/RequestForQuote.stories.tsx > Organisation And Contact Validation
Warning: An update to n inside a test was not wrapped in act(...).

When testing, code that causes React state updates should be wrapped into act(...):

act(() => {
  /* fire events that update state */
});
/* assert on the output */

This ensures that you're testing the behavior the user would see in the browser. Learn more at https://reactjs.org/link/wrap-tests-with-act
    at n (http://localhost:63315/node_modules/.cache/storybook/10.5.10/d089ae206bd7a58edd27e2b4d3689eedc26f6a98c46b1c5d1ba852a9c5dce8b8/sb-vitest/deps/react-datepicker.js?v=6b802a38:24806:15)
    at div
    at CustomDatePicker (http://localhost:63315/ClientApp/src/components/Inputs/DatePicker/CustomDatePicker.tsx:10:10)
    at DatePicker (http://localhost:63315/ClientApp/src/components/Inputs/DatePicker/index.tsx:10:10)
    at div
    at http://localhost:63315/node_modules/.cache/storybook/10.5.10/d089ae206bd7a58edd27e2b4d3689eedc26f6a98c46b1c5d1ba852a9c5dce8b8/sb-vitest/deps/react-bootstrap_Row.js?v=edf1b346:10:52
    at InstrumentAndRequest (http://localhost:63315/ClientApp/src/routes/requestForQuote/instrumentAndRequest.tsx:49:10)
    at hookified (http://localhost:63315/node_modules/.cache/storybook/10.5.10/d089ae206bd7a58edd27e2b4d3689eedc26f6a98c46b1c5d1ba852a9c5dce8b8/sb-vitest/deps/csf-B8OjfbGV.js?v=d4d00fa8:8281:9)
    at form
    at http://localhost:63315/node_modules/.cache/storybook/10.5.10/d089ae206bd7a58edd27e2b4d3689eedc26f6a98c46b1c5d1ba852a9c5dce8b8/sb-vitest/deps/formik.js?v=6f093980:3385:21
    at Formik (http://localhost:63315/node_modules/.cache/storybook/10.5.10/d089ae206bd7a58edd27e2b4d3689eedc26f6a98c46b1c5d1ba852a9c5dce8b8/sb-vitest/deps/formik.js?v=6f093980:3190:18)
    at RenderedRoute (http://localhost:63315/node_modules/.cache/storybook/10.5.10/d089ae206bd7a58edd27e2b4d3689eedc26f6a98c46b1c5d1ba852a9c5dce8b8/sb-vitest/deps/react-router.js?v=e6e31490:4139:26)
    at RenderErrorBoundary (http://localhost:63315/node_modules/.cache/storybook/10.5.10/d089ae206bd7a58edd27e2b4d3689eedc26f6a98c46b1c5d1ba852a9c5dce8b8/sb-vitest/deps/react-router.js?v=e6e31490:4073:3)
    at DataRoutes2 (http://localhost:63315/node_modules/.cache/storybook/10.5.10/d089ae206bd7a58edd27e2b4d3689eedc26f6a98c46b1c5d1ba852a9c5dce8b8/sb-vitest/deps/react-router.js?v=e6e31490:4706:24)
    at Router (http://localhost:63315/node_modules/.cache/storybook/10.5.10/d089ae206bd7a58edd27e2b4d3689eedc26f6a98c46b1c5d1ba852a9c5dce8b8/sb-vitest/deps/react-router.js?v=e6e31490:4771:29)
    at RouterProvider (http://localhost:63315/node_modules/.cache/storybook/10.5.10/d089ae206bd7a58edd27e2b4d3689eedc26f6a98c46b1c5d1ba852a9c5dce8b8/sb-vitest/deps/react-router.js?v=e6e31490:4516:27)
    at unboundStoryFn (http://localhost:63315/node_modules/.cache/storybook/10.5.10/d089ae206bd7a58edd27e2b4d3689eedc26f6a98c46b1c5d1ba852a9c5dce8b8/sb-vitest/deps/csf-B8OjfbGV.js?v=d4d00fa8:8788:243)
10:55:15 am [vite] [31m[2m(client)[22m[39m [2m[console.error] [22mWarning: An update to InstrumentAndRequest inside a test was not wrapped in act(...).

When testing, code that causes React state updates should be wrapped into act(...):

act(() => {
  /* fire events that update state */
});
/* assert on the output */

This ensures that you're testing the behavior the user would see in the browser. Learn more at https://reactjs.org/link/wrap-tests-with-act
    at InstrumentAndRequest (http://localhost:63315/ClientApp/src/routes/requestForQuote/instrumentAndRequest.tsx:49:10)
    at hookified (http://localhost:63315/node_modules/.cache/storybook/10.5.10/d089ae206bd7a58edd27e2b4d3689eedc26f6a98c46b1c5d1ba852a9c5dce8b8/sb-vitest/deps/csf-B8OjfbGV.js?v=d4d00fa8:8281:9)
    at form
    at http://localhost:63315/node_modules/.cache/storybook/10.5.10/d089ae206bd7a58edd27e2b4d3689eedc26f6a98c46b1c5d1ba852a9c5dce8b8/sb-vitest/deps/formik.js?v=6f093980:3385:21
    at Formik (http://localhost:63315/node_modules/.cache/storybook/10.5.10/d089ae206bd7a58edd27e2b4d3689eedc26f6a98c46b1c5d1ba852a9c5dce8b8/sb-vitest/deps/formik.js?v=6f093980:3190:18)
    at RenderedRoute (http://localhost:63315/node_modules/.cache/storybook/10.5.10/d089ae206bd7a58edd27e2b4d3689eedc26f6a98c46b1c5d1ba852a9c5dce8b8/sb-vitest/deps/react-router.js?v=e6e31490:4139:26)
    at RenderErrorBoundary (http://localhost:63315/node_modules/.cache/storybook/10.5.10/d089ae206bd7a58edd27e2b4d3689eedc26f6a98c46b1c5d1ba852a9c5dce8b8/sb-vitest/deps/react-router.js?v=e6e31490:4073:3)
    at DataRoutes2 (http://localhost:63315/node_modules/.cache/storybook/10.5.10/d089ae206bd7a58edd27e2b4d3689eedc26f6a98c46b1c5d1ba852a9c5dce8b8/sb-vitest/deps/react-router.js?v=e6e31490:4706:24)
    at Router (http://localhost:63315/node_modules/.cache/storybook/10.5.10/d089ae206bd7a58edd27e2b4d3689eedc26f6a98c46b1c5d1ba852a9c5dce8b8/sb-vitest/deps/react-router.js?v=e6e31490:4771:29)
    at RouterProvider (http://localhost:63315/node_modules/.cache/storybook/10.5.10/d089ae206bd7a58edd27e2b4d3689eedc26f6a98c46b1c5d1ba852a9c5dce8b8/sb-vitest/deps/react-router.js?v=e6e31490:4516:27)
    at unboundStoryFn (http://localhost:63315/node_modules/.cache/storybook/10.5.10/d089ae206bd7a58edd27e2b4d3689eedc26f6a98c46b1c5d1ba852a9c5dce8b8/sb-vitest/deps/csf-B8OjfbGV.js?v=d4d00fa8:8788:243)
10:55:15 am [vite] [31m[2m(client)[22m[39m [2m[console.error] [22mWarning: An update to InstrumentAndRequest inside a test was not wrapped in act(...).

When testing, code that causes React state updates should be wrapped into act(...):

act(() => {
  /* fire events that update state */
});
/* assert on the output */

This ensures that you're testing the behavior the user would see in the browser. Learn more at https://reactjs.org/link/wrap-tests-with-act
    at InstrumentAndRequest (http://localhost:63315/ClientApp/src/routes/requestForQuote/instrumentAndRequest.tsx:49:10)
    at hookified (http://localhost:63315/node_modules/.cache/storybook/10.5.10/d089ae206bd7a58edd27e2b4d3689eedc26f6a98c46b1c5d1ba852a9c5dce8b8/sb-vitest/deps/csf-B8OjfbGV.js?v=d4d00fa8:8281:9)
    at form
    at http://localhost:63315/node_modules/.cache/storybook/10.5.10/d089ae206bd7a58edd27e2b4d3689eedc26f6a98c46b1c5d1ba852a9c5dce8b8/sb-vitest/deps/formik.js?v=6f093980:3385:21
    at Formik (http://localhost:63315/node_modules/.cache/storybook/10.5.10/d089ae206bd7a58edd27e2b4d3689eedc26f6a98c46b1c5d1ba852a9c5dce8b8/sb-vitest/deps/formik.js?v=6f093980:3190:18)
    at RenderedRoute (http://localhost:63315/node_modules/.cache/storybook/10.5.10/d089ae206bd7a58edd27e2b4d3689eedc26f6a98c46b1c5d1ba852a9c5dce8b8/sb-vitest/deps/react-router.js?v=e6e31490:4139:26)
    at RenderErrorBoundary (http://localhost:63315/node_modules/.cache/storybook/10.5.10/d089ae206bd7a58edd27e2b4d3689eedc26f6a98c46b1c5d1ba852a9c5dce8b8/sb-vitest/deps/react-router.js?v=e6e31490:4073:3)
    at DataRoutes2 (http://localhost:63315/node_modules/.cache/storybook/10.5.10/d089ae206bd7a58edd27e2b4d3689eedc26f6a98c46b1c5d1ba852a9c5dce8b8/sb-vitest/deps/react-router.js?v=e6e31490:4706:24)
    at Router (http://localhost:63315/node_modules/.cache/storybook/10.5.10/d089ae206bd7a58edd27e2b4d3689eedc26f6a98c46b1c5d1ba852a9c5dce8b8/sb-vitest/deps/react-router.js?v=e6e31490:4771:29)
    at RouterProvider (http://localhost:63315/node_modules/.cache/storybook/10.5.10/d089ae206bd7a58edd27e2b4d3689eedc26f6a98c46b1c5d1ba852a9c5dce8b8/sb-vitest/deps/react-router.js?v=e6e31490:4516:27)
    at unboundStoryFn (http://localhost:63315/node_modules/.cache/storybook/10.5.10/d089ae206bd7a58edd27e2b4d3689eedc26f6a98c46b1c5d1ba852a9c5dce8b8/sb-vitest/deps/csf-B8OjfbGV.js?v=d4d00fa8:8788:243)
10:55:15 am [vite] [31m[2m(client)[22m[39m [2m[console.error] [22mWarning: An update to InstrumentAndRequest inside a test was not wrapped in act(...).

When testing, code that causes React state updates should be wrapped into act(...):

act(() => {
  /* fire events that update state */
});
/* assert on the output */

This ensures that you're testing the behavior the user would see in the browser. Learn more at https://reactjs.org/link/wrap-tests-with-act
    at InstrumentAndRequest (http://localhost:63315/ClientApp/src/routes/requestForQuote/instrumentAndRequest.tsx:49:10)
    at hookified (http://localhost:63315/node_modules/.cache/storybook/10.5.10/d089ae206bd7a58edd27e2b4d3689eedc26f6a98c46b1c5d1ba852a9c5dce8b8/sb-vitest/deps/csf-B8OjfbGV.js?v=d4d00fa8:8281:9)
    at form
    at http://localhost:63315/node_modules/.cache/storybook/10.5.10/d089ae206bd7a58edd27e2b4d3689eedc26f6a98c46b1c5d1ba852a9c5dce8b8/sb-vitest/deps/formik.js?v=6f093980:3385:21
    at Formik (http://localhost:63315/node_modules/.cache/storybook/10.5.10/d089ae206bd7a58edd27e2b4d3689eedc26f6a98c46b1c5d1ba852a9c5dce8b8/sb-vitest/deps/formik.js?v=6f093980:3190:18)
    at RenderedRoute (http://localhost:63315/node_modules/.cache/storybook/10.5.10/d089ae206bd7a58edd27e2b4d3689eedc26f6a98c46b1c5d1ba852a9c5dce8b8/sb-vitest/deps/react-router.js?v=e6e31490:4139:26)
    at RenderErrorBoundary (http://localhost:63315/node_modules/.cache/storybook/10.5.10/d089ae206bd7a58edd27e2b4d3689eedc26f6a98c46b1c5d1ba852a9c5dce8b8/sb-vitest/deps/react-router.js?v=e6e31490:4073:3)
    at DataRoutes2 (http://localhost:63315/node_modules/.cache/storybook/10.5.10/d089ae206bd7a58edd27e2b4d3689eedc26f6a98c46b1c5d1ba852a9c5dce8b8/sb-vitest/deps/react-router.js?v=e6e31490:4706:24)
    at Router (http://localhost:63315/node_modules/.cache/storybook/10.5.10/d089ae206bd7a58edd27e2b4d3689eedc26f6a98c46b1c5d1ba852a9c5dce8b8/sb-vitest/deps/react-router.js?v=e6e31490:4771:29)
    at RouterProvider (http://localhost:63315/node_modules/.cache/storybook/10.5.10/d089ae206bd7a58edd27e2b4d3689eedc26f6a98c46b1c5d1ba852a9c5dce8b8/sb-vitest/deps/react-router.js?v=e6e31490:4516:27)
    at unboundStoryFn (http://localhost:63315/node_modules/.cache/storybook/10.5.10/d089ae206bd7a58edd27e2b4d3689eedc26f6a98c46b1c5d1ba852a9c5dce8b8/sb-vitest/deps/csf-B8OjfbGV.js?v=d4d00fa8:8788:243)
10:55:15 am [vite] [31m[2m(client)[22m[39m [2m[console.error] [22mWarning: An update to null inside a test was not wrapped in act(...).

When testing, code that causes React state updates should be wrapped into act(...):

act(() => {
  /* fire events that update state */
});
/* assert on the output */

This ensures that you're testing the behavior the user would see in the browser. Learn more at https://reactjs.org/link/wrap-tests-with-act
    at Gt (http://localhost:63315/node_modules/.cache/storybook/10.5.10/d089ae206bd7a58edd27e2b4d3689eedc26f6a98c46b1c5d1ba852a9c5dce8b8/sb-vitest/deps/react-datepicker.js?v=6b802a38:24789:37)
    at n (http://localhost:63315/node_modules/.cache/storybook/10.5.10/d089ae206bd7a58edd27e2b4d3689eedc26f6a98c46b1c5d1ba852a9c5dce8b8/sb-vitest/deps/react-datepicker.js?v=6b802a38:24806:15)
    at div
    at CustomDatePicker (http://localhost:63315/ClientApp/src/components/Inputs/DatePicker/CustomDatePicker.tsx:10:10)
    at DatePicker (http://localhost:63315/ClientApp/src/components/Inputs/DatePicker/index.tsx:10:10)
    at div
    at http://localhost:63315/node_modules/.cache/storybook/10.5.10/d089ae206bd7a58edd27e2b4d3689eedc26f6a98c46b1c5d1ba852a9c5dce8b8/sb-vitest/deps/react-bootstrap_Row.js?v=edf1b346:10:52
    at InstrumentAndRequest (http://localhost:63315/ClientApp/src/routes/requestForQuote/instrumentAndRequest.tsx:49:10)
    at hookified (http://localhost:63315/node_modules/.cache/storybook/10.5.10/d089ae206bd7a58edd27e2b4d3689eedc26f6a98c46b1c5d1ba852a9c5dce8b8/sb-vitest/deps/csf-B8OjfbGV.js?v=d4d00fa8:8281:9)
    at form
    at http://localhost:63315/node_modules/.cache/storybook/10.5.10/d089ae206bd7a58edd27e2b4d3689eedc26f6a98c46b1c5d1ba852a9c5dce8b8/sb-vitest/deps/formik.js?v=6f093980:3385:21
    at Formik (http://localhost:63315/node_modules/.cache/storybook/10.5.10/d089ae206bd7a58edd27e2b4d3689eedc26f6a98c46b1c5d1ba852a9c5dce8b8/sb-vitest/deps/formik.js?v=6f093980:3190:18)
    at RenderedRoute (http://localhost:63315/node_modules/.cache/storybook/10.5.10/d089ae206bd7a58edd27e2b4d3689eedc26f6a98c46b1c5d1ba852a9c5dce8b8/sb-vitest/deps/react-router.js?v=e6e31490:4139:26)
    at RenderErrorBoundary (http://localhost:63315/node_modules/.cache/storybook/10.5.10/d089ae206bd7a58edd27e2b4d3689eedc26f6a98c46b1c5d1ba852a9c5dce8b8/sb-vitest/deps/react-router.js?v=e6e31490:4073:3)
    at DataRoutes2 (http://localhost:63315/node_modules/.cache/storybook/10.5.10/d089ae206bd7a58edd27e2b4d3689eedc26f6a98c46b1c5d1ba852a9c5dce8b8/sb-vitest/deps/react-router.js?v=e6e31490:4706:24)
    at Router (http://localhost:63315/node_modules/.cache/storybook/10.5.10/d089ae206bd7a58edd27e2b4d3689eedc26f6a98c46b1c5d1ba852a9c5dce8b8/sb-vitest/deps/react-router.js?v=e6e31490:4771:29)
    at RouterProvider (http://localhost:63315/node_modules/.cache/storybook/10.5.10/d089ae206bd7a58edd27e2b4d3689eedc26f6a98c46b1c5d1ba852a9c5dce8b8/sb-vitest/deps/react-router.js?v=e6e31490:4516:27)
    at unboundStoryFn (http://localhost:63315/node_modules/.cache/storybook/10.5.10/d089ae206bd7a58edd27e2b4d3689eedc26f6a98c46b1c5d1ba852a9c5dce8b8/sb-vitest/deps/csf-B8OjfbGV.js?v=d4d00fa8:8788:243)
10:55:15 am [vite] [31m[2m(client)[22m[39m [2m[console.error] [22mWarning: An update to null inside a test was not wrapped in act(...).

When testing, code that causes React state updates should be wrapped into act(...):

act(() => {
  /* fire events that update state */
});
/* assert on the output */

This ensures that you're testing the behavior the user would see in the browser. Learn more at https://reactjs.org/link/wrap-tests-with-act
    at Gt (http://localhost:63315/node_modules/.cache/storybook/10.5.10/d089ae206bd7a58edd27e2b4d3689eedc26f6a98c46b1c5d1ba852a9c5dce8b8/sb-vitest/deps/react-datepicker.js?v=6b802a38:24789:37)
    at n (http://localhost:63315/node_modules/.cache/storybook/10.5.10/d089ae206bd7a58edd27e2b4d3689eedc26f6a98c46b1c5d1ba852a9c5dce8b8/sb-vitest/deps/react-datepicker.js?v=6b802a38:24806:15)
    at div
    at CustomDatePicker (http://localhost:63315/ClientApp/src/components/Inputs/DatePicker/CustomDatePicker.tsx:10:10)
    at DatePicker (http://localhost:63315/ClientApp/src/components/Inputs/DatePicker/index.tsx:10:10)
    at div
    at http://localhost:63315/node_modules/.cache/storybook/10.5.10/d089ae206bd7a58edd27e2b4d3689eedc26f6a98c46b1c5d1ba852a9c5dce8b8/sb-vitest/deps/react-bootstrap_Row.js?v=edf1b346:10:52
    at InstrumentAndRequest (http://localhost:63315/ClientApp/src/routes/requestForQuote/instrumentAndRequest.tsx:49:10)
    at hookified (http://localhost:63315/node_modules/.cache/storybook/10.5.10/d089ae206bd7a58edd27e2b4d3689eedc26f6a98c46b1c5d1ba852a9c5dce8b8/sb-vitest/deps/csf-B8OjfbGV.js?v=d4d00fa8:8281:9)
    at form
    at http://localhost:63315/node_modules/.cache/storybook/10.5.10/d089ae206bd7a58edd27e2b4d3689eedc26f6a98c46b1c5d1ba852a9c5dce8b8/sb-vitest/deps/formik.js?v=6f093980:3385:21
    at Formik (http://localhost:63315/node_modules/.cache/storybook/10.5.10/d089ae206bd7a58edd27e2b4d3689eedc26f6a98c46b1c5d1ba852a9c5dce8b8/sb-vitest/deps/formik.js?v=6f093980:3190:18)
    at RenderedRoute (http://localhost:63315/node_modules/.cache/storybook/10.5.10/d089ae206bd7a58edd27e2b4d3689eedc26f6a98c46b1c5d1ba852a9c5dce8b8/sb-vitest/deps/react-router.js?v=e6e31490:4139:26)
    at RenderErrorBoundary (http://localhost:63315/node_modules/.cache/storybook/10.5.10/d089ae206bd7a58edd27e2b4d3689eedc26f6a98c46b1c5d1ba852a9c5dce8b8/sb-vitest/deps/react-router.js?v=e6e31490:4073:3)
    at DataRoutes2 (http://localhost:63315/node_modules/.cache/storybook/10.5.10/d089ae206bd7a58edd27e2b4d3689eedc26f6a98c46b1c5d1ba852a9c5dce8b8/sb-vitest/deps/react-router.js?v=e6e31490:4706:24)
    at Router (http://localhost:63315/node_modules/.cache/storybook/10.5.10/d089ae206bd7a58edd27e2b4d3689eedc26f6a98c46b1c5d1ba852a9c5dce8b8/sb-vitest/deps/react-router.js?v=e6e31490:4771:29)
    at RouterProvider (http://localhost:63315/node_modules/.cache/storybook/10.5.10/d089ae206bd7a58edd27e2b4d3689eedc26f6a98c46b1c5d1ba852a9c5dce8b8/sb-vitest/deps/react-router.js?v=e6e31490:4516:27)
    at unboundStoryFn (http://localhost:63315/node_modules/.cache/storybook/10.5.10/d089ae206bd7a58edd27e2b4d3689eedc26f6a98c46b1c5d1ba852a9c5dce8b8/sb-vitest/deps/csf-B8OjfbGV.js?v=d4d00fa8:8788:243)
10:55:15 am [vite] [31m[2m(client)[22m[39m [2m[console.error] [22mWarning: An update to HidableField inside a test was not wrapped in act(...).

When testing, code that causes React state updates should be wrapped into act(...):

act(() => {
  /* fire events that update state */
});
/* assert on the output */

This ensures that you're testing the behavior the user would see in the browser. Learn more at https://reactjs.org/link/wrap-tests-with-act
    at HidableField (http://localhost:63315/ClientApp/src/components/forms/HidableField/index.tsx:7:41)
    at div
    at http://localhost:63315/node_modules/.cache/storybook/10.5.10/d089ae206bd7a58edd27e2b4d3689eedc26f6a98c46b1c5d1ba852a9c5dce8b8/sb-vitest/deps/react-bootstrap_Row.js?v=edf1b346:10:52
    at InstrumentAndRequest (http://localhost:63315/ClientApp/src/routes/requestForQuote/instrumentAndRequest.tsx:49:10)
    at hookified (http://localhost:63315/node_modules/.cache/storybook/10.5.10/d089ae206bd7a58edd27e2b4d3689eedc26f6a98c46b1c5d1ba852a9c5dce8b8/sb-vitest/deps/csf-B8OjfbGV.js?v=d4d00fa8:8281:9)
    at form
    at http://localhost:63315/node_modules/.cache/storybook/10.5.10/d089ae206bd7a58edd27e2b4d3689eedc26f6a98c46b1c5d1ba852a9c5dce8b8/sb-vitest/deps/formik.js?v=6f093980:3385:21
    at Formik (http://localhost:63315/node_modules/.cache/storybook/10.5.10/d089ae206bd7a58edd27e2b4d3689eedc26f6a98c46b1c5d1ba852a9c5dce8b8/sb-vitest/deps/formik.js?v=6f093980:3190:18)
    at RenderedRoute (http://localhost:63315/node_modules/.cache/storybook/10.5.10/d089ae206bd7a58edd27e2b4d3689eedc26f6a98c46b1c5d1ba852a9c5dce8b8/sb-vitest/deps/react-router.js?v=e6e31490:4139:26)
    at RenderErrorBoundary (http://localhost:63315/node_modules/.cache/storybook/10.5.10/d089ae206bd7a58edd27e2b4d3689eedc26f6a98c46b1c5d1ba852a9c5dce8b8/sb-vitest/deps/react-router.js?v=e6e31490:4073:3)
    at DataRoutes2 (http://localhost:63315/node_modules/.cache/storybook/10.5.10/d089ae206bd7a58edd27e2b4d3689eedc26f6a98c46b1c5d1ba852a9c5dce8b8/sb-vitest/deps/react-router.js?v=e6e31490:4706:24)
    at Router (http://localhost:63315/node_modules/.cache/storybook/10.5.10/d089ae206bd7a58edd27e2b4d3689eedc26f6a98c46b1c5d1ba852a9c5dce8b8/sb-vitest/deps/react-router.js?v=e6e31490:4771:29)
    at RouterProvider (http://localhost:63315/node_modules/.cache/storybook/10.5.10/d089ae206bd7a58edd27e2b4d3689eedc26f6a98c46b1c5d1ba852a9c5dce8b8/sb-vitest/deps/react-router.js?v=e6e31490:4516:27)
    at unboundStoryFn (http://localhost:63315/node_modules/.cache/storybook/10.5.10/d089ae206bd7a58edd27e2b4d3689eedc26f6a98c46b1c5d1ba852a9c5dce8b8/sb-vitest/deps/csf-B8OjfbGV.js?v=d4d00fa8:8788:243)
10:55:15 am [vite] [31m[2m(client)[22m[39m [2m[console.error] [22mWarning: An update to NumberFormatBase inside a test was not wrapped in act(...).

When testing, code that causes React state updates should be wrapped into act(...):

act(() => {
  /* fire events that update state */
});
/* assert on the output */

This ensures that you're testing the behavior the user would see in the browser. Learn more at https://reactjs.org/link/wrap-tests-with-act
    at NumberFormatBase (http://localhost:63315/node_modules/.cache/storybook/10.5.10/d089ae206bd7a58edd27e2b4d3689eedc26f6a98c46b1c5d1ba852a9c5dce8b8/sb-vitest/deps/react-number-format.js?v=4fe07ce9:398:19)
    at NumericFormat (http://localhost:63315/node_modules/.cache/storybook/10.5.10/d089ae206bd7a58edd27e2b4d3689eedc26f6a98c46b1c5d1ba852a9c5dce8b8/sb-vitest/deps/react-number-format.js?v=4fe07ce9:1024:27)
    at div
    at http://localhost:63315/node_modules/.cache/storybook/10.5.10/d089ae206bd7a58edd27e2b4d3689eedc26f6a98c46b1c5d1ba852a9c5dce8b8/sb-vitest/deps/Form-Bhe6QYJ3.js?v=d4d00fa8:208:58
    at NumberInput (http://localhost:63315/ClientApp/src/components/Inputs/NumberInput/index.tsx:11:24)
    at div
    at http://localhost:63315/node_modules/.cache/storybook/10.5.10/d089ae206bd7a58edd27e2b4d3689eedc26f6a98c46b1c5d1ba852a9c5dce8b8/sb-vitest/deps/react-bootstrap_Row.js?v=edf1b346:10:52
    at InstrumentAndRequest (http://localhost:63315/ClientApp/src/routes/requestForQuote/instrumentAndRequest.tsx:49:10)
    at hookified (http://localhost:63315/node_modules/.cache/storybook/10.5.10/d089ae206bd7a58edd27e2b4d3689eedc26f6a98c46b1c5d1ba852a9c5dce8b8/sb-vitest/deps/csf-B8OjfbGV.js?v=d4d00fa8:8281:9)
    at form
    at http://localhost:63315/node_modules/.cache/storybook/10.5.10/d089ae206bd7a58edd27e2b4d3689eedc26f6a98c46b1c5d1ba852a9c5dce8b8/sb-vitest/deps/formik.js?v=6f093980:3385:21
    at Formik (http://localhost:63315/node_modules/.cache/storybook/10.5.10/d089ae206bd7a58edd27e2b4d3689eedc26f6a98c46b1c5d1ba852a9c5dce8b8/sb-vitest/deps/formik.js?v=6f093980:3190:18)
    at RenderedRoute (http://localhost:63315/node_modules/.cache/storybook/10.5.10/d089ae206bd7a58edd27e2b4d3689eedc26f6a98c46b1c5d1ba852a9c5dce8b8/sb-vitest/deps/react-router.js?v=e6e31490:4139:26)
    at RenderErrorBoundary (http://localhost:63315/node_modules/.cache/storybook/10.5.10/d089ae206bd7a58edd27e2b4d3689eedc26f6a98c46b1c5d1ba852a9c5dce8b8/sb-vitest/deps/react-router.js?v=e6e31490:4073:3)
    at DataRoutes2 (http://localhost:63315/node_modules/.cache/storybook/10.5.10/d089ae206bd7a58edd27e2b4d3689eedc26f6a98c46b1c5d1ba852a9c5dce8b8/sb-vitest/deps/react-router.js?v=e6e31490:4706:24)
    at Router (http://localhost:63315/node_modules/.cache/storybook/10.5.10/d089ae206bd7a58edd27e2b4d3689eedc26f6a98c46b1c5d1ba852a9c5dce8b8/sb-vitest/deps/react-router.js?v=e6e31490:4771:29)
    at RouterProvider (http://localhost:63315/node_modules/.cache/storybook/10.5.10/d089ae206bd7a58edd27e2b4d3689eedc26f6a98c46b1c5d1ba852a9c5dce8b8/sb-vitest/deps/react-router.js?v=e6e31490:4516:27)
    at unboundStoryFn (http://localhost:63315/node_modules/.cache/storybook/10.5.10/d089ae206bd7a58edd27e2b4d3689eedc26f6a98c46b1c5d1ba852a9c5dce8b8/sb-vitest/deps/csf-B8OjfbGV.js?v=d4d00fa8:8788:243)
10:55:15 am [vite] [31m[2m(client)[22m[39m [2m[console.error] [22mWarning: An update to DatePicker inside a test was not wrapped in act(...).

When testing, code that causes React state updates should be wrapped into act(...):

act(() => {
  /* fire events that update state */
});
/* assert on the output */

This ensures that you're testing the behavior the user would see in the browser. Learn more at https://reactjs.org/link/wrap-tests-with-act
    at DatePicker (http://localhost:63315/ClientApp/src/components/Inputs/DatePicker/index.tsx:10:10)
    at div
    at http://localhost:63315/node_modules/.cache/storybook/10.5.10/d089ae206bd7a58edd27e2b4d3689eedc26f6a98c46b1c5d1ba852a9c5dce8b8/sb-vitest/deps/react-bootstrap_Row.js?v=edf1b346:10:52
    at InstrumentAndRequest (http://localhost:63315/ClientApp/src/routes/requestForQuote/instrumentAndRequest.tsx:49:10)
    at hookified (http://localhost:63315/node_modules/.cache/storybook/10.5.10/d089ae206bd7a58edd27e2b4d3689eedc26f6a98c46b1c5d1ba852a9c5dce8b8/sb-vitest/deps/csf-B8OjfbGV.js?v=d4d00fa8:8281:9)
    at form
    at http://localhost:63315/node_modules/.cache/storybook/10.5.10/d089ae206bd7a58edd27e2b4d3689eedc26f6a98c46b1c5d1ba852a9c5dce8b8/sb-vitest/deps/formik.js?v=6f093980:3385:21
    at Formik (http://localhost:63315/node_modules/.cache/storybook/10.5.10/d089ae206bd7a58edd27e2b4d3689eedc26f6a98c46b1c5d1ba852a9c5dce8b8/sb-vitest/deps/formik.js?v=6f093980:3190:18)
    at RenderedRoute (http://localhost:63315/node_modules/.cache/storybook/10.5.10/d089ae206bd7a58edd27e2b4d3689eedc26f6a98c46b1c5d1ba852a9c5dce8b8/sb-vitest/deps/react-router.js?v=e6e31490:4139:26)
    at RenderErrorBoundary (http://localhost:63315/node_modules/.cache/storybook/10.5.10/d089ae206bd7a58edd27e2b4d3689eedc26f6a98c46b1c5d1ba852a9c5dce8b8/sb-vitest/deps/react-router.js?v=e6e31490:4073:3)
    at DataRoutes2 (http://localhost:63315/node_modules/.cache/storybook/10.5.10/d089ae206bd7a58edd27e2b4d3689eedc26f6a98c46b1c5d1ba852a9c5dce8b8/sb-vitest/deps/react-router.js?v=e6e31490:4706:24)
    at Router (http://localhost:63315/node_modules/.cache/storybook/10.5.10/d089ae206bd7a58edd27e2b4d3689eedc26f6a98c46b1c5d1ba852a9c5dce8b8/sb-vitest/deps/react-router.js?v=e6e31490:4771:29)
    at RouterProvider (http://localhost:63315/node_modules/.cache/storybook/10.5.10/d089ae206bd7a58edd27e2b4d3689eedc26f6a98c46b1c5d1ba852a9c5dce8b8/sb-vitest/deps/react-router.js?v=e6e31490:4516:27)
    at unboundStoryFn (http://localhost:63315/node_modules/.cache/storybook/10.5.10/d089ae206bd7a58edd27e2b4d3689eedc26f6a98c46b1c5d1ba852a9c5dce8b8/sb-vitest/deps/csf-B8OjfbGV.js?v=d4d00fa8:8788:243)
10:55:15 am [vite] [31m[2m(client)[22m[39m [2m[console.error] [22mWarning: An update to n inside a test was not wrapped in act(...).

When testing, code that causes React state updates should be wrapped into act(...):

act(() => {
  /* fire events that update state */
});
/* assert on the output */

This ensures that you're testing the behavior the user would see in the browser. Learn more at https://reactjs.org/link/wrap-tests-with-act
    at n (http://localhost:63315/node_modules/.cache/storybook/10.5.10/d089ae206bd7a58edd27e2b4d3689eedc26f6a98c46b1c5d1ba852a9c5dce8b8/sb-vitest/deps/react-datepicker.js?v=6b802a38:24806:15)
    at div
    at CustomDatePicker (http://localhost:63315/ClientApp/src/components/Inputs/DatePicker/CustomDatePicker.tsx:10:10)
    at DatePicker (http://localhost:63315/ClientApp/src/components/Inputs/DatePicker/index.tsx:10:10)
    at div
    at http://localhost:63315/node_modules/.cache/storybook/10.5.10/d089ae206bd7a58edd27e2b4d3689eedc26f6a98c46b1c5d1ba852a9c5dce8b8/sb-vitest/deps/react-bootstrap_Row.js?v=edf1b346:10:52
    at InstrumentAndRequest (http://localhost:63315/ClientApp/src/routes/requestForQuote/instrumentAndRequest.tsx:49:10)
    at hookified (http://localhost:63315/node_modules/.cache/storybook/10.5.10/d089ae206bd7a58edd27e2b4d3689eedc26f6a98c46b1c5d1ba852a9c5dce8b8/sb-vitest/deps/csf-B8OjfbGV.js?v=d4d00fa8:8281:9)
    at form
    at http://localhost:63315/node_modules/.cache/storybook/10.5.10/d089ae206bd7a58edd27e2b4d3689eedc26f6a98c46b1c5d1ba852a9c5dce8b8/sb-vitest/deps/formik.js?v=6f093980:3385:21
    at Formik (http://localhost:63315/node_modules/.cache/storybook/10.5.10/d089ae206bd7a58edd27e2b4d3689eedc26f6a98c46b1c5d1ba852a9c5dce8b8/sb-vitest/deps/formik.js?v=6f093980:3190:18)
    at RenderedRoute (http://localhost:63315/node_modules/.cache/storybook/10.5.10/d089ae206bd7a58edd27e2b4d3689eedc26f6a98c46b1c5d1ba852a9c5dce8b8/sb-vitest/deps/react-router.js?v=e6e31490:4139:26)
    at RenderErrorBoundary (http://localhost:63315/node_modules/.cache/storybook/10.5.10/d089ae206bd7a58edd27e2b4d3689eedc26f6a98c46b1c5d1ba852a9c5dce8b8/sb-vitest/deps/react-router.js?v=e6e31490:4073:3)
    at DataRoutes2 (http://localhost:63315/node_modules/.cache/storybook/10.5.10/d089ae206bd7a58edd27e2b4d3689eedc26f6a98c46b1c5d1ba852a9c5dce8b8/sb-vitest/deps/react-router.js?v=e6e31490:4706:24)
    at Router (http://localhost:63315/node_modules/.cache/storybook/10.5.10/d089ae206bd7a58edd27e2b4d3689eedc26f6a98c46b1c5d1ba852a9c5dce8b8/sb-vitest/deps/react-router.js?v=e6e31490:4771:29)
    at RouterProvider (http://localhost:63315/node_modules/.cache/storybook/10.5.10/d089ae206bd7a58edd27e2b4d3689eedc26f6a98c46b1c5d1ba852a9c5dce8b8/sb-vitest/deps/react-router.js?v=e6e31490:4516:27)
    at unboundStoryFn (http://localhost:63315/node_modules/.cache/storybook/10.5.10/d089ae206bd7a58edd27e2b4d3689eedc26f6a98c46b1c5d1ba852a9c5dce8b8/sb-vitest/deps/csf-B8OjfbGV.js?v=d4d00fa8:8788:243)
10:55:15 am [vite] [31m[2m(client)[22m[39m [2m[console.error] [22mWarning: An update to CustomDatePicker inside a test was not wrapped in act(...).

When testing, code that causes React state updates should be wrapped into act(...):

act(() => {
  /* fire events that update state */
});
/* assert on the output */

This ensures that you're testing the behavior the user would see in the browser. Learn more at https://reactjs.org/link/wrap-tests-with-act
    at CustomDatePicker (http://localhost:63315/ClientApp/src/components/Inputs/DatePicker/CustomDatePicker.tsx:10:10)
    at DatePicker (http://localhost:63315/ClientApp/src/components/Inputs/DatePicker/index.tsx:10:10)
    at div
    at http://localhost:63315/node_modules/.cache/storybook/10.5.10/d089ae206bd7a58edd27e2b4d3689eedc26f6a98c46b1c5d1ba852a9c5dce8b8/sb-vitest/deps/react-bootstrap_Row.js?v=edf1b346:10:52
    at InstrumentAndRequest (http://localhost:63315/ClientApp/src/routes/requestForQuote/instrumentAndRequest.tsx:49:10)
    at hookified (http://localhost:63315/node_modules/.cache/storybook/10.5.10/d089ae206bd7a58edd27e2b4d3689eedc26f6a98c46b1c5d1ba852a9c5dce8b8/sb-vitest/deps/csf-B8OjfbGV.js?v=d4d00fa8:8281:9)
    at form
    at http://localhost:63315/node_modules/.cache/storybook/10.5.10/d089ae206bd7a58edd27e2b4d3689eedc26f6a98c46b1c5d1ba852a9c5dce8b8/sb-vitest/deps/formik.js?v=6f093980:3385:21
    at Formik (http://localhost:63315/node_modules/.cache/storybook/10.5.10/d089ae206bd7a58edd27e2b4d3689eedc26f6a98c46b1c5d1ba852a9c5dce8b8/sb-vitest/deps/formik.js?v=6f093980:3190:18)
    at RenderedRoute (http://localhost:63315/node_modules/.cache/storybook/10.5.10/d089ae206bd7a58edd27e2b4d3689eedc26f6a98c46b1c5d1ba852a9c5dce8b8/sb-vitest/deps/react-router.js?v=e6e31490:4139:26)
    at RenderErrorBoundary (http://localhost:63315/node_modules/.cache/storybook/10.5.10/d089ae206bd7a58edd27e2b4d3689eedc26f6a98c46b1c5d1ba852a9c5dce8b8/sb-vitest/deps/react-router.js?v=e6e31490:4073:3)
    at DataRoutes2 (http://localhost:63315/node_modules/.cache/storybook/10.5.10/d089ae206bd7a58edd27e2b4d3689eedc26f6a98c46b1c5d1ba852a9c5dce8b8/sb-vitest/deps/react-router.js?v=e6e31490:4706:24)
    at Router (http://localhost:63315/node_modules/.cache/storybook/10.5.10/d089ae206bd7a58edd27e2b4d3689eedc26f6a98c46b1c5d1ba852a9c5dce8b8/sb-vitest/deps/react-router.js?v=e6e31490:4771:29)
    at RouterProvider (http://localhost:63315/node_modules/.cache/storybook/10.5.10/d089ae206bd7a58edd27e2b4d3689eedc26f6a98c46b1c5d1ba852a9c5dce8b8/sb-vitest/deps/react-router.js?v=e6e31490:4516:27)
    at unboundStoryFn (http://localhost:63315/node_modules/.cache/storybook/10.5.10/d089ae206bd7a58edd27e2b4d3689eedc26f6a98c46b1c5d1ba852a9c5dce8b8/sb-vitest/deps/csf-B8OjfbGV.js?v=d4d00fa8:8788:243)
10:55:15 am [vite] [31m[2m(client)[22m[39m [2m[console.error] [22mWarning: An update to n inside a test was not wrapped in act(...).

When testing, code that causes React state updates should be wrapped into act(...):

act(() => {
  /* fire events that update state */
});
/* assert on the output */

This ensures that you're testing the behavior the user would see in the browser. Learn more at https://reactjs.org/link/wrap-tests-with-act
    at n (http://localhost:63315/node_modules/.cache/storybook/10.5.10/d089ae206bd7a58edd27e2b4d3689eedc26f6a98c46b1c5d1ba852a9c5dce8b8/sb-vitest/deps/react-datepicker.js?v=6b802a38:24806:15)
    at div
    at CustomDatePicker (http://localhost:63315/ClientApp/src/components/Inputs/DatePicker/CustomDatePicker.tsx:10:10)
    at DatePicker (http://localhost:63315/ClientApp/src/components/Inputs/DatePicker/index.tsx:10:10)
    at div
    at http://localhost:63315/node_modules/.cache/storybook/10.5.10/d089ae206bd7a58edd27e2b4d3689eedc26f6a98c46b1c5d1ba852a9c5dce8b8/sb-vitest/deps/react-bootstrap_Row.js?v=edf1b346:10:52
    at InstrumentAndRequest (http://localhost:63315/ClientApp/src/routes/requestForQuote/instrumentAndRequest.tsx:49:10)
    at hookified (http://localhost:63315/node_modules/.cache/storybook/10.5.10/d089ae206bd7a58edd27e2b4d3689eedc26f6a98c46b1c5d1ba852a9c5dce8b8/sb-vitest/deps/csf-B8OjfbGV.js?v=d4d00fa8:8281:9)
    at form
    at http://localhost:63315/node_modules/.cache/storybook/10.5.10/d089ae206bd7a58edd27e2b4d3689eedc26f6a98c46b1c5d1ba852a9c5dce8b8/sb-vitest/deps/formik.js?v=6f093980:3385:21
    at Formik (http://localhost:63315/node_modules/.cache/storybook/10.5.10/d089ae206bd7a58edd27e2b4d3689eedc26f6a98c46b1c5d1ba852a9c5dce8b8/sb-vitest/deps/formik.js?v=6f093980:3190:18)
    at RenderedRoute (http://localhost:63315/node_modules/.cache/storybook/10.5.10/d089ae206bd7a58edd27e2b4d3689eedc26f6a98c46b1c5d1ba852a9c5dce8b8/sb-vitest/deps/react-router.js?v=e6e31490:4139:26)
    at RenderErrorBoundary (http://localhost:63315/node_modules/.cache/storybook/10.5.10/d089ae206bd7a58edd27e2b4d3689eedc26f6a98c46b1c5d1ba852a9c5dce8b8/sb-vitest/deps/react-router.js?v=e6e31490:4073:3)
    at DataRoutes2 (http://localhost:63315/node_modules/.cache/storybook/10.5.10/d089ae206bd7a58edd27e2b4d3689eedc26f6a98c46b1c5d1ba852a9c5dce8b8/sb-vitest/deps/react-router.js?v=e6e31490:4706:24)
    at Router (http://localhost:63315/node_modules/.cache/storybook/10.5.10/d089ae206bd7a58edd27e2b4d3689eedc26f6a98c46b1c5d1ba852a9c5dce8b8/sb-vitest/deps/react-router.js?v=e6e31490:4771:29)
    at RouterProvider (http://localhost:63315/node_modules/.cache/storybook/10.5.10/d089ae206bd7a58edd27e2b4d3689eedc26f6a98c46b1c5d1ba852a9c5dce8b8/sb-vitest/deps/react-router.js?v=e6e31490:4516:27)
    at unboundStoryFn (http://localhost:63315/node_modules/.cache/storybook/10.5.10/d089ae206bd7a58edd27e2b4d3689eedc26f6a98c46b1c5d1ba852a9c5dce8b8/sb-vitest/deps/csf-B8OjfbGV.js?v=d4d00fa8:8788:243)
10:55:15 am [vite] [31m[2m(client)[22m[39m [2m[console.error] [22mWarning: An update to n inside a test was not wrapped in act(...).

When testing, code that causes React state updates should be wrapped into act(...):

act(() => {
  /* fire events that update state */
});
/* assert on the output */

This ensures that you're testing the behavior the user would see in the browser. Learn more at https://reactjs.org/link/wrap-tests-with-act
    at n (http://localhost:63315/node_modules/.cache/storybook/10.5.10/d089ae206bd7a58edd27e2b4d3689eedc26f6a98c46b1c5d1ba852a9c5dce8b8/sb-vitest/deps/react-datepicker.js?v=6b802a38:24806:15)
    at div
    at CustomDatePicker (http://localhost:63315/ClientApp/src/components/Inputs/DatePicker/CustomDatePicker.tsx:10:10)
    at DatePicker (http://localhost:63315/ClientApp/src/components/Inputs/DatePicker/index.tsx:10:10)
    at div
    at http://localhost:63315/node_modules/.cache/storybook/10.5.10/d089ae206bd7a58edd27e2b4d3689eedc26f6a98c46b1c5d1ba852a9c5dce8b8/sb-vitest/deps/react-bootstrap_Row.js?v=edf1b346:10:52
    at InstrumentAndRequest (http://localhost:63315/ClientApp/src/routes/requestForQuote/instrumentAndRequest.tsx:49:10)
    at hookified (http://localhost:63315/node_modules/.cache/storybook/10.5.10/d089ae206bd7a58edd27e2b4d3689eedc26f6a98c46b1c5d1ba852a9c5dce8b8/sb-vitest/deps/csf-B8OjfbGV.js?v=d4d00fa8:8281:9)
    at form
    at http://localhost:63315/node_modules/.cache/storybook/10.5.10/d089ae206bd7a58edd27e2b4d3689eedc26f6a98c46b1c5d1ba852a9c5dce8b8/sb-vitest/deps/formik.js?v=6f093980:3385:21
    at Formik (http://localhost:63315/node_modules/.cache/storybook/10.5.10/d089ae206bd7a58edd27e2b4d3689eedc26f6a98c46b1c5d1ba852a9c5dce8b8/sb-vitest/deps/formik.js?v=6f093980:3190:18)
    at RenderedRoute (http://localhost:63315/node_modules/.cache/storybook/10.5.10/d089ae206bd7a58edd27e2b4d3689eedc26f6a98c46b1c5d1ba852a9c5dce8b8/sb-vitest/deps/react-router.js?v=e6e31490:4139:26)
    at RenderErrorBoundary (http://localhost:63315/node_modules/.cache/storybook/10.5.10/d089ae206bd7a58edd27e2b4d3689eedc26f6a98c46b1c5d1ba852a9c5dce8b8/sb-vitest/deps/react-router.js?v=e6e31490:4073:3)
    at DataRoutes2 (http://localhost:63315/node_modules/.cache/storybook/10.5.10/d089ae206bd7a58edd27e2b4d3689eedc26f6a98c46b1c5d1ba852a9c5dce8b8/sb-vitest/deps/react-router.js?v=e6e31490:4706:24)
    at Router (http://localhost:63315/node_modules/.cache/storybook/10.5.10/d089ae206bd7a58edd27e2b4d3689eedc26f6a98c46b1c5d1ba852a9c5dce8b8/sb-vitest/deps/react-router.js?v=e6e31490:4771:29)
    at RouterProvider (http://localhost:63315/node_modules/.cache/storybook/10.5.10/d089ae206bd7a58edd27e2b4d3689eedc26f6a98c46b1c5d1ba852a9c5dce8b8/sb-vitest/deps/react-router.js?v=e6e31490:4516:27)
    at unboundStoryFn (http://localhost:63315/node_modules/.cache/storybook/10.5.10/d089ae206bd7a58edd27e2b4d3689eedc26f6a98c46b1c5d1ba852a9c5dce8b8/sb-vitest/deps/csf-B8OjfbGV.js?v=d4d00fa8:8788:243)
stderr | ClientApp/src/routes/acceptQuote/AcceptQuote.stories.tsx > Payment Details Step
Warning: An update to ReportRecipient inside a test was not wrapped in act(...).

When testing, code that causes React state updates should be wrapped into act(...):

act(() => {
  /* fire events that update state */
});
/* assert on the output */

This ensures that you're testing the behavior the user would see in the browser. Learn more at https://reactjs.org/link/wrap-tests-with-act
    at ReportRecipient (http://localhost:63315/ClientApp/src/routes/acceptQuote/reportRecipient.tsx:23:10)
    at hookified (http://localhost:63315/node_modules/.cache/storybook/10.5.10/d089ae206bd7a58edd27e2b4d3689eedc26f6a98c46b1c5d1ba852a9c5dce8b8/sb-vitest/deps/csf-B8OjfbGV.js?v=d4d00fa8:8281:9)
    at form
    at http://localhost:63315/node_modules/.cache/storybook/10.5.10/d089ae206bd7a58edd27e2b4d3689eedc26f6a98c46b1c5d1ba852a9c5dce8b8/sb-vitest/deps/formik.js?v=6f093980:3385:21
    at Formik (http://localhost:63315/node_modules/.cache/storybook/10.5.10/d089ae206bd7a58edd27e2b4d3689eedc26f6a98c46b1c5d1ba852a9c5dce8b8/sb-vitest/deps/formik.js?v=6f093980:3190:18)
    at RenderedRoute (http://localhost:63315/node_modules/.cache/storybook/10.5.10/d089ae206bd7a58edd27e2b4d3689eedc26f6a98c46b1c5d1ba852a9c5dce8b8/sb-vitest/deps/react-router.js?v=e6e31490:4139:26)
    at RenderErrorBoundary (http://localhost:63315/node_modules/.cache/storybook/10.5.10/d089ae206bd7a58edd27e2b4d3689eedc26f6a98c46b1c5d1ba852a9c5dce8b8/sb-vitest/deps/react-router.js?v=e6e31490:4073:3)
    at DataRoutes2 (http://localhost:63315/node_modules/.cache/storybook/10.5.10/d089ae206bd7a58edd27e2b4d3689eedc26f6a98c46b1c5d1ba852a9c5dce8b8/sb-vitest/deps/react-router.js?v=e6e31490:4706:24)
    at Router (http://localhost:63315/node_modules/.cache/storybook/10.5.10/d089ae206bd7a58edd27e2b4d3689eedc26f6a98c46b1c5d1ba852a9c5dce8b8/sb-vitest/deps/react-router.js?v=e6e31490:4771:29)
    at RouterProvider (http://localhost:63315/node_modules/.cache/storybook/10.5.10/d089ae206bd7a58edd27e2b4d3689eedc26f6a98c46b1c5d1ba852a9c5dce8b8/sb-vitest/deps/react-router.js?v=e6e31490:4516:27)
    at unboundStoryFn (http://localhost:63315/node_modules/.cache/storybook/10.5.10/d089ae206bd7a58edd27e2b4d3689eedc26f6a98c46b1c5d1ba852a9c5dce8b8/sb-vitest/deps/csf-B8OjfbGV.js?v=d4d00fa8:8788:243)
stderr | ClientApp/src/routes/acceptQuote/AcceptQuote.stories.tsx > Payment Details Step
Warning: An update to ReportRecipient inside a test was not wrapped in act(...).

When testing, code that causes React state updates should be wrapped into act(...):

act(() => {
  /* fire events that update state */
});
/* assert on the output */

This ensures that you're testing the behavior the user would see in the browser. Learn more at https://reactjs.org/link/wrap-tests-with-act
    at ReportRecipient (http://localhost:63315/ClientApp/src/routes/acceptQuote/reportRecipient.tsx:23:10)
    at hookified (http://localhost:63315/node_modules/.cache/storybook/10.5.10/d089ae206bd7a58edd27e2b4d3689eedc26f6a98c46b1c5d1ba852a9c5dce8b8/sb-vitest/deps/csf-B8OjfbGV.js?v=d4d00fa8:8281:9)
    at form
    at http://localhost:63315/node_modules/.cache/storybook/10.5.10/d089ae206bd7a58edd27e2b4d3689eedc26f6a98c46b1c5d1ba852a9c5dce8b8/sb-vitest/deps/formik.js?v=6f093980:3385:21
    at Formik (http://localhost:63315/node_modules/.cache/storybook/10.5.10/d089ae206bd7a58edd27e2b4d3689eedc26f6a98c46b1c5d1ba852a9c5dce8b8/sb-vitest/deps/formik.js?v=6f093980:3190:18)
    at RenderedRoute (http://localhost:63315/node_modules/.cache/storybook/10.5.10/d089ae206bd7a58edd27e2b4d3689eedc26f6a98c46b1c5d1ba852a9c5dce8b8/sb-vitest/deps/react-router.js?v=e6e31490:4139:26)
    at RenderErrorBoundary (http://localhost:63315/node_modules/.cache/storybook/10.5.10/d089ae206bd7a58edd27e2b4d3689eedc26f6a98c46b1c5d1ba852a9c5dce8b8/sb-vitest/deps/react-router.js?v=e6e31490:4073:3)
    at DataRoutes2 (http://localhost:63315/node_modules/.cache/storybook/10.5.10/d089ae206bd7a58edd27e2b4d3689eedc26f6a98c46b1c5d1ba852a9c5dce8b8/sb-vitest/deps/react-router.js?v=e6e31490:4706:24)
    at Router (http://localhost:63315/node_modules/.cache/storybook/10.5.10/d089ae206bd7a58edd27e2b4d3689eedc26f6a98c46b1c5d1ba852a9c5dce8b8/sb-vitest/deps/react-router.js?v=e6e31490:4771:29)
    at RouterProvider (http://localhost:63315/node_modules/.cache/storybook/10.5.10/d089ae206bd7a58edd27e2b4d3689eedc26f6a98c46b1c5d1ba852a9c5dce8b8/sb-vitest/deps/react-router.js?v=e6e31490:4516:27)
    at unboundStoryFn (http://localhost:63315/node_modules/.cache/storybook/10.5.10/d089ae206bd7a58edd27e2b4d3689eedc26f6a98c46b1c5d1ba852a9c5dce8b8/sb-vitest/deps/csf-B8OjfbGV.js?v=d4d00fa8:8788:243)
stderr | ClientApp/src/routes/acceptQuote/AcceptQuote.stories.tsx > Payment Details Step
Warning: An update to ReportRecipient inside a test was not wrapped in act(...).

When testing, code that causes React state updates should be wrapped into act(...):

act(() => {
  /* fire events that update state */
});
/* assert on the output */

This ensures that you're testing the behavior the user would see in the browser. Learn more at https://reactjs.org/link/wrap-tests-with-act
    at ReportRecipient (http://localhost:63315/ClientApp/src/routes/acceptQuote/reportRecipient.tsx:23:10)
    at hookified (http://localhost:63315/node_modules/.cache/storybook/10.5.10/d089ae206bd7a58edd27e2b4d3689eedc26f6a98c46b1c5d1ba852a9c5dce8b8/sb-vitest/deps/csf-B8OjfbGV.js?v=d4d00fa8:8281:9)
    at form
    at http://localhost:63315/node_modules/.cache/storybook/10.5.10/d089ae206bd7a58edd27e2b4d3689eedc26f6a98c46b1c5d1ba852a9c5dce8b8/sb-vitest/deps/formik.js?v=6f093980:3385:21
    at Formik (http://localhost:63315/node_modules/.cache/storybook/10.5.10/d089ae206bd7a58edd27e2b4d3689eedc26f6a98c46b1c5d1ba852a9c5dce8b8/sb-vitest/deps/formik.js?v=6f093980:3190:18)
    at RenderedRoute (http://localhost:63315/node_modules/.cache/storybook/10.5.10/d089ae206bd7a58edd27e2b4d3689eedc26f6a98c46b1c5d1ba852a9c5dce8b8/sb-vitest/deps/react-router.js?v=e6e31490:4139:26)
    at RenderErrorBoundary (http://localhost:63315/node_modules/.cache/storybook/10.5.10/d089ae206bd7a58edd27e2b4d3689eedc26f6a98c46b1c5d1ba852a9c5dce8b8/sb-vitest/deps/react-router.js?v=e6e31490:4073:3)
    at DataRoutes2 (http://localhost:63315/node_modules/.cache/storybook/10.5.10/d089ae206bd7a58edd27e2b4d3689eedc26f6a98c46b1c5d1ba852a9c5dce8b8/sb-vitest/deps/react-router.js?v=e6e31490:4706:24)
    at Router (http://localhost:63315/node_modules/.cache/storybook/10.5.10/d089ae206bd7a58edd27e2b4d3689eedc26f6a98c46b1c5d1ba852a9c5dce8b8/sb-vitest/deps/react-router.js?v=e6e31490:4771:29)
    at RouterProvider (http://localhost:63315/node_modules/.cache/storybook/10.5.10/d089ae206bd7a58edd27e2b4d3689eedc26f6a98c46b1c5d1ba852a9c5dce8b8/sb-vitest/deps/react-router.js?v=e6e31490:4516:27)
    at unboundStoryFn (http://localhost:63315/node_modules/.cache/storybook/10.5.10/d089ae206bd7a58edd27e2b4d3689eedc26f6a98c46b1c5d1ba852a9c5dce8b8/sb-vitest/deps/csf-B8OjfbGV.js?v=d4d00fa8:8788:243)
stderr | ClientApp/src/routes/acceptQuote/AcceptQuote.stories.tsx > Payment Details Step
Warning: An update to ReportRecipient inside a test was not wrapped in act(...).

When testing, code that causes React state updates should be wrapped into act(...):

act(() => {
  /* fire events that update state */
});
/* assert on the output */

This ensures that you're testing the behavior the user would see in the browser. Learn more at https://reactjs.org/link/wrap-tests-with-act
    at ReportRecipient (http://localhost:63315/ClientApp/src/routes/acceptQuote/reportRecipient.tsx:23:10)
    at hookified (http://localhost:63315/node_modules/.cache/storybook/10.5.10/d089ae206bd7a58edd27e2b4d3689eedc26f6a98c46b1c5d1ba852a9c5dce8b8/sb-vitest/deps/csf-B8OjfbGV.js?v=d4d00fa8:8281:9)
    at form
    at http://localhost:63315/node_modules/.cache/storybook/10.5.10/d089ae206bd7a58edd27e2b4d3689eedc26f6a98c46b1c5d1ba852a9c5dce8b8/sb-vitest/deps/formik.js?v=6f093980:3385:21
    at Formik (http://localhost:63315/node_modules/.cache/storybook/10.5.10/d089ae206bd7a58edd27e2b4d3689eedc26f6a98c46b1c5d1ba852a9c5dce8b8/sb-vitest/deps/formik.js?v=6f093980:3190:18)
    at RenderedRoute (http://localhost:63315/node_modules/.cache/storybook/10.5.10/d089ae206bd7a58edd27e2b4d3689eedc26f6a98c46b1c5d1ba852a9c5dce8b8/sb-vitest/deps/react-router.js?v=e6e31490:4139:26)
    at RenderErrorBoundary (http://localhost:63315/node_modules/.cache/storybook/10.5.10/d089ae206bd7a58edd27e2b4d3689eedc26f6a98c46b1c5d1ba852a9c5dce8b8/sb-vitest/deps/react-router.js?v=e6e31490:4073:3)
    at DataRoutes2 (http://localhost:63315/node_modules/.cache/storybook/10.5.10/d089ae206bd7a58edd27e2b4d3689eedc26f6a98c46b1c5d1ba852a9c5dce8b8/sb-vitest/deps/react-router.js?v=e6e31490:4706:24)
    at Router (http://localhost:63315/node_modules/.cache/storybook/10.5.10/d089ae206bd7a58edd27e2b4d3689eedc26f6a98c46b1c5d1ba852a9c5dce8b8/sb-vitest/deps/react-router.js?v=e6e31490:4771:29)
    at RouterProvider (http://localhost:63315/node_modules/.cache/storybook/10.5.10/d089ae206bd7a58edd27e2b4d3689eedc26f6a98c46b1c5d1ba852a9c5dce8b8/sb-vitest/deps/react-router.js?v=e6e31490:4516:27)
    at unboundStoryFn (http://localhost:63315/node_modules/.cache/storybook/10.5.10/d089ae206bd7a58edd27e2b4d3689eedc26f6a98c46b1c5d1ba852a9c5dce8b8/sb-vitest/deps/csf-B8OjfbGV.js?v=d4d00fa8:8788:243)
stderr | ClientApp/src/routes/acceptQuote/AcceptQuote.stories.tsx > Payment Details Postpaid
Warning: An update to PaymentDetails inside a test was not wrapped in act(...).

When testing, code that causes React state updates should be wrapped into act(...):

act(() => {
  /* fire events that update state */
});
/* assert on the output */

This ensures that you're testing the behavior the user would see in the browser. Learn more at https://reactjs.org/link/wrap-tests-with-act
    at PaymentDetails (http://localhost:63315/ClientApp/src/routes/acceptQuote/paymentDetails.tsx:21:10)
    at hookified (http://localhost:63315/node_modules/.cache/storybook/10.5.10/d089ae206bd7a58edd27e2b4d3689eedc26f6a98c46b1c5d1ba852a9c5dce8b8/sb-vitest/deps/csf-B8OjfbGV.js?v=d4d00fa8:8281:9)
    at form
    at http://localhost:63315/node_modules/.cache/storybook/10.5.10/d089ae206bd7a58edd27e2b4d3689eedc26f6a98c46b1c5d1ba852a9c5dce8b8/sb-vitest/deps/formik.js?v=6f093980:3385:21
    at Formik (http://localhost:63315/node_modules/.cache/storybook/10.5.10/d089ae206bd7a58edd27e2b4d3689eedc26f6a98c46b1c5d1ba852a9c5dce8b8/sb-vitest/deps/formik.js?v=6f093980:3190:18)
    at RenderedRoute (http://localhost:63315/node_modules/.cache/storybook/10.5.10/d089ae206bd7a58edd27e2b4d3689eedc26f6a98c46b1c5d1ba852a9c5dce8b8/sb-vitest/deps/react-router.js?v=e6e31490:4139:26)
    at RenderErrorBoundary (http://localhost:63315/node_modules/.cache/storybook/10.5.10/d089ae206bd7a58edd27e2b4d3689eedc26f6a98c46b1c5d1ba852a9c5dce8b8/sb-vitest/deps/react-router.js?v=e6e31490:4073:3)
    at DataRoutes2 (http://localhost:63315/node_modules/.cache/storybook/10.5.10/d089ae206bd7a58edd27e2b4d3689eedc26f6a98c46b1c5d1ba852a9c5dce8b8/sb-vitest/deps/react-router.js?v=e6e31490:4706:24)
    at Router (http://localhost:63315/node_modules/.cache/storybook/10.5.10/d089ae206bd7a58edd27e2b4d3689eedc26f6a98c46b1c5d1ba852a9c5dce8b8/sb-vitest/deps/react-router.js?v=e6e31490:4771:29)
    at RouterProvider (http://localhost:63315/node_modules/.cache/storybook/10.5.10/d089ae206bd7a58edd27e2b4d3689eedc26f6a98c46b1c5d1ba852a9c5dce8b8/sb-vitest/deps/react-router.js?v=e6e31490:4516:27)
    at unboundStoryFn (http://localhost:63315/node_modules/.cache/storybook/10.5.10/d089ae206bd7a58edd27e2b4d3689eedc26f6a98c46b1c5d1ba852a9c5dce8b8/sb-vitest/deps/csf-B8OjfbGV.js?v=d4d00fa8:8788:243)
stderr | ClientApp/src/routes/acceptQuote/AcceptQuote.stories.tsx > Payment Details Postpaid
Warning: An update to PaymentDetails inside a test was not wrapped in act(...).

When testing, code that causes React state updates should be wrapped into act(...):

act(() => {
  /* fire events that update state */
});
/* assert on the output */

This ensures that you're testing the behavior the user would see in the browser. Learn more at https://reactjs.org/link/wrap-tests-with-act
    at PaymentDetails (http://localhost:63315/ClientApp/src/routes/acceptQuote/paymentDetails.tsx:21:10)
    at hookified (http://localhost:63315/node_modules/.cache/storybook/10.5.10/d089ae206bd7a58edd27e2b4d3689eedc26f6a98c46b1c5d1ba852a9c5dce8b8/sb-vitest/deps/csf-B8OjfbGV.js?v=d4d00fa8:8281:9)
    at form
    at http://localhost:63315/node_modules/.cache/storybook/10.5.10/d089ae206bd7a58edd27e2b4d3689eedc26f6a98c46b1c5d1ba852a9c5dce8b8/sb-vitest/deps/formik.js?v=6f093980:3385:21
    at Formik (http://localhost:63315/node_modules/.cache/storybook/10.5.10/d089ae206bd7a58edd27e2b4d3689eedc26f6a98c46b1c5d1ba852a9c5dce8b8/sb-vitest/deps/formik.js?v=6f093980:3190:18)
    at RenderedRoute (http://localhost:63315/node_modules/.cache/storybook/10.5.10/d089ae206bd7a58edd27e2b4d3689eedc26f6a98c46b1c5d1ba852a9c5dce8b8/sb-vitest/deps/react-router.js?v=e6e31490:4139:26)
    at RenderErrorBoundary (http://localhost:63315/node_modules/.cache/storybook/10.5.10/d089ae206bd7a58edd27e2b4d3689eedc26f6a98c46b1c5d1ba852a9c5dce8b8/sb-vitest/deps/react-router.js?v=e6e31490:4073:3)
    at DataRoutes2 (http://localhost:63315/node_modules/.cache/storybook/10.5.10/d089ae206bd7a58edd27e2b4d3689eedc26f6a98c46b1c5d1ba852a9c5dce8b8/sb-vitest/deps/react-router.js?v=e6e31490:4706:24)
    at Router (http://localhost:63315/node_modules/.cache/storybook/10.5.10/d089ae206bd7a58edd27e2b4d3689eedc26f6a98c46b1c5d1ba852a9c5dce8b8/sb-vitest/deps/react-router.js?v=e6e31490:4771:29)
    at RouterProvider (http://localhost:63315/node_modules/.cache/storybook/10.5.10/d089ae206bd7a58edd27e2b4d3689eedc26f6a98c46b1c5d1ba852a9c5dce8b8/sb-vitest/deps/react-router.js?v=e6e31490:4516:27)
    at unboundStoryFn (http://localhost:63315/node_modules/.cache/storybook/10.5.10/d089ae206bd7a58edd27e2b4d3689eedc26f6a98c46b1c5d1ba852a9c5dce8b8/sb-vitest/deps/csf-B8OjfbGV.js?v=d4d00fa8:8788:243)
stderr | ClientApp/src/routes/acceptQuote/AcceptQuote.stories.tsx > Delivery And Return Step
Warning: An update to PaymentDetails inside a test was not wrapped in act(...).

When testing, code that causes React state updates should be wrapped into act(...):

act(() => {
  /* fire events that update state */
});
/* assert on the output */

This ensures that you're testing the behavior the user would see in the browser. Learn more at https://reactjs.org/link/wrap-tests-with-act
    at PaymentDetails (http://localhost:63315/ClientApp/src/routes/acceptQuote/paymentDetails.tsx:21:10)
    at hookified (http://localhost:63315/node_modules/.cache/storybook/10.5.10/d089ae206bd7a58edd27e2b4d3689eedc26f6a98c46b1c5d1ba852a9c5dce8b8/sb-vitest/deps/csf-B8OjfbGV.js?v=d4d00fa8:8281:9)
    at form
    at http://localhost:63315/node_modules/.cache/storybook/10.5.10/d089ae206bd7a58edd27e2b4d3689eedc26f6a98c46b1c5d1ba852a9c5dce8b8/sb-vitest/deps/formik.js?v=6f093980:3385:21
    at Formik (http://localhost:63315/node_modules/.cache/storybook/10.5.10/d089ae206bd7a58edd27e2b4d3689eedc26f6a98c46b1c5d1ba852a9c5dce8b8/sb-vitest/deps/formik.js?v=6f093980:3190:18)
    at RenderedRoute (http://localhost:63315/node_modules/.cache/storybook/10.5.10/d089ae206bd7a58edd27e2b4d3689eedc26f6a98c46b1c5d1ba852a9c5dce8b8/sb-vitest/deps/react-router.js?v=e6e31490:4139:26)
    at RenderErrorBoundary (http://localhost:63315/node_modules/.cache/storybook/10.5.10/d089ae206bd7a58edd27e2b4d3689eedc26f6a98c46b1c5d1ba852a9c5dce8b8/sb-vitest/deps/react-router.js?v=e6e31490:4073:3)
    at DataRoutes2 (http://localhost:63315/node_modules/.cache/storybook/10.5.10/d089ae206bd7a58edd27e2b4d3689eedc26f6a98c46b1c5d1ba852a9c5dce8b8/sb-vitest/deps/react-router.js?v=e6e31490:4706:24)
    at Router (http://localhost:63315/node_modules/.cache/storybook/10.5.10/d089ae206bd7a58edd27e2b4d3689eedc26f6a98c46b1c5d1ba852a9c5dce8b8/sb-vitest/deps/react-router.js?v=e6e31490:4771:29)
    at RouterProvider (http://localhost:63315/node_modules/.cache/storybook/10.5.10/d089ae206bd7a58edd27e2b4d3689eedc26f6a98c46b1c5d1ba852a9c5dce8b8/sb-vitest/deps/react-router.js?v=e6e31490:4516:27)
    at unboundStoryFn (http://localhost:63315/node_modules/.cache/storybook/10.5.10/d089ae206bd7a58edd27e2b4d3689eedc26f6a98c46b1c5d1ba852a9c5dce8b8/sb-vitest/deps/csf-B8OjfbGV.js?v=d4d00fa8:8788:243)
stderr | ClientApp/src/routes/acceptQuote/AcceptQuote.stories.tsx > Delivery And Return Step
Warning: An update to PaymentDetails inside a test was not wrapped in act(...).

When testing, code that causes React state updates should be wrapped into act(...):

act(() => {
  /* fire events that update state */
});
/* assert on the output */

This ensures that you're testing the behavior the user would see in the browser. Learn more at https://reactjs.org/link/wrap-tests-with-act
    at PaymentDetails (http://localhost:63315/ClientApp/src/routes/acceptQuote/paymentDetails.tsx:21:10)
    at hookified (http://localhost:63315/node_modules/.cache/storybook/10.5.10/d089ae206bd7a58edd27e2b4d3689eedc26f6a98c46b1c5d1ba852a9c5dce8b8/sb-vitest/deps/csf-B8OjfbGV.js?v=d4d00fa8:8281:9)
    at form
    at http://localhost:63315/node_modules/.cache/storybook/10.5.10/d089ae206bd7a58edd27e2b4d3689eedc26f6a98c46b1c5d1ba852a9c5dce8b8/sb-vitest/deps/formik.js?v=6f093980:3385:21
    at Formik (http://localhost:63315/node_modules/.cache/storybook/10.5.10/d089ae206bd7a58edd27e2b4d3689eedc26f6a98c46b1c5d1ba852a9c5dce8b8/sb-vitest/deps/formik.js?v=6f093980:3190:18)
    at RenderedRoute (http://localhost:63315/node_modules/.cache/storybook/10.5.10/d089ae206bd7a58edd27e2b4d3689eedc26f6a98c46b1c5d1ba852a9c5dce8b8/sb-vitest/deps/react-router.js?v=e6e31490:4139:26)
    at RenderErrorBoundary (http://localhost:63315/node_modules/.cache/storybook/10.5.10/d089ae206bd7a58edd27e2b4d3689eedc26f6a98c46b1c5d1ba852a9c5dce8b8/sb-vitest/deps/react-router.js?v=e6e31490:4073:3)
    at DataRoutes2 (http://localhost:63315/node_modules/.cache/storybook/10.5.10/d089ae206bd7a58edd27e2b4d3689eedc26f6a98c46b1c5d1ba852a9c5dce8b8/sb-vitest/deps/react-router.js?v=e6e31490:4706:24)
    at Router (http://localhost:63315/node_modules/.cache/storybook/10.5.10/d089ae206bd7a58edd27e2b4d3689eedc26f6a98c46b1c5d1ba852a9c5dce8b8/sb-vitest/deps/react-router.js?v=e6e31490:4771:29)
    at RouterProvider (http://localhost:63315/node_modules/.cache/storybook/10.5.10/d089ae206bd7a58edd27e2b4d3689eedc26f6a98c46b1c5d1ba852a9c5dce8b8/sb-vitest/deps/react-router.js?v=e6e31490:4516:27)
    at unboundStoryFn (http://localhost:63315/node_modules/.cache/storybook/10.5.10/d089ae206bd7a58edd27e2b4d3689eedc26f6a98c46b1c5d1ba852a9c5dce8b8/sb-vitest/deps/csf-B8OjfbGV.js?v=d4d00fa8:8788:243)
10:55:15 am [vite] [31m[2m(client)[22m[39m [2m[console.error] [22mWarning: An update to ReportRecipient inside a test was not wrapped in act(...).

When testing, code that causes React state updates should be wrapped into act(...):

act(() => {
  /* fire events that update state */
});
/* assert on the output */

This ensures that you're testing the behavior the user would see in the browser. Learn more at https://reactjs.org/link/wrap-tests-with-act
    at ReportRecipient (http://localhost:63315/ClientApp/src/routes/acceptQuote/reportRecipient.tsx:23:10)
    at hookified (http://localhost:63315/node_modules/.cache/storybook/10.5.10/d089ae206bd7a58edd27e2b4d3689eedc26f6a98c46b1c5d1ba852a9c5dce8b8/sb-vitest/deps/csf-B8OjfbGV.js?v=d4d00fa8:8281:9)
    at form
    at http://localhost:63315/node_modules/.cache/storybook/10.5.10/d089ae206bd7a58edd27e2b4d3689eedc26f6a98c46b1c5d1ba852a9c5dce8b8/sb-vitest/deps/formik.js?v=6f093980:3385:21
    at Formik (http://localhost:63315/node_modules/.cache/storybook/10.5.10/d089ae206bd7a58edd27e2b4d3689eedc26f6a98c46b1c5d1ba852a9c5dce8b8/sb-vitest/deps/formik.js?v=6f093980:3190:18)
    at RenderedRoute (http://localhost:63315/node_modules/.cache/storybook/10.5.10/d089ae206bd7a58edd27e2b4d3689eedc26f6a98c46b1c5d1ba852a9c5dce8b8/sb-vitest/deps/react-router.js?v=e6e31490:4139:26)
    at RenderErrorBoundary (http://localhost:63315/node_modules/.cache/storybook/10.5.10/d089ae206bd7a58edd27e2b4d3689eedc26f6a98c46b1c5d1ba852a9c5dce8b8/sb-vitest/deps/react-router.js?v=e6e31490:4073:3)
    at DataRoutes2 (http://localhost:63315/node_modules/.cache/storybook/10.5.10/d089ae206bd7a58edd27e2b4d3689eedc26f6a98c46b1c5d1ba852a9c5dce8b8/sb-vitest/deps/react-router.js?v=e6e31490:4706:24)
    at Router (http://localhost:63315/node_modules/.cache/storybook/10.5.10/d089ae206bd7a58edd27e2b4d3689eedc26f6a98c46b1c5d1ba852a9c5dce8b8/sb-vitest/deps/react-router.js?v=e6e31490:4771:29)
    at RouterProvider (http://localhost:63315/node_modules/.cache/storybook/10.5.10/d089ae206bd7a58edd27e2b4d3689eedc26f6a98c46b1c5d1ba852a9c5dce8b8/sb-vitest/deps/react-router.js?v=e6e31490:4516:27)
    at unboundStoryFn (http://localhost:63315/node_modules/.cache/storybook/10.5.10/d089ae206bd7a58edd27e2b4d3689eedc26f6a98c46b1c5d1ba852a9c5dce8b8/sb-vitest/deps/csf-B8OjfbGV.js?v=d4d00fa8:8788:243)
10:55:15 am [vite] [31m[2m(client)[22m[39m [2m[console.error] [22mWarning: An update to ReportRecipient inside a test was not wrapped in act(...).

When testing, code that causes React state updates should be wrapped into act(...):

act(() => {
  /* fire events that update state */
});
/* assert on the output */

This ensures that you're testing the behavior the user would see in the browser. Learn more at https://reactjs.org/link/wrap-tests-with-act
    at ReportRecipient (http://localhost:63315/ClientApp/src/routes/acceptQuote/reportRecipient.tsx:23:10)
    at hookified (http://localhost:63315/node_modules/.cache/storybook/10.5.10/d089ae206bd7a58edd27e2b4d3689eedc26f6a98c46b1c5d1ba852a9c5dce8b8/sb-vitest/deps/csf-B8OjfbGV.js?v=d4d00fa8:8281:9)
    at form
    at http://localhost:63315/node_modules/.cache/storybook/10.5.10/d089ae206bd7a58edd27e2b4d3689eedc26f6a98c46b1c5d1ba852a9c5dce8b8/sb-vitest/deps/formik.js?v=6f093980:3385:21
    at Formik (http://localhost:63315/node_modules/.cache/storybook/10.5.10/d089ae206bd7a58edd27e2b4d3689eedc26f6a98c46b1c5d1ba852a9c5dce8b8/sb-vitest/deps/formik.js?v=6f093980:3190:18)
    at RenderedRoute (http://localhost:63315/node_modules/.cache/storybook/10.5.10/d089ae206bd7a58edd27e2b4d3689eedc26f6a98c46b1c5d1ba852a9c5dce8b8/sb-vitest/deps/react-router.js?v=e6e31490:4139:26)
    at RenderErrorBoundary (http://localhost:63315/node_modules/.cache/storybook/10.5.10/d089ae206bd7a58edd27e2b4d3689eedc26f6a98c46b1c5d1ba852a9c5dce8b8/sb-vitest/deps/react-router.js?v=e6e31490:4073:3)
    at DataRoutes2 (http://localhost:63315/node_modules/.cache/storybook/10.5.10/d089ae206bd7a58edd27e2b4d3689eedc26f6a98c46b1c5d1ba852a9c5dce8b8/sb-vitest/deps/react-router.js?v=e6e31490:4706:24)
    at Router (http://localhost:63315/node_modules/.cache/storybook/10.5.10/d089ae206bd7a58edd27e2b4d3689eedc26f6a98c46b1c5d1ba852a9c5dce8b8/sb-vitest/deps/react-router.js?v=e6e31490:4771:29)
    at RouterProvider (http://localhost:63315/node_modules/.cache/storybook/10.5.10/d089ae206bd7a58edd27e2b4d3689eedc26f6a98c46b1c5d1ba852a9c5dce8b8/sb-vitest/deps/react-router.js?v=e6e31490:4516:27)
    at unboundStoryFn (http://localhost:63315/node_modules/.cache/storybook/10.5.10/d089ae206bd7a58edd27e2b4d3689eedc26f6a98c46b1c5d1ba852a9c5dce8b8/sb-vitest/deps/csf-B8OjfbGV.js?v=d4d00fa8:8788:243)
10:55:15 am [vite] [31m[2m(client)[22m[39m [2m[console.error] [22mWarning: An update to ReportRecipient inside a test was not wrapped in act(...).

When testing, code that causes React state updates should be wrapped into act(...):

act(() => {
  /* fire events that update state */
});
/* assert on the output */

This ensures that you're testing the behavior the user would see in the browser. Learn more at https://reactjs.org/link/wrap-tests-with-act
    at ReportRecipient (http://localhost:63315/ClientApp/src/routes/acceptQuote/reportRecipient.tsx:23:10)
    at hookified (http://localhost:63315/node_modules/.cache/storybook/10.5.10/d089ae206bd7a58edd27e2b4d3689eedc26f6a98c46b1c5d1ba852a9c5dce8b8/sb-vitest/deps/csf-B8OjfbGV.js?v=d4d00fa8:8281:9)
    at form
    at http://localhost:63315/node_modules/.cache/storybook/10.5.10/d089ae206bd7a58edd27e2b4d3689eedc26f6a98c46b1c5d1ba852a9c5dce8b8/sb-vitest/deps/formik.js?v=6f093980:3385:21
    at Formik (http://localhost:63315/node_modules/.cache/storybook/10.5.10/d089ae206bd7a58edd27e2b4d3689eedc26f6a98c46b1c5d1ba852a9c5dce8b8/sb-vitest/deps/formik.js?v=6f093980:3190:18)
    at RenderedRoute (http://localhost:63315/node_modules/.cache/storybook/10.5.10/d089ae206bd7a58edd27e2b4d3689eedc26f6a98c46b1c5d1ba852a9c5dce8b8/sb-vitest/deps/react-router.js?v=e6e31490:4139:26)
    at RenderErrorBoundary (http://localhost:63315/node_modules/.cache/storybook/10.5.10/d089ae206bd7a58edd27e2b4d3689eedc26f6a98c46b1c5d1ba852a9c5dce8b8/sb-vitest/deps/react-router.js?v=e6e31490:4073:3)
    at DataRoutes2 (http://localhost:63315/node_modules/.cache/storybook/10.5.10/d089ae206bd7a58edd27e2b4d3689eedc26f6a98c46b1c5d1ba852a9c5dce8b8/sb-vitest/deps/react-router.js?v=e6e31490:4706:24)
    at Router (http://localhost:63315/node_modules/.cache/storybook/10.5.10/d089ae206bd7a58edd27e2b4d3689eedc26f6a98c46b1c5d1ba852a9c5dce8b8/sb-vitest/deps/react-router.js?v=e6e31490:4771:29)
    at RouterProvider (http://localhost:63315/node_modules/.cache/storybook/10.5.10/d089ae206bd7a58edd27e2b4d3689eedc26f6a98c46b1c5d1ba852a9c5dce8b8/sb-vitest/deps/react-router.js?v=e6e31490:4516:27)
    at unboundStoryFn (http://localhost:63315/node_modules/.cache/storybook/10.5.10/d089ae206bd7a58edd27e2b4d3689eedc26f6a98c46b1c5d1ba852a9c5dce8b8/sb-vitest/deps/csf-B8OjfbGV.js?v=d4d00fa8:8788:243)
10:55:15 am [vite] [31m[2m(client)[22m[39m [2m[console.error] [22mWarning: An update to ReportRecipient inside a test was not wrapped in act(...).

When testing, code that causes React state updates should be wrapped into act(...):

act(() => {
  /* fire events that update state */
});
/* assert on the output */

This ensures that you're testing the behavior the user would see in the browser. Learn more at https://reactjs.org/link/wrap-tests-with-act
    at ReportRecipient (http://localhost:63315/ClientApp/src/routes/acceptQuote/reportRecipient.tsx:23:10)
    at hookified (http://localhost:63315/node_modules/.cache/storybook/10.5.10/d089ae206bd7a58edd27e2b4d3689eedc26f6a98c46b1c5d1ba852a9c5dce8b8/sb-vitest/deps/csf-B8OjfbGV.js?v=d4d00fa8:8281:9)
    at form
    at http://localhost:63315/node_modules/.cache/storybook/10.5.10/d089ae206bd7a58edd27e2b4d3689eedc26f6a98c46b1c5d1ba852a9c5dce8b8/sb-vitest/deps/formik.js?v=6f093980:3385:21
    at Formik (http://localhost:63315/node_modules/.cache/storybook/10.5.10/d089ae206bd7a58edd27e2b4d3689eedc26f6a98c46b1c5d1ba852a9c5dce8b8/sb-vitest/deps/formik.js?v=6f093980:3190:18)
    at RenderedRoute (http://localhost:63315/node_modules/.cache/storybook/10.5.10/d089ae206bd7a58edd27e2b4d3689eedc26f6a98c46b1c5d1ba852a9c5dce8b8/sb-vitest/deps/react-router.js?v=e6e31490:4139:26)
    at RenderErrorBoundary (http://localhost:63315/node_modules/.cache/storybook/10.5.10/d089ae206bd7a58edd27e2b4d3689eedc26f6a98c46b1c5d1ba852a9c5dce8b8/sb-vitest/deps/react-router.js?v=e6e31490:4073:3)
    at DataRoutes2 (http://localhost:63315/node_modules/.cache/storybook/10.5.10/d089ae206bd7a58edd27e2b4d3689eedc26f6a98c46b1c5d1ba852a9c5dce8b8/sb-vitest/deps/react-router.js?v=e6e31490:4706:24)
    at Router (http://localhost:63315/node_modules/.cache/storybook/10.5.10/d089ae206bd7a58edd27e2b4d3689eedc26f6a98c46b1c5d1ba852a9c5dce8b8/sb-vitest/deps/react-router.js?v=e6e31490:4771:29)
    at RouterProvider (http://localhost:63315/node_modules/.cache/storybook/10.5.10/d089ae206bd7a58edd27e2b4d3689eedc26f6a98c46b1c5d1ba852a9c5dce8b8/sb-vitest/deps/react-router.js?v=e6e31490:4516:27)
    at unboundStoryFn (http://localhost:63315/node_modules/.cache/storybook/10.5.10/d089ae206bd7a58edd27e2b4d3689eedc26f6a98c46b1c5d1ba852a9c5dce8b8/sb-vitest/deps/csf-B8OjfbGV.js?v=d4d00fa8:8788:243)
10:55:15 am [vite] [31m[2m(client)[22m[39m [2m[console.error] [22mWarning: An update to PaymentDetails inside a test was not wrapped in act(...).

When testing, code that causes React state updates should be wrapped into act(...):

act(() => {
  /* fire events that update state */
});
/* assert on the output */

This ensures that you're testing the behavior the user would see in the browser. Learn more at https://reactjs.org/link/wrap-tests-with-act
    at PaymentDetails (http://localhost:63315/ClientApp/src/routes/acceptQuote/paymentDetails.tsx:21:10)
    at hookified (http://localhost:63315/node_modules/.cache/storybook/10.5.10/d089ae206bd7a58edd27e2b4d3689eedc26f6a98c46b1c5d1ba852a9c5dce8b8/sb-vitest/deps/csf-B8OjfbGV.js?v=d4d00fa8:8281:9)
    at form
    at http://localhost:63315/node_modules/.cache/storybook/10.5.10/d089ae206bd7a58edd27e2b4d3689eedc26f6a98c46b1c5d1ba852a9c5dce8b8/sb-vitest/deps/formik.js?v=6f093980:3385:21
    at Formik (http://localhost:63315/node_modules/.cache/storybook/10.5.10/d089ae206bd7a58edd27e2b4d3689eedc26f6a98c46b1c5d1ba852a9c5dce8b8/sb-vitest/deps/formik.js?v=6f093980:3190:18)
    at RenderedRoute (http://localhost:63315/node_modules/.cache/storybook/10.5.10/d089ae206bd7a58edd27e2b4d3689eedc26f6a98c46b1c5d1ba852a9c5dce8b8/sb-vitest/deps/react-router.js?v=e6e31490:4139:26)
    at RenderErrorBoundary (http://localhost:63315/node_modules/.cache/storybook/10.5.10/d089ae206bd7a58edd27e2b4d3689eedc26f6a98c46b1c5d1ba852a9c5dce8b8/sb-vitest/deps/react-router.js?v=e6e31490:4073:3)
    at DataRoutes2 (http://localhost:63315/node_modules/.cache/storybook/10.5.10/d089ae206bd7a58edd27e2b4d3689eedc26f6a98c46b1c5d1ba852a9c5dce8b8/sb-vitest/deps/react-router.js?v=e6e31490:4706:24)
    at Router (http://localhost:63315/node_modules/.cache/storybook/10.5.10/d089ae206bd7a58edd27e2b4d3689eedc26f6a98c46b1c5d1ba852a9c5dce8b8/sb-vitest/deps/react-router.js?v=e6e31490:4771:29)
    at RouterProvider (http://localhost:63315/node_modules/.cache/storybook/10.5.10/d089ae206bd7a58edd27e2b4d3689eedc26f6a98c46b1c5d1ba852a9c5dce8b8/sb-vitest/deps/react-router.js?v=e6e31490:4516:27)
    at unboundStoryFn (http://localhost:63315/node_modules/.cache/storybook/10.5.10/d089ae206bd7a58edd27e2b4d3689eedc26f6a98c46b1c5d1ba852a9c5dce8b8/sb-vitest/deps/csf-B8OjfbGV.js?v=d4d00fa8:8788:243)
10:55:15 am [vite] [31m[2m(client)[22m[39m [2m[console.error] [22mWarning: An update to PaymentDetails inside a test was not wrapped in act(...).

When testing, code that causes React state updates should be wrapped into act(...):

act(() => {
  /* fire events that update state */
});
/* assert on the output */

This ensures that you're testing the behavior the user would see in the browser. Learn more at https://reactjs.org/link/wrap-tests-with-act
    at PaymentDetails (http://localhost:63315/ClientApp/src/routes/acceptQuote/paymentDetails.tsx:21:10)
    at hookified (http://localhost:63315/node_modules/.cache/storybook/10.5.10/d089ae206bd7a58edd27e2b4d3689eedc26f6a98c46b1c5d1ba852a9c5dce8b8/sb-vitest/deps/csf-B8OjfbGV.js?v=d4d00fa8:8281:9)
    at form
    at http://localhost:63315/node_modules/.cache/storybook/10.5.10/d089ae206bd7a58edd27e2b4d3689eedc26f6a98c46b1c5d1ba852a9c5dce8b8/sb-vitest/deps/formik.js?v=6f093980:3385:21
    at Formik (http://localhost:63315/node_modules/.cache/storybook/10.5.10/d089ae206bd7a58edd27e2b4d3689eedc26f6a98c46b1c5d1ba852a9c5dce8b8/sb-vitest/deps/formik.js?v=6f093980:3190:18)
    at RenderedRoute (http://localhost:63315/node_modules/.cache/storybook/10.5.10/d089ae206bd7a58edd27e2b4d3689eedc26f6a98c46b1c5d1ba852a9c5dce8b8/sb-vitest/deps/react-router.js?v=e6e31490:4139:26)
    at RenderErrorBoundary (http://localhost:63315/node_modules/.cache/storybook/10.5.10/d089ae206bd7a58edd27e2b4d3689eedc26f6a98c46b1c5d1ba852a9c5dce8b8/sb-vitest/deps/react-router.js?v=e6e31490:4073:3)
    at DataRoutes2 (http://localhost:63315/node_modules/.cache/storybook/10.5.10/d089ae206bd7a58edd27e2b4d3689eedc26f6a98c46b1c5d1ba852a9c5dce8b8/sb-vitest/deps/react-router.js?v=e6e31490:4706:24)
    at Router (http://localhost:63315/node_modules/.cache/storybook/10.5.10/d089ae206bd7a58edd27e2b4d3689eedc26f6a98c46b1c5d1ba852a9c5dce8b8/sb-vitest/deps/react-router.js?v=e6e31490:4771:29)
    at RouterProvider (http://localhost:63315/node_modules/.cache/storybook/10.5.10/d089ae206bd7a58edd27e2b4d3689eedc26f6a98c46b1c5d1ba852a9c5dce8b8/sb-vitest/deps/react-router.js?v=e6e31490:4516:27)
    at unboundStoryFn (http://localhost:63315/node_modules/.cache/storybook/10.5.10/d089ae206bd7a58edd27e2b4d3689eedc26f6a98c46b1c5d1ba852a9c5dce8b8/sb-vitest/deps/csf-B8OjfbGV.js?v=d4d00fa8:8788:243)
10:55:15 am [vite] [31m[2m(client)[22m[39m [2m[console.error] [22mWarning: An update to PaymentDetails inside a test was not wrapped in act(...).

When testing, code that causes React state updates should be wrapped into act(...):

act(() => {
  /* fire events that update state */
});
/* assert on the output */

This ensures that you're testing the behavior the user would see in the browser. Learn more at https://reactjs.org/link/wrap-tests-with-act
    at PaymentDetails (http://localhost:63315/ClientApp/src/routes/acceptQuote/paymentDetails.tsx:21:10)
    at hookified (http://localhost:63315/node_modules/.cache/storybook/10.5.10/d089ae206bd7a58edd27e2b4d3689eedc26f6a98c46b1c5d1ba852a9c5dce8b8/sb-vitest/deps/csf-B8OjfbGV.js?v=d4d00fa8:8281:9)
    at form
    at http://localhost:63315/node_modules/.cache/storybook/10.5.10/d089ae206bd7a58edd27e2b4d3689eedc26f6a98c46b1c5d1ba852a9c5dce8b8/sb-vitest/deps/formik.js?v=6f093980:3385:21
    at Formik (http://localhost:63315/node_modules/.cache/storybook/10.5.10/d089ae206bd7a58edd27e2b4d3689eedc26f6a98c46b1c5d1ba852a9c5dce8b8/sb-vitest/deps/formik.js?v=6f093980:3190:18)
    at RenderedRoute (http://localhost:63315/node_modules/.cache/storybook/10.5.10/d089ae206bd7a58edd27e2b4d3689eedc26f6a98c46b1c5d1ba852a9c5dce8b8/sb-vitest/deps/react-router.js?v=e6e31490:4139:26)
    at RenderErrorBoundary (http://localhost:63315/node_modules/.cache/storybook/10.5.10/d089ae206bd7a58edd27e2b4d3689eedc26f6a98c46b1c5d1ba852a9c5dce8b8/sb-vitest/deps/react-router.js?v=e6e31490:4073:3)
    at DataRoutes2 (http://localhost:63315/node_modules/.cache/storybook/10.5.10/d089ae206bd7a58edd27e2b4d3689eedc26f6a98c46b1c5d1ba852a9c5dce8b8/sb-vitest/deps/react-router.js?v=e6e31490:4706:24)
    at Router (http://localhost:63315/node_modules/.cache/storybook/10.5.10/d089ae206bd7a58edd27e2b4d3689eedc26f6a98c46b1c5d1ba852a9c5dce8b8/sb-vitest/deps/react-router.js?v=e6e31490:4771:29)
    at RouterProvider (http://localhost:63315/node_modules/.cache/storybook/10.5.10/d089ae206bd7a58edd27e2b4d3689eedc26f6a98c46b1c5d1ba852a9c5dce8b8/sb-vitest/deps/react-router.js?v=e6e31490:4516:27)
    at unboundStoryFn (http://localhost:63315/node_modules/.cache/storybook/10.5.10/d089ae206bd7a58edd27e2b4d3689eedc26f6a98c46b1c5d1ba852a9c5dce8b8/sb-vitest/deps/csf-B8OjfbGV.js?v=d4d00fa8:8788:243)
10:55:15 am [vite] [31m[2m(client)[22m[39m [2m[console.error] [22mWarning: An update to PaymentDetails inside a test was not wrapped in act(...).

When testing, code that causes React state updates should be wrapped into act(...):

act(() => {
  /* fire events that update state */
});
/* assert on the output */

This ensures that you're testing the behavior the user would see in the browser. Learn more at https://reactjs.org/link/wrap-tests-with-act
    at PaymentDetails (http://localhost:63315/ClientApp/src/routes/acceptQuote/paymentDetails.tsx:21:10)
    at hookified (http://localhost:63315/node_modules/.cache/storybook/10.5.10/d089ae206bd7a58edd27e2b4d3689eedc26f6a98c46b1c5d1ba852a9c5dce8b8/sb-vitest/deps/csf-B8OjfbGV.js?v=d4d00fa8:8281:9)
    at form
    at http://localhost:63315/node_modules/.cache/storybook/10.5.10/d089ae206bd7a58edd27e2b4d3689eedc26f6a98c46b1c5d1ba852a9c5dce8b8/sb-vitest/deps/formik.js?v=6f093980:3385:21
    at Formik (http://localhost:63315/node_modules/.cache/storybook/10.5.10/d089ae206bd7a58edd27e2b4d3689eedc26f6a98c46b1c5d1ba852a9c5dce8b8/sb-vitest/deps/formik.js?v=6f093980:3190:18)
    at RenderedRoute (http://localhost:63315/node_modules/.cache/storybook/10.5.10/d089ae206bd7a58edd27e2b4d3689eedc26f6a98c46b1c5d1ba852a9c5dce8b8/sb-vitest/deps/react-router.js?v=e6e31490:4139:26)
    at RenderErrorBoundary (http://localhost:63315/node_modules/.cache/storybook/10.5.10/d089ae206bd7a58edd27e2b4d3689eedc26f6a98c46b1c5d1ba852a9c5dce8b8/sb-vitest/deps/react-router.js?v=e6e31490:4073:3)
    at DataRoutes2 (http://localhost:63315/node_modules/.cache/storybook/10.5.10/d089ae206bd7a58edd27e2b4d3689eedc26f6a98c46b1c5d1ba852a9c5dce8b8/sb-vitest/deps/react-router.js?v=e6e31490:4706:24)
    at Router (http://localhost:63315/node_modules/.cache/storybook/10.5.10/d089ae206bd7a58edd27e2b4d3689eedc26f6a98c46b1c5d1ba852a9c5dce8b8/sb-vitest/deps/react-router.js?v=e6e31490:4771:29)
    at RouterProvider (http://localhost:63315/node_modules/.cache/storybook/10.5.10/d089ae206bd7a58edd27e2b4d3689eedc26f6a98c46b1c5d1ba852a9c5dce8b8/sb-vitest/deps/react-router.js?v=e6e31490:4516:27)
    at unboundStoryFn (http://localhost:63315/node_modules/.cache/storybook/10.5.10/d089ae206bd7a58edd27e2b4d3689eedc26f6a98c46b1c5d1ba852a9c5dce8b8/sb-vitest/deps/csf-B8OjfbGV.js?v=d4d00fa8:8788:243)
 ✓ |storybook (chromium)| ClientApp/src/routes/dashboard/Dashboard.stories.tsx (4 tests) 1620ms
   ✓ Populated  1301ms
 ✓ |storybook (chromium)| ClientApp/src/routes/requestForQuote/RequestForQuote.stories.tsx (4 tests) 2052ms
   ✓ Organisation And Contact Step  1819ms
 ✓ |storybook (chromium)| ClientApp/src/routes/ta/organisationAndContact.stories.tsx (1 test) 2059ms
   ✓ Edit Step  2056ms
10:55:15 am [vite] [31m[2m(client)[22m[39m [2m[console.error] [22mWarning: An update to DeliveryAndReturn inside a test was not wrapped in act(...).

When testing, code that causes React state updates should be wrapped into act(...):

act(() => {
  /* fire events that update state */
});
/* assert on the output */

This ensures that you're testing the behavior the user would see in the browser. Learn more at https://reactjs.org/link/wrap-tests-with-act
    at DeliveryAndReturn (http://localhost:63315/ClientApp/src/routes/acceptQuote/deliveryAndReturn.tsx:29:10)
    at hookified (http://localhost:63315/node_modules/.cache/storybook/10.5.10/d089ae206bd7a58edd27e2b4d3689eedc26f6a98c46b1c5d1ba852a9c5dce8b8/sb-vitest/deps/csf-B8OjfbGV.js?v=d4d00fa8:8281:9)
    at form
    at http://localhost:63315/node_modules/.cache/storybook/10.5.10/d089ae206bd7a58edd27e2b4d3689eedc26f6a98c46b1c5d1ba852a9c5dce8b8/sb-vitest/deps/formik.js?v=6f093980:3385:21
    at Formik (http://localhost:63315/node_modules/.cache/storybook/10.5.10/d089ae206bd7a58edd27e2b4d3689eedc26f6a98c46b1c5d1ba852a9c5dce8b8/sb-vitest/deps/formik.js?v=6f093980:3190:18)
    at RenderedRoute (http://localhost:63315/node_modules/.cache/storybook/10.5.10/d089ae206bd7a58edd27e2b4d3689eedc26f6a98c46b1c5d1ba852a9c5dce8b8/sb-vitest/deps/react-router.js?v=e6e31490:4139:26)
    at RenderErrorBoundary (http://localhost:63315/node_modules/.cache/storybook/10.5.10/d089ae206bd7a58edd27e2b4d3689eedc26f6a98c46b1c5d1ba852a9c5dce8b8/sb-vitest/deps/react-router.js?v=e6e31490:4073:3)
    at DataRoutes2 (http://localhost:63315/node_modules/.cache/storybook/10.5.10/d089ae206bd7a58edd27e2b4d3689eedc26f6a98c46b1c5d1ba852a9c5dce8b8/sb-vitest/deps/react-router.js?v=e6e31490:4706:24)
    at Router (http://localhost:63315/node_modules/.cache/storybook/10.5.10/d089ae206bd7a58edd27e2b4d3689eedc26f6a98c46b1c5d1ba852a9c5dce8b8/sb-vitest/deps/react-router.js?v=e6e31490:4771:29)
    at RouterProvider (http://localhost:63315/node_modules/.cache/storybook/10.5.10/d089ae206bd7a58edd27e2b4d3689eedc26f6a98c46b1c5d1ba852a9c5dce8b8/sb-vitest/deps/react-router.js?v=e6e31490:4516:27)
    at unboundStoryFn (http://localhost:63315/node_modules/.cache/storybook/10.5.10/d089ae206bd7a58edd27e2b4d3689eedc26f6a98c46b1c5d1ba852a9c5dce8b8/sb-vitest/deps/csf-B8OjfbGV.js?v=d4d00fa8:8788:243)
10:55:15 am [vite] [31m[2m(client)[22m[39m [2m[console.error] [22mWarning: An update to DeliveryAndReturn inside a test was not wrapped in act(...).

When testing, code that causes React state updates should be wrapped into act(...):

act(() => {
  /* fire events that update state */
});
/* assert on the output */

This ensures that you're testing the behavior the user would see in the browser. Learn more at https://reactjs.org/link/wrap-tests-with-act
    at DeliveryAndReturn (http://localhost:63315/ClientApp/src/routes/acceptQuote/deliveryAndReturn.tsx:29:10)
    at hookified (http://localhost:63315/node_modules/.cache/storybook/10.5.10/d089ae206bd7a58edd27e2b4d3689eedc26f6a98c46b1c5d1ba852a9c5dce8b8/sb-vitest/deps/csf-B8OjfbGV.js?v=d4d00fa8:8281:9)
    at form
    at http://localhost:63315/node_modules/.cache/storybook/10.5.10/d089ae206bd7a58edd27e2b4d3689eedc26f6a98c46b1c5d1ba852a9c5dce8b8/sb-vitest/deps/formik.js?v=6f093980:3385:21
    at Formik (http://localhost:63315/node_modules/.cache/storybook/10.5.10/d089ae206bd7a58edd27e2b4d3689eedc26f6a98c46b1c5d1ba852a9c5dce8b8/sb-vitest/deps/formik.js?v=6f093980:3190:18)
    at RenderedRoute (http://localhost:63315/node_modules/.cache/storybook/10.5.10/d089ae206bd7a58edd27e2b4d3689eedc26f6a98c46b1c5d1ba852a9c5dce8b8/sb-vitest/deps/react-router.js?v=e6e31490:4139:26)
    at RenderErrorBoundary (http://localhost:63315/node_modules/.cache/storybook/10.5.10/d089ae206bd7a58edd27e2b4d3689eedc26f6a98c46b1c5d1ba852a9c5dce8b8/sb-vitest/deps/react-router.js?v=e6e31490:4073:3)
    at DataRoutes2 (http://localhost:63315/node_modules/.cache/storybook/10.5.10/d089ae206bd7a58edd27e2b4d3689eedc26f6a98c46b1c5d1ba852a9c5dce8b8/sb-vitest/deps/react-router.js?v=e6e31490:4706:24)
    at Router (http://localhost:63315/node_modules/.cache/storybook/10.5.10/d089ae206bd7a58edd27e2b4d3689eedc26f6a98c46b1c5d1ba852a9c5dce8b8/sb-vitest/deps/react-router.js?v=e6e31490:4771:29)
    at RouterProvider (http://localhost:63315/node_modules/.cache/storybook/10.5.10/d089ae206bd7a58edd27e2b4d3689eedc26f6a98c46b1c5d1ba852a9c5dce8b8/sb-vitest/deps/react-router.js?v=e6e31490:4516:27)
    at unboundStoryFn (http://localhost:63315/node_modules/.cache/storybook/10.5.10/d089ae206bd7a58edd27e2b4d3689eedc26f6a98c46b1c5d1ba852a9c5dce8b8/sb-vitest/deps/csf-B8OjfbGV.js?v=d4d00fa8:8788:243)
10:55:15 am [vite] [31m[2m(client)[22m[39m [2m[console.error] [22mWarning: An update to DeliveryAndReturn inside a test was not wrapped in act(...).

When testing, code that causes React state updates should be wrapped into act(...):

act(() => {
  /* fire events that update state */
});
/* assert on the output */

This ensures that you're testing the behavior the user would see in the browser. Learn more at https://reactjs.org/link/wrap-tests-with-act
    at DeliveryAndReturn (http://localhost:63315/ClientApp/src/routes/acceptQuote/deliveryAndReturn.tsx:29:10)
    at hookified (http://localhost:63315/node_modules/.cache/storybook/10.5.10/d089ae206bd7a58edd27e2b4d3689eedc26f6a98c46b1c5d1ba852a9c5dce8b8/sb-vitest/deps/csf-B8OjfbGV.js?v=d4d00fa8:8281:9)
    at form
    at http://localhost:63315/node_modules/.cache/storybook/10.5.10/d089ae206bd7a58edd27e2b4d3689eedc26f6a98c46b1c5d1ba852a9c5dce8b8/sb-vitest/deps/formik.js?v=6f093980:3385:21
    at Formik (http://localhost:63315/node_modules/.cache/storybook/10.5.10/d089ae206bd7a58edd27e2b4d3689eedc26f6a98c46b1c5d1ba852a9c5dce8b8/sb-vitest/deps/formik.js?v=6f093980:3190:18)
    at RenderedRoute (http://localhost:63315/node_modules/.cache/storybook/10.5.10/d089ae206bd7a58edd27e2b4d3689eedc26f6a98c46b1c5d1ba852a9c5dce8b8/sb-vitest/deps/react-router.js?v=e6e31490:4139:26)
    at RenderErrorBoundary (http://localhost:63315/node_modules/.cache/storybook/10.5.10/d089ae206bd7a58edd27e2b4d3689eedc26f6a98c46b1c5d1ba852a9c5dce8b8/sb-vitest/deps/react-router.js?v=e6e31490:4073:3)
    at DataRoutes2 (http://localhost:63315/node_modules/.cache/storybook/10.5.10/d089ae206bd7a58edd27e2b4d3689eedc26f6a98c46b1c5d1ba852a9c5dce8b8/sb-vitest/deps/react-router.js?v=e6e31490:4706:24)
    at Router (http://localhost:63315/node_modules/.cache/storybook/10.5.10/d089ae206bd7a58edd27e2b4d3689eedc26f6a98c46b1c5d1ba852a9c5dce8b8/sb-vitest/deps/react-router.js?v=e6e31490:4771:29)
    at RouterProvider (http://localhost:63315/node_modules/.cache/storybook/10.5.10/d089ae206bd7a58edd27e2b4d3689eedc26f6a98c46b1c5d1ba852a9c5dce8b8/sb-vitest/deps/react-router.js?v=e6e31490:4516:27)
    at unboundStoryFn (http://localhost:63315/node_modules/.cache/storybook/10.5.10/d089ae206bd7a58edd27e2b4d3689eedc26f6a98c46b1c5d1ba852a9c5dce8b8/sb-vitest/deps/csf-B8OjfbGV.js?v=d4d00fa8:8788:243)
10:55:15 am [vite] [31m[2m(client)[22m[39m [2m[console.error] [22mWarning: An update to DeliveryAndReturn inside a test was not wrapped in act(...).

When testing, code that causes React state updates should be wrapped into act(...):

act(() => {
  /* fire events that update state */
});
/* assert on the output */

This ensures that you're testing the behavior the user would see in the browser. Learn more at https://reactjs.org/link/wrap-tests-with-act
    at DeliveryAndReturn (http://localhost:63315/ClientApp/src/routes/acceptQuote/deliveryAndReturn.tsx:29:10)
    at hookified (http://localhost:63315/node_modules/.cache/storybook/10.5.10/d089ae206bd7a58edd27e2b4d3689eedc26f6a98c46b1c5d1ba852a9c5dce8b8/sb-vitest/deps/csf-B8OjfbGV.js?v=d4d00fa8:8281:9)
    at form
    at http://localhost:63315/node_modules/.cache/storybook/10.5.10/d089ae206bd7a58edd27e2b4d3689eedc26f6a98c46b1c5d1ba852a9c5dce8b8/sb-vitest/deps/formik.js?v=6f093980:3385:21
    at Formik (http://localhost:63315/node_modules/.cache/storybook/10.5.10/d089ae206bd7a58edd27e2b4d3689eedc26f6a98c46b1c5d1ba852a9c5dce8b8/sb-vitest/deps/formik.js?v=6f093980:3190:18)
    at RenderedRoute (http://localhost:63315/node_modules/.cache/storybook/10.5.10/d089ae206bd7a58edd27e2b4d3689eedc26f6a98c46b1c5d1ba852a9c5dce8b8/sb-vitest/deps/react-router.js?v=e6e31490:4139:26)
    at RenderErrorBoundary (http://localhost:63315/node_modules/.cache/storybook/10.5.10/d089ae206bd7a58edd27e2b4d3689eedc26f6a98c46b1c5d1ba852a9c5dce8b8/sb-vitest/deps/react-router.js?v=e6e31490:4073:3)
    at DataRoutes2 (http://localhost:63315/node_modules/.cache/storybook/10.5.10/d089ae206bd7a58edd27e2b4d3689eedc26f6a98c46b1c5d1ba852a9c5dce8b8/sb-vitest/deps/react-router.js?v=e6e31490:4706:24)
    at Router (http://localhost:63315/node_modules/.cache/storybook/10.5.10/d089ae206bd7a58edd27e2b4d3689eedc26f6a98c46b1c5d1ba852a9c5dce8b8/sb-vitest/deps/react-router.js?v=e6e31490:4771:29)
    at RouterProvider (http://localhost:63315/node_modules/.cache/storybook/10.5.10/d089ae206bd7a58edd27e2b4d3689eedc26f6a98c46b1c5d1ba852a9c5dce8b8/sb-vitest/deps/react-router.js?v=e6e31490:4516:27)
    at unboundStoryFn (http://localhost:63315/node_modules/.cache/storybook/10.5.10/d089ae206bd7a58edd27e2b4d3689eedc26f6a98c46b1c5d1ba852a9c5dce8b8/sb-vitest/deps/csf-B8OjfbGV.js?v=d4d00fa8:8788:243)
10:55:15 am [vite] [31m[2m(client)[22m[39m [2m[console.error] [22mWarning: An update to DeliveryAndReturn inside a test was not wrapped in act(...).

When testing, code that causes React state updates should be wrapped into act(...):

act(() => {
  /* fire events that update state */
});
/* assert on the output */

This ensures that you're testing the behavior the user would see in the browser. Learn more at https://reactjs.org/link/wrap-tests-with-act
    at DeliveryAndReturn (http://localhost:63315/ClientApp/src/routes/acceptQuote/deliveryAndReturn.tsx:29:10)
    at hookified (http://localhost:63315/node_modules/.cache/storybook/10.5.10/d089ae206bd7a58edd27e2b4d3689eedc26f6a98c46b1c5d1ba852a9c5dce8b8/sb-vitest/deps/csf-B8OjfbGV.js?v=d4d00fa8:8281:9)
    at form
    at http://localhost:63315/node_modules/.cache/storybook/10.5.10/d089ae206bd7a58edd27e2b4d3689eedc26f6a98c46b1c5d1ba852a9c5dce8b8/sb-vitest/deps/formik.js?v=6f093980:3385:21
    at Formik (http://localhost:63315/node_modules/.cache/storybook/10.5.10/d089ae206bd7a58edd27e2b4d3689eedc26f6a98c46b1c5d1ba852a9c5dce8b8/sb-vitest/deps/formik.js?v=6f093980:3190:18)
    at RenderedRoute (http://localhost:63315/node_modules/.cache/storybook/10.5.10/d089ae206bd7a58edd27e2b4d3689eedc26f6a98c46b1c5d1ba852a9c5dce8b8/sb-vitest/deps/react-router.js?v=e6e31490:4139:26)
    at RenderErrorBoundary (http://localhost:63315/node_modules/.cache/storybook/10.5.10/d089ae206bd7a58edd27e2b4d3689eedc26f6a98c46b1c5d1ba852a9c5dce8b8/sb-vitest/deps/react-router.js?v=e6e31490:4073:3)
    at DataRoutes2 (http://localhost:63315/node_modules/.cache/storybook/10.5.10/d089ae206bd7a58edd27e2b4d3689eedc26f6a98c46b1c5d1ba852a9c5dce8b8/sb-vitest/deps/react-router.js?v=e6e31490:4706:24)
    at Router (http://localhost:63315/node_modules/.cache/storybook/10.5.10/d089ae206bd7a58edd27e2b4d3689eedc26f6a98c46b1c5d1ba852a9c5dce8b8/sb-vitest/deps/react-router.js?v=e6e31490:4771:29)
    at RouterProvider (http://localhost:63315/node_modules/.cache/storybook/10.5.10/d089ae206bd7a58edd27e2b4d3689eedc26f6a98c46b1c5d1ba852a9c5dce8b8/sb-vitest/deps/react-router.js?v=e6e31490:4516:27)
    at unboundStoryFn (http://localhost:63315/node_modules/.cache/storybook/10.5.10/d089ae206bd7a58edd27e2b4d3689eedc26f6a98c46b1c5d1ba852a9c5dce8b8/sb-vitest/deps/csf-B8OjfbGV.js?v=d4d00fa8:8788:243)
stderr | ClientApp/src/routes/acceptQuote/AcceptQuote.stories.tsx > Quotation Summary Step
Warning: An update to DeliveryAndReturn inside a test was not wrapped in act(...).

When testing, code that causes React state updates should be wrapped into act(...):

act(() => {
  /* fire events that update state */
});
/* assert on the output */

This ensures that you're testing the behavior the user would see in the browser. Learn more at https://reactjs.org/link/wrap-tests-with-act
    at DeliveryAndReturn (http://localhost:63315/ClientApp/src/routes/acceptQuote/deliveryAndReturn.tsx:29:10)
    at hookified (http://localhost:63315/node_modules/.cache/storybook/10.5.10/d089ae206bd7a58edd27e2b4d3689eedc26f6a98c46b1c5d1ba852a9c5dce8b8/sb-vitest/deps/csf-B8OjfbGV.js?v=d4d00fa8:8281:9)
    at form
    at http://localhost:63315/node_modules/.cache/storybook/10.5.10/d089ae206bd7a58edd27e2b4d3689eedc26f6a98c46b1c5d1ba852a9c5dce8b8/sb-vitest/deps/formik.js?v=6f093980:3385:21
    at Formik (http://localhost:63315/node_modules/.cache/storybook/10.5.10/d089ae206bd7a58edd27e2b4d3689eedc26f6a98c46b1c5d1ba852a9c5dce8b8/sb-vitest/deps/formik.js?v=6f093980:3190:18)
    at RenderedRoute (http://localhost:63315/node_modules/.cache/storybook/10.5.10/d089ae206bd7a58edd27e2b4d3689eedc26f6a98c46b1c5d1ba852a9c5dce8b8/sb-vitest/deps/react-router.js?v=e6e31490:4139:26)
    at RenderErrorBoundary (http://localhost:63315/node_modules/.cache/storybook/10.5.10/d089ae206bd7a58edd27e2b4d3689eedc26f6a98c46b1c5d1ba852a9c5dce8b8/sb-vitest/deps/react-router.js?v=e6e31490:4073:3)
    at DataRoutes2 (http://localhost:63315/node_modules/.cache/storybook/10.5.10/d089ae206bd7a58edd27e2b4d3689eedc26f6a98c46b1c5d1ba852a9c5dce8b8/sb-vitest/deps/react-router.js?v=e6e31490:4706:24)
    at Router (http://localhost:63315/node_modules/.cache/storybook/10.5.10/d089ae206bd7a58edd27e2b4d3689eedc26f6a98c46b1c5d1ba852a9c5dce8b8/sb-vitest/deps/react-router.js?v=e6e31490:4771:29)
    at RouterProvider (http://localhost:63315/node_modules/.cache/storybook/10.5.10/d089ae206bd7a58edd27e2b4d3689eedc26f6a98c46b1c5d1ba852a9c5dce8b8/sb-vitest/deps/react-router.js?v=e6e31490:4516:27)
    at unboundStoryFn (http://localhost:63315/node_modules/.cache/storybook/10.5.10/d089ae206bd7a58edd27e2b4d3689eedc26f6a98c46b1c5d1ba852a9c5dce8b8/sb-vitest/deps/csf-B8OjfbGV.js?v=d4d00fa8:8788:243)
stderr | ClientApp/src/routes/acceptQuote/AcceptQuote.stories.tsx > Quotation Summary Step
Warning: An update to DeliveryAndReturn inside a test was not wrapped in act(...).

When testing, code that causes React state updates should be wrapped into act(...):

act(() => {
  /* fire events that update state */
});
/* assert on the output */

This ensures that you're testing the behavior the user would see in the browser. Learn more at https://reactjs.org/link/wrap-tests-with-act
    at DeliveryAndReturn (http://localhost:63315/ClientApp/src/routes/acceptQuote/deliveryAndReturn.tsx:29:10)
    at hookified (http://localhost:63315/node_modules/.cache/storybook/10.5.10/d089ae206bd7a58edd27e2b4d3689eedc26f6a98c46b1c5d1ba852a9c5dce8b8/sb-vitest/deps/csf-B8OjfbGV.js?v=d4d00fa8:8281:9)
    at form
    at http://localhost:63315/node_modules/.cache/storybook/10.5.10/d089ae206bd7a58edd27e2b4d3689eedc26f6a98c46b1c5d1ba852a9c5dce8b8/sb-vitest/deps/formik.js?v=6f093980:3385:21
    at Formik (http://localhost:63315/node_modules/.cache/storybook/10.5.10/d089ae206bd7a58edd27e2b4d3689eedc26f6a98c46b1c5d1ba852a9c5dce8b8/sb-vitest/deps/formik.js?v=6f093980:3190:18)
    at RenderedRoute (http://localhost:63315/node_modules/.cache/storybook/10.5.10/d089ae206bd7a58edd27e2b4d3689eedc26f6a98c46b1c5d1ba852a9c5dce8b8/sb-vitest/deps/react-router.js?v=e6e31490:4139:26)
    at RenderErrorBoundary (http://localhost:63315/node_modules/.cache/storybook/10.5.10/d089ae206bd7a58edd27e2b4d3689eedc26f6a98c46b1c5d1ba852a9c5dce8b8/sb-vitest/deps/react-router.js?v=e6e31490:4073:3)
    at DataRoutes2 (http://localhost:63315/node_modules/.cache/storybook/10.5.10/d089ae206bd7a58edd27e2b4d3689eedc26f6a98c46b1c5d1ba852a9c5dce8b8/sb-vitest/deps/react-router.js?v=e6e31490:4706:24)
    at Router (http://localhost:63315/node_modules/.cache/storybook/10.5.10/d089ae206bd7a58edd27e2b4d3689eedc26f6a98c46b1c5d1ba852a9c5dce8b8/sb-vitest/deps/react-router.js?v=e6e31490:4771:29)
    at RouterProvider (http://localhost:63315/node_modules/.cache/storybook/10.5.10/d089ae206bd7a58edd27e2b4d3689eedc26f6a98c46b1c5d1ba852a9c5dce8b8/sb-vitest/deps/react-router.js?v=e6e31490:4516:27)
    at unboundStoryFn (http://localhost:63315/node_modules/.cache/storybook/10.5.10/d089ae206bd7a58edd27e2b4d3689eedc26f6a98c46b1c5d1ba852a9c5dce8b8/sb-vitest/deps/csf-B8OjfbGV.js?v=d4d00fa8:8788:243)
stderr | ClientApp/src/routes/acceptQuote/AcceptQuote.stories.tsx > Quotation Summary Step
Warning: An update to DeliveryAndReturn inside a test was not wrapped in act(...).

When testing, code that causes React state updates should be wrapped into act(...):

act(() => {
  /* fire events that update state */
});
/* assert on the output */

This ensures that you're testing the behavior the user would see in the browser. Learn more at https://reactjs.org/link/wrap-tests-with-act
    at DeliveryAndReturn (http://localhost:63315/ClientApp/src/routes/acceptQuote/deliveryAndReturn.tsx:29:10)
    at hookified (http://localhost:63315/node_modules/.cache/storybook/10.5.10/d089ae206bd7a58edd27e2b4d3689eedc26f6a98c46b1c5d1ba852a9c5dce8b8/sb-vitest/deps/csf-B8OjfbGV.js?v=d4d00fa8:8281:9)
    at form
    at http://localhost:63315/node_modules/.cache/storybook/10.5.10/d089ae206bd7a58edd27e2b4d3689eedc26f6a98c46b1c5d1ba852a9c5dce8b8/sb-vitest/deps/formik.js?v=6f093980:3385:21
    at Formik (http://localhost:63315/node_modules/.cache/storybook/10.5.10/d089ae206bd7a58edd27e2b4d3689eedc26f6a98c46b1c5d1ba852a9c5dce8b8/sb-vitest/deps/formik.js?v=6f093980:3190:18)
    at RenderedRoute (http://localhost:63315/node_modules/.cache/storybook/10.5.10/d089ae206bd7a58edd27e2b4d3689eedc26f6a98c46b1c5d1ba852a9c5dce8b8/sb-vitest/deps/react-router.js?v=e6e31490:4139:26)
    at RenderErrorBoundary (http://localhost:63315/node_modules/.cache/storybook/10.5.10/d089ae206bd7a58edd27e2b4d3689eedc26f6a98c46b1c5d1ba852a9c5dce8b8/sb-vitest/deps/react-router.js?v=e6e31490:4073:3)
    at DataRoutes2 (http://localhost:63315/node_modules/.cache/storybook/10.5.10/d089ae206bd7a58edd27e2b4d3689eedc26f6a98c46b1c5d1ba852a9c5dce8b8/sb-vitest/deps/react-router.js?v=e6e31490:4706:24)
    at Router (http://localhost:63315/node_modules/.cache/storybook/10.5.10/d089ae206bd7a58edd27e2b4d3689eedc26f6a98c46b1c5d1ba852a9c5dce8b8/sb-vitest/deps/react-router.js?v=e6e31490:4771:29)
    at RouterProvider (http://localhost:63315/node_modules/.cache/storybook/10.5.10/d089ae206bd7a58edd27e2b4d3689eedc26f6a98c46b1c5d1ba852a9c5dce8b8/sb-vitest/deps/react-router.js?v=e6e31490:4516:27)
    at unboundStoryFn (http://localhost:63315/node_modules/.cache/storybook/10.5.10/d089ae206bd7a58edd27e2b4d3689eedc26f6a98c46b1c5d1ba852a9c5dce8b8/sb-vitest/deps/csf-B8OjfbGV.js?v=d4d00fa8:8788:243)
stderr | ClientApp/src/routes/acceptQuote/AcceptQuote.stories.tsx > Quotation Summary Step
Warning: An update to DeliveryAndReturn inside a test was not wrapped in act(...).

When testing, code that causes React state updates should be wrapped into act(...):

act(() => {
  /* fire events that update state */
});
/* assert on the output */

This ensures that you're testing the behavior the user would see in the browser. Learn more at https://reactjs.org/link/wrap-tests-with-act
    at DeliveryAndReturn (http://localhost:63315/ClientApp/src/routes/acceptQuote/deliveryAndReturn.tsx:29:10)
    at hookified (http://localhost:63315/node_modules/.cache/storybook/10.5.10/d089ae206bd7a58edd27e2b4d3689eedc26f6a98c46b1c5d1ba852a9c5dce8b8/sb-vitest/deps/csf-B8OjfbGV.js?v=d4d00fa8:8281:9)
    at form
    at http://localhost:63315/node_modules/.cache/storybook/10.5.10/d089ae206bd7a58edd27e2b4d3689eedc26f6a98c46b1c5d1ba852a9c5dce8b8/sb-vitest/deps/formik.js?v=6f093980:3385:21
    at Formik (http://localhost:63315/node_modules/.cache/storybook/10.5.10/d089ae206bd7a58edd27e2b4d3689eedc26f6a98c46b1c5d1ba852a9c5dce8b8/sb-vitest/deps/formik.js?v=6f093980:3190:18)
    at RenderedRoute (http://localhost:63315/node_modules/.cache/storybook/10.5.10/d089ae206bd7a58edd27e2b4d3689eedc26f6a98c46b1c5d1ba852a9c5dce8b8/sb-vitest/deps/react-router.js?v=e6e31490:4139:26)
    at RenderErrorBoundary (http://localhost:63315/node_modules/.cache/storybook/10.5.10/d089ae206bd7a58edd27e2b4d3689eedc26f6a98c46b1c5d1ba852a9c5dce8b8/sb-vitest/deps/react-router.js?v=e6e31490:4073:3)
    at DataRoutes2 (http://localhost:63315/node_modules/.cache/storybook/10.5.10/d089ae206bd7a58edd27e2b4d3689eedc26f6a98c46b1c5d1ba852a9c5dce8b8/sb-vitest/deps/react-router.js?v=e6e31490:4706:24)
    at Router (http://localhost:63315/node_modules/.cache/storybook/10.5.10/d089ae206bd7a58edd27e2b4d3689eedc26f6a98c46b1c5d1ba852a9c5dce8b8/sb-vitest/deps/react-router.js?v=e6e31490:4771:29)
    at RouterProvider (http://localhost:63315/node_modules/.cache/storybook/10.5.10/d089ae206bd7a58edd27e2b4d3689eedc26f6a98c46b1c5d1ba852a9c5dce8b8/sb-vitest/deps/react-router.js?v=e6e31490:4516:27)
    at unboundStoryFn (http://localhost:63315/node_modules/.cache/storybook/10.5.10/d089ae206bd7a58edd27e2b4d3689eedc26f6a98c46b1c5d1ba852a9c5dce8b8/sb-vitest/deps/csf-B8OjfbGV.js?v=d4d00fa8:8788:243)
stderr | ClientApp/src/routes/acceptQuote/AcceptQuote.stories.tsx > Quotation Summary Step
Warning: An update to DeliveryAndReturn inside a test was not wrapped in act(...).

When testing, code that causes React state updates should be wrapped into act(...):

act(() => {
  /* fire events that update state */
});
/* assert on the output */

This ensures that you're testing the behavior the user would see in the browser. Learn more at https://reactjs.org/link/wrap-tests-with-act
    at DeliveryAndReturn (http://localhost:63315/ClientApp/src/routes/acceptQuote/deliveryAndReturn.tsx:29:10)
    at hookified (http://localhost:63315/node_modules/.cache/storybook/10.5.10/d089ae206bd7a58edd27e2b4d3689eedc26f6a98c46b1c5d1ba852a9c5dce8b8/sb-vitest/deps/csf-B8OjfbGV.js?v=d4d00fa8:8281:9)
    at form
    at http://localhost:63315/node_modules/.cache/storybook/10.5.10/d089ae206bd7a58edd27e2b4d3689eedc26f6a98c46b1c5d1ba852a9c5dce8b8/sb-vitest/deps/formik.js?v=6f093980:3385:21
    at Formik (http://localhost:63315/node_modules/.cache/storybook/10.5.10/d089ae206bd7a58edd27e2b4d3689eedc26f6a98c46b1c5d1ba852a9c5dce8b8/sb-vitest/deps/formik.js?v=6f093980:3190:18)
    at RenderedRoute (http://localhost:63315/node_modules/.cache/storybook/10.5.10/d089ae206bd7a58edd27e2b4d3689eedc26f6a98c46b1c5d1ba852a9c5dce8b8/sb-vitest/deps/react-router.js?v=e6e31490:4139:26)
    at RenderErrorBoundary (http://localhost:63315/node_modules/.cache/storybook/10.5.10/d089ae206bd7a58edd27e2b4d3689eedc26f6a98c46b1c5d1ba852a9c5dce8b8/sb-vitest/deps/react-router.js?v=e6e31490:4073:3)
    at DataRoutes2 (http://localhost:63315/node_modules/.cache/storybook/10.5.10/d089ae206bd7a58edd27e2b4d3689eedc26f6a98c46b1c5d1ba852a9c5dce8b8/sb-vitest/deps/react-router.js?v=e6e31490:4706:24)
    at Router (http://localhost:63315/node_modules/.cache/storybook/10.5.10/d089ae206bd7a58edd27e2b4d3689eedc26f6a98c46b1c5d1ba852a9c5dce8b8/sb-vitest/deps/react-router.js?v=e6e31490:4771:29)
    at RouterProvider (http://localhost:63315/node_modules/.cache/storybook/10.5.10/d089ae206bd7a58edd27e2b4d3689eedc26f6a98c46b1c5d1ba852a9c5dce8b8/sb-vitest/deps/react-router.js?v=e6e31490:4516:27)
    at unboundStoryFn (http://localhost:63315/node_modules/.cache/storybook/10.5.10/d089ae206bd7a58edd27e2b4d3689eedc26f6a98c46b1c5d1ba852a9c5dce8b8/sb-vitest/deps/csf-B8OjfbGV.js?v=d4d00fa8:8788:243)
10:55:15 am [vite] [31m[2m(client)[22m[39m [2m[console.error] [22mWarning: An update to QuotationSummary inside a test was not wrapped in act(...).

When testing, code that causes React state updates should be wrapped into act(...):

act(() => {
  /* fire events that update state */
});
/* assert on the output */

This ensures that you're testing the behavior the user would see in the browser. Learn more at https://reactjs.org/link/wrap-tests-with-act
    at QuotationSummary (http://localhost:63315/ClientApp/src/routes/acceptQuote/quotationSummary.tsx:17:10)
    at hookified (http://localhost:63315/node_modules/.cache/storybook/10.5.10/d089ae206bd7a58edd27e2b4d3689eedc26f6a98c46b1c5d1ba852a9c5dce8b8/sb-vitest/deps/csf-B8OjfbGV.js?v=d4d00fa8:8281:9)
    at form
    at http://localhost:63315/node_modules/.cache/storybook/10.5.10/d089ae206bd7a58edd27e2b4d3689eedc26f6a98c46b1c5d1ba852a9c5dce8b8/sb-vitest/deps/formik.js?v=6f093980:3385:21
    at Formik (http://localhost:63315/node_modules/.cache/storybook/10.5.10/d089ae206bd7a58edd27e2b4d3689eedc26f6a98c46b1c5d1ba852a9c5dce8b8/sb-vitest/deps/formik.js?v=6f093980:3190:18)
    at RenderedRoute (http://localhost:63315/node_modules/.cache/storybook/10.5.10/d089ae206bd7a58edd27e2b4d3689eedc26f6a98c46b1c5d1ba852a9c5dce8b8/sb-vitest/deps/react-router.js?v=e6e31490:4139:26)
    at RenderErrorBoundary (http://localhost:63315/node_modules/.cache/storybook/10.5.10/d089ae206bd7a58edd27e2b4d3689eedc26f6a98c46b1c5d1ba852a9c5dce8b8/sb-vitest/deps/react-router.js?v=e6e31490:4073:3)
    at DataRoutes2 (http://localhost:63315/node_modules/.cache/storybook/10.5.10/d089ae206bd7a58edd27e2b4d3689eedc26f6a98c46b1c5d1ba852a9c5dce8b8/sb-vitest/deps/react-router.js?v=e6e31490:4706:24)
    at Router (http://localhost:63315/node_modules/.cache/storybook/10.5.10/d089ae206bd7a58edd27e2b4d3689eedc26f6a98c46b1c5d1ba852a9c5dce8b8/sb-vitest/deps/react-router.js?v=e6e31490:4771:29)
    at RouterProvider (http://localhost:63315/node_modules/.cache/storybook/10.5.10/d089ae206bd7a58edd27e2b4d3689eedc26f6a98c46b1c5d1ba852a9c5dce8b8/sb-vitest/deps/react-router.js?v=e6e31490:4516:27)
    at unboundStoryFn (http://localhost:63315/node_modules/.cache/storybook/10.5.10/d089ae206bd7a58edd27e2b4d3689eedc26f6a98c46b1c5d1ba852a9c5dce8b8/sb-vitest/deps/csf-B8OjfbGV.js?v=d4d00fa8:8788:243)
10:55:15 am [vite] [31m[2m(client)[22m[39m [2m[console.error] [22mWarning: An update to QuotationSummary inside a test was not wrapped in act(...).

When testing, code that causes React state updates should be wrapped into act(...):

act(() => {
  /* fire events that update state */
});
/* assert on the output */

This ensures that you're testing the behavior the user would see in the browser. Learn more at https://reactjs.org/link/wrap-tests-with-act
    at QuotationSummary (http://localhost:63315/ClientApp/src/routes/acceptQuote/quotationSummary.tsx:17:10)
    at hookified (http://localhost:63315/node_modules/.cache/storybook/10.5.10/d089ae206bd7a58edd27e2b4d3689eedc26f6a98c46b1c5d1ba852a9c5dce8b8/sb-vitest/deps/csf-B8OjfbGV.js?v=d4d00fa8:8281:9)
    at form
    at http://localhost:63315/node_modules/.cache/storybook/10.5.10/d089ae206bd7a58edd27e2b4d3689eedc26f6a98c46b1c5d1ba852a9c5dce8b8/sb-vitest/deps/formik.js?v=6f093980:3385:21
    at Formik (http://localhost:63315/node_modules/.cache/storybook/10.5.10/d089ae206bd7a58edd27e2b4d3689eedc26f6a98c46b1c5d1ba852a9c5dce8b8/sb-vitest/deps/formik.js?v=6f093980:3190:18)
    at RenderedRoute (http://localhost:63315/node_modules/.cache/storybook/10.5.10/d089ae206bd7a58edd27e2b4d3689eedc26f6a98c46b1c5d1ba852a9c5dce8b8/sb-vitest/deps/react-router.js?v=e6e31490:4139:26)
    at RenderErrorBoundary (http://localhost:63315/node_modules/.cache/storybook/10.5.10/d089ae206bd7a58edd27e2b4d3689eedc26f6a98c46b1c5d1ba852a9c5dce8b8/sb-vitest/deps/react-router.js?v=e6e31490:4073:3)
    at DataRoutes2 (http://localhost:63315/node_modules/.cache/storybook/10.5.10/d089ae206bd7a58edd27e2b4d3689eedc26f6a98c46b1c5d1ba852a9c5dce8b8/sb-vitest/deps/react-router.js?v=e6e31490:4706:24)
    at Router (http://localhost:63315/node_modules/.cache/storybook/10.5.10/d089ae206bd7a58edd27e2b4d3689eedc26f6a98c46b1c5d1ba852a9c5dce8b8/sb-vitest/deps/react-router.js?v=e6e31490:4771:29)
    at RouterProvider (http://localhost:63315/node_modules/.cache/storybook/10.5.10/d089ae206bd7a58edd27e2b4d3689eedc26f6a98c46b1c5d1ba852a9c5dce8b8/sb-vitest/deps/react-router.js?v=e6e31490:4516:27)
    at unboundStoryFn (http://localhost:63315/node_modules/.cache/storybook/10.5.10/d089ae206bd7a58edd27e2b4d3689eedc26f6a98c46b1c5d1ba852a9c5dce8b8/sb-vitest/deps/csf-B8OjfbGV.js?v=d4d00fa8:8788:243)
10:55:15 am [vite] [31m[2m(client)[22m[39m [2m[console.error] [22mWarning: An update to ViewPdfQuote inside a test was not wrapped in act(...).

When testing, code that causes React state updates should be wrapped into act(...):

act(() => {
  /* fire events that update state */
});
/* assert on the output */

This ensures that you're testing the behavior the user would see in the browser. Learn more at https://reactjs.org/link/wrap-tests-with-act
    at ViewPdfQuote (http://localhost:63315/ClientApp/src/components/Utilities/ViewPdfQuote.tsx:15:10)
    at div
    at div
    at http://localhost:63315/node_modules/.cache/storybook/10.5.10/d089ae206bd7a58edd27e2b4d3689eedc26f6a98c46b1c5d1ba852a9c5dce8b8/sb-vitest/deps/react-bootstrap_Col.js?v=869d6675:39:83
    at div
    at http://localhost:63315/node_modules/.cache/storybook/10.5.10/d089ae206bd7a58edd27e2b4d3689eedc26f6a98c46b1c5d1ba852a9c5dce8b8/sb-vitest/deps/react-bootstrap_Row.js?v=edf1b346:10:52
    at QuotationSummary (http://localhost:63315/ClientApp/src/routes/acceptQuote/quotationSummary.tsx:17:10)
    at hookified (http://localhost:63315/node_modules/.cache/storybook/10.5.10/d089ae206bd7a58edd27e2b4d3689eedc26f6a98c46b1c5d1ba852a9c5dce8b8/sb-vitest/deps/csf-B8OjfbGV.js?v=d4d00fa8:8281:9)
    at form
    at http://localhost:63315/node_modules/.cache/storybook/10.5.10/d089ae206bd7a58edd27e2b4d3689eedc26f6a98c46b1c5d1ba852a9c5dce8b8/sb-vitest/deps/formik.js?v=6f093980:3385:21
    at Formik (http://localhost:63315/node_modules/.cache/storybook/10.5.10/d089ae206bd7a58edd27e2b4d3689eedc26f6a98c46b1c5d1ba852a9c5dce8b8/sb-vitest/deps/formik.js?v=6f093980:3190:18)
    at RenderedRoute (http://localhost:63315/node_modules/.cache/storybook/10.5.10/d089ae206bd7a58edd27e2b4d3689eedc26f6a98c46b1c5d1ba852a9c5dce8b8/sb-vitest/deps/react-router.js?v=e6e31490:4139:26)
    at RenderErrorBoundary (http://localhost:63315/node_modules/.cache/storybook/10.5.10/d089ae206bd7a58edd27e2b4d3689eedc26f6a98c46b1c5d1ba852a9c5dce8b8/sb-vitest/deps/react-router.js?v=e6e31490:4073:3)
    at DataRoutes2 (http://localhost:63315/node_modules/.cache/storybook/10.5.10/d089ae206bd7a58edd27e2b4d3689eedc26f6a98c46b1c5d1ba852a9c5dce8b8/sb-vitest/deps/react-router.js?v=e6e31490:4706:24)
    at Router (http://localhost:63315/node_modules/.cache/storybook/10.5.10/d089ae206bd7a58edd27e2b4d3689eedc26f6a98c46b1c5d1ba852a9c5dce8b8/sb-vitest/deps/react-router.js?v=e6e31490:4771:29)
    at RouterProvider (http://localhost:63315/node_modules/.cache/storybook/10.5.10/d089ae206bd7a58edd27e2b4d3689eedc26f6a98c46b1c5d1ba852a9c5dce8b8/sb-vitest/deps/react-router.js?v=e6e31490:4516:27)
    at unboundStoryFn (http://localhost:63315/node_modules/.cache/storybook/10.5.10/d089ae206bd7a58edd27e2b4d3689eedc26f6a98c46b1c5d1ba852a9c5dce8b8/sb-vitest/deps/csf-B8OjfbGV.js?v=d4d00fa8:8788:243)
10:55:15 am [vite] [31m[2m(client)[22m[39m [2m[console.error] [22mWarning: An update to ViewPdfQuote inside a test was not wrapped in act(...).

When testing, code that causes React state updates should be wrapped into act(...):

act(() => {
  /* fire events that update state */
});
/* assert on the output */

This ensures that you're testing the behavior the user would see in the browser. Learn more at https://reactjs.org/link/wrap-tests-with-act
    at ViewPdfQuote (http://localhost:63315/ClientApp/src/components/Utilities/ViewPdfQuote.tsx:15:10)
    at div
    at div
    at http://localhost:63315/node_modules/.cache/storybook/10.5.10/d089ae206bd7a58edd27e2b4d3689eedc26f6a98c46b1c5d1ba852a9c5dce8b8/sb-vitest/deps/react-bootstrap_Col.js?v=869d6675:39:83
    at div
    at http://localhost:63315/node_modules/.cache/storybook/10.5.10/d089ae206bd7a58edd27e2b4d3689eedc26f6a98c46b1c5d1ba852a9c5dce8b8/sb-vitest/deps/react-bootstrap_Row.js?v=edf1b346:10:52
    at QuotationSummary (http://localhost:63315/ClientApp/src/routes/acceptQuote/quotationSummary.tsx:17:10)
    at hookified (http://localhost:63315/node_modules/.cache/storybook/10.5.10/d089ae206bd7a58edd27e2b4d3689eedc26f6a98c46b1c5d1ba852a9c5dce8b8/sb-vitest/deps/csf-B8OjfbGV.js?v=d4d00fa8:8281:9)
    at form
    at http://localhost:63315/node_modules/.cache/storybook/10.5.10/d089ae206bd7a58edd27e2b4d3689eedc26f6a98c46b1c5d1ba852a9c5dce8b8/sb-vitest/deps/formik.js?v=6f093980:3385:21
    at Formik (http://localhost:63315/node_modules/.cache/storybook/10.5.10/d089ae206bd7a58edd27e2b4d3689eedc26f6a98c46b1c5d1ba852a9c5dce8b8/sb-vitest/deps/formik.js?v=6f093980:3190:18)
    at RenderedRoute (http://localhost:63315/node_modules/.cache/storybook/10.5.10/d089ae206bd7a58edd27e2b4d3689eedc26f6a98c46b1c5d1ba852a9c5dce8b8/sb-vitest/deps/react-router.js?v=e6e31490:4139:26)
    at RenderErrorBoundary (http://localhost:63315/node_modules/.cache/storybook/10.5.10/d089ae206bd7a58edd27e2b4d3689eedc26f6a98c46b1c5d1ba852a9c5dce8b8/sb-vitest/deps/react-router.js?v=e6e31490:4073:3)
    at DataRoutes2 (http://localhost:63315/node_modules/.cache/storybook/10.5.10/d089ae206bd7a58edd27e2b4d3689eedc26f6a98c46b1c5d1ba852a9c5dce8b8/sb-vitest/deps/react-router.js?v=e6e31490:4706:24)
    at Router (http://localhost:63315/node_modules/.cache/storybook/10.5.10/d089ae206bd7a58edd27e2b4d3689eedc26f6a98c46b1c5d1ba852a9c5dce8b8/sb-vitest/deps/react-router.js?v=e6e31490:4771:29)
    at RouterProvider (http://localhost:63315/node_modules/.cache/storybook/10.5.10/d089ae206bd7a58edd27e2b4d3689eedc26f6a98c46b1c5d1ba852a9c5dce8b8/sb-vitest/deps/react-router.js?v=e6e31490:4516:27)
    at unboundStoryFn (http://localhost:63315/node_modules/.cache/storybook/10.5.10/d089ae206bd7a58edd27e2b4d3689eedc26f6a98c46b1c5d1ba852a9c5dce8b8/sb-vitest/deps/csf-B8OjfbGV.js?v=d4d00fa8:8788:243)
10:55:15 am [vite] [31m[2m(client)[22m[39m [2m[console.error] [22mWarning: An update to QuotationSummary inside a test was not wrapped in act(...).

When testing, code that causes React state updates should be wrapped into act(...):

act(() => {
  /* fire events that update state */
});
/* assert on the output */

This ensures that you're testing the behavior the user would see in the browser. Learn more at https://reactjs.org/link/wrap-tests-with-act
    at QuotationSummary (http://localhost:63315/ClientApp/src/routes/acceptQuote/quotationSummary.tsx:17:10)
    at hookified (http://localhost:63315/node_modules/.cache/storybook/10.5.10/d089ae206bd7a58edd27e2b4d3689eedc26f6a98c46b1c5d1ba852a9c5dce8b8/sb-vitest/deps/csf-B8OjfbGV.js?v=d4d00fa8:8281:9)
    at form
    at http://localhost:63315/node_modules/.cache/storybook/10.5.10/d089ae206bd7a58edd27e2b4d3689eedc26f6a98c46b1c5d1ba852a9c5dce8b8/sb-vitest/deps/formik.js?v=6f093980:3385:21
    at Formik (http://localhost:63315/node_modules/.cache/storybook/10.5.10/d089ae206bd7a58edd27e2b4d3689eedc26f6a98c46b1c5d1ba852a9c5dce8b8/sb-vitest/deps/formik.js?v=6f093980:3190:18)
    at RenderedRoute (http://localhost:63315/node_modules/.cache/storybook/10.5.10/d089ae206bd7a58edd27e2b4d3689eedc26f6a98c46b1c5d1ba852a9c5dce8b8/sb-vitest/deps/react-router.js?v=e6e31490:4139:26)
    at RenderErrorBoundary (http://localhost:63315/node_modules/.cache/storybook/10.5.10/d089ae206bd7a58edd27e2b4d3689eedc26f6a98c46b1c5d1ba852a9c5dce8b8/sb-vitest/deps/react-router.js?v=e6e31490:4073:3)
    at DataRoutes2 (http://localhost:63315/node_modules/.cache/storybook/10.5.10/d089ae206bd7a58edd27e2b4d3689eedc26f6a98c46b1c5d1ba852a9c5dce8b8/sb-vitest/deps/react-router.js?v=e6e31490:4706:24)
    at Router (http://localhost:63315/node_modules/.cache/storybook/10.5.10/d089ae206bd7a58edd27e2b4d3689eedc26f6a98c46b1c5d1ba852a9c5dce8b8/sb-vitest/deps/react-router.js?v=e6e31490:4771:29)
    at RouterProvider (http://localhost:63315/node_modules/.cache/storybook/10.5.10/d089ae206bd7a58edd27e2b4d3689eedc26f6a98c46b1c5d1ba852a9c5dce8b8/sb-vitest/deps/react-router.js?v=e6e31490:4516:27)
    at unboundStoryFn (http://localhost:63315/node_modules/.cache/storybook/10.5.10/d089ae206bd7a58edd27e2b4d3689eedc26f6a98c46b1c5d1ba852a9c5dce8b8/sb-vitest/deps/csf-B8OjfbGV.js?v=d4d00fa8:8788:243)
10:55:15 am [vite] [31m[2m(client)[22m[39m [2m[console.error] [22mWarning: An update to QuotationSummary inside a test was not wrapped in act(...).

When testing, code that causes React state updates should be wrapped into act(...):

act(() => {
  /* fire events that update state */
});
/* assert on the output */

This ensures that you're testing the behavior the user would see in the browser. Learn more at https://reactjs.org/link/wrap-tests-with-act
    at QuotationSummary (http://localhost:63315/ClientApp/src/routes/acceptQuote/quotationSummary.tsx:17:10)
    at div
    at div
    at Transition (http://localhost:63315/node_modules/.cache/storybook/10.5.10/d089ae206bd7a58edd27e2b4d3689eedc26f6a98c46b1c5d1ba852a9c5dce8b8/sb-vitest/deps/Modal-DPe2VpGT.js?v=d4d00fa8:218:32)
    at http://localhost:63315/node_modules/.cache/storybook/10.5.10/d089ae206bd7a58edd27e2b4d3689eedc26f6a98c46b1c5d1ba852a9c5dce8b8/sb-vitest/deps/Modal-DPe2VpGT.js?v=d4d00fa8:786:66
    at http://localhost:63315/node_modules/.cache/storybook/10.5.10/d089ae206bd7a58edd27e2b4d3689eedc26f6a98c46b1c5d1ba852a9c5dce8b8/sb-vitest/deps/react-bootstrap.js?v=bcabbf56:60:57
    at http://localhost:63315/node_modules/.cache/storybook/10.5.10/d089ae206bd7a58edd27e2b4d3689eedc26f6a98c46b1c5d1ba852a9c5dce8b8/sb-vitest/deps/react-bootstrap.js?v=bcabbf56:118:70
    at http://localhost:63315/node_modules/.cache/storybook/10.5.10/d089ae206bd7a58edd27e2b4d3689eedc26f6a98c46b1c5d1ba852a9c5dce8b8/sb-vitest/deps/react-bootstrap.js?v=bcabbf56:136:66
    at div
    at http://localhost:63315/node_modules/.cache/storybook/10.5.10/d089ae206bd7a58edd27e2b4d3689eedc26f6a98c46b1c5d1ba852a9c5dce8b8/sb-vitest/deps/react-bootstrap.js?v=bcabbf56:201:66
    at CustomAccordionBody (http://localhost:63315/ClientApp/src/components/Accordion/index.tsx:91:10)
    at div
    at http://localhost:63315/node_modules/.cache/storybook/10.5.10/d089ae206bd7a58edd27e2b4d3689eedc26f6a98c46b1c5d1ba852a9c5dce8b8/sb-vitest/deps/react-bootstrap.js?v=bcabbf56:217:117
    at div
    at CustomAccordion (http://localhost:63315/ClientApp/src/components/Accordion/index.tsx:30:10)
    at div
    at http://localhost:63315/node_modules/.cache/storybook/10.5.10/d089ae206bd7a58edd27e2b4d3689eedc26f6a98c46b1c5d1ba852a9c5dce8b8/sb-vitest/deps/react-bootstrap_Row.js?v=edf1b346:10:52
    at SummaryAndAccept (http://localhost:63315/ClientApp/src/routes/acceptQuote/summaryAndAccept.tsx:31:17)
    at hookified (http://localhost:63315/node_modules/.cache/storybook/10.5.10/d089ae206bd7a58edd27e2b4d3689eedc26f6a98c46b1c5d1ba852a9c5dce8b8/sb-vitest/deps/csf-B8OjfbGV.js?v=d4d00fa8:8281:9)
    at form
    at http://localhost:63315/node_modules/.cache/storybook/10.5.10/d089ae206bd7a58edd27e2b4d3689eedc26f6a98c46b1c5d1ba852a9c5dce8b8/sb-vitest/deps/formik.js?v=6f093980:3385:21
    at Formik (http://localhost:63315/node_modules/.cache/storybook/10.5.10/d089ae206bd7a58edd27e2b4d3689eedc26f6a98c46b1c5d1ba852a9c5dce8b8/sb-vitest/deps/formik.js?v=6f093980:3190:18)
    at RenderedRoute (http://localhost:63315/node_modules/.cache/storybook/10.5.10/d089ae206bd7a58edd27e2b4d3689eedc26f6a98c46b1c5d1ba852a9c5dce8b8/sb-vitest/deps/react-router.js?v=e6e31490:4139:26)
    at RenderErrorBoundary (http://localhost:63315/node_modules/.cache/storybook/10.5.10/d089ae206bd7a58edd27e2b4d3689eedc26f6a98c46b1c5d1ba852a9c5dce8b8/sb-vitest/deps/react-router.js?v=e6e31490:4073:3)
    at DataRoutes2 (http://localhost:63315/node_modules/.cache/storybook/10.5.10/d089ae206bd7a58edd27e2b4d3689eedc26f6a98c46b1c5d1ba852a9c5dce8b8/sb-vitest/deps/react-router.js?v=e6e31490:4706:24)
    at Router (http://localhost:63315/node_modules/.cache/storybook/10.5.10/d089ae206bd7a58edd27e2b4d3689eedc26f6a98c46b1c5d1ba852a9c5dce8b8/sb-vitest/deps/react-router.js?v=e6e31490:4771:29)
    at RouterProvider (http://localhost:63315/node_modules/.cache/storybook/10.5.10/d089ae206bd7a58edd27e2b4d3689eedc26f6a98c46b1c5d1ba852a9c5dce8b8/sb-vitest/deps/react-router.js?v=e6e31490:4516:27)
    at unboundStoryFn (http://localhost:63315/node_modules/.cache/storybook/10.5.10/d089ae206bd7a58edd27e2b4d3689eedc26f6a98c46b1c5d1ba852a9c5dce8b8/sb-vitest/deps/csf-B8OjfbGV.js?v=d4d00fa8:8788:243)
10:55:15 am [vite] [31m[2m(client)[22m[39m [2m[console.error] [22mWarning: An update to QuotationSummary inside a test was not wrapped in act(...).

When testing, code that causes React state updates should be wrapped into act(...):

act(() => {
  /* fire events that update state */
});
/* assert on the output */

This ensures that you're testing the behavior the user would see in the browser. Learn more at https://reactjs.org/link/wrap-tests-with-act
    at QuotationSummary (http://localhost:63315/ClientApp/src/routes/acceptQuote/quotationSummary.tsx:17:10)
    at div
    at div
    at Transition (http://localhost:63315/node_modules/.cache/storybook/10.5.10/d089ae206bd7a58edd27e2b4d3689eedc26f6a98c46b1c5d1ba852a9c5dce8b8/sb-vitest/deps/Modal-DPe2VpGT.js?v=d4d00fa8:218:32)
    at http://localhost:63315/node_modules/.cache/storybook/10.5.10/d089ae206bd7a58edd27e2b4d3689eedc26f6a98c46b1c5d1ba852a9c5dce8b8/sb-vitest/deps/Modal-DPe2VpGT.js?v=d4d00fa8:786:66
    at http://localhost:63315/node_modules/.cache/storybook/10.5.10/d089ae206bd7a58edd27e2b4d3689eedc26f6a98c46b1c5d1ba852a9c5dce8b8/sb-vitest/deps/react-bootstrap.js?v=bcabbf56:60:57
    at http://localhost:63315/node_modules/.cache/storybook/10.5.10/d089ae206bd7a58edd27e2b4d3689eedc26f6a98c46b1c5d1ba852a9c5dce8b8/sb-vitest/deps/react-bootstrap.js?v=bcabbf56:118:70
    at http://localhost:63315/node_modules/.cache/storybook/10.5.10/d089ae206bd7a58edd27e2b4d3689eedc26f6a98c46b1c5d1ba852a9c5dce8b8/sb-vitest/deps/react-bootstrap.js?v=bcabbf56:136:66
    at div
    at http://localhost:63315/node_modules/.cache/storybook/10.5.10/d089ae206bd7a58edd27e2b4d3689eedc26f6a98c46b1c5d1ba852a9c5dce8b8/sb-vitest/deps/react-bootstrap.js?v=bcabbf56:201:66
    at CustomAccordionBody (http://localhost:63315/ClientApp/src/components/Accordion/index.tsx:91:10)
    at div
    at http://localhost:63315/node_modules/.cache/storybook/10.5.10/d089ae206bd7a58edd27e2b4d3689eedc26f6a98c46b1c5d1ba852a9c5dce8b8/sb-vitest/deps/react-bootstrap.js?v=bcabbf56:217:117
    at div
    at CustomAccordion (http://localhost:63315/ClientApp/src/components/Accordion/index.tsx:30:10)
    at div
    at http://localhost:63315/node_modules/.cache/storybook/10.5.10/d089ae206bd7a58edd27e2b4d3689eedc26f6a98c46b1c5d1ba852a9c5dce8b8/sb-vitest/deps/react-bootstrap_Row.js?v=edf1b346:10:52
    at SummaryAndAccept (http://localhost:63315/ClientApp/src/routes/acceptQuote/summaryAndAccept.tsx:31:17)
    at hookified (http://localhost:63315/node_modules/.cache/storybook/10.5.10/d089ae206bd7a58edd27e2b4d3689eedc26f6a98c46b1c5d1ba852a9c5dce8b8/sb-vitest/deps/csf-B8OjfbGV.js?v=d4d00fa8:8281:9)
    at form
    at http://localhost:63315/node_modules/.cache/storybook/10.5.10/d089ae206bd7a58edd27e2b4d3689eedc26f6a98c46b1c5d1ba852a9c5dce8b8/sb-vitest/deps/formik.js?v=6f093980:3385:21
    at Formik (http://localhost:63315/node_modules/.cache/storybook/10.5.10/d089ae206bd7a58edd27e2b4d3689eedc26f6a98c46b1c5d1ba852a9c5dce8b8/sb-vitest/deps/formik.js?v=6f093980:3190:18)
    at RenderedRoute (http://localhost:63315/node_modules/.cache/storybook/10.5.10/d089ae206bd7a58edd27e2b4d3689eedc26f6a98c46b1c5d1ba852a9c5dce8b8/sb-vitest/deps/react-router.js?v=e6e31490:4139:26)
    at RenderErrorBoundary (http://localhost:63315/node_modules/.cache/storybook/10.5.10/d089ae206bd7a58edd27e2b4d3689eedc26f6a98c46b1c5d1ba852a9c5dce8b8/sb-vitest/deps/react-router.js?v=e6e31490:4073:3)
    at DataRoutes2 (http://localhost:63315/node_modules/.cache/storybook/10.5.10/d089ae206bd7a58edd27e2b4d3689eedc26f6a98c46b1c5d1ba852a9c5dce8b8/sb-vitest/deps/react-router.js?v=e6e31490:4706:24)
    at Router (http://localhost:63315/node_modules/.cache/storybook/10.5.10/d089ae206bd7a58edd27e2b4d3689eedc26f6a98c46b1c5d1ba852a9c5dce8b8/sb-vitest/deps/react-router.js?v=e6e31490:4771:29)
    at RouterProvider (http://localhost:63315/node_modules/.cache/storybook/10.5.10/d089ae206bd7a58edd27e2b4d3689eedc26f6a98c46b1c5d1ba852a9c5dce8b8/sb-vitest/deps/react-router.js?v=e6e31490:4516:27)
    at unboundStoryFn (http://localhost:63315/node_modules/.cache/storybook/10.5.10/d089ae206bd7a58edd27e2b4d3689eedc26f6a98c46b1c5d1ba852a9c5dce8b8/sb-vitest/deps/csf-B8OjfbGV.js?v=d4d00fa8:8788:243)
stderr | ClientApp/src/routes/acceptQuote/AcceptQuote.stories.tsx > Summary And Accept Step
Warning: An update to QuotationSummary inside a test was not wrapped in act(...).

When testing, code that causes React state updates should be wrapped into act(...):

act(() => {
  /* fire events that update state */
});
/* assert on the output */

This ensures that you're testing the behavior the user would see in the browser. Learn more at https://reactjs.org/link/wrap-tests-with-act
    at QuotationSummary (http://localhost:63315/ClientApp/src/routes/acceptQuote/quotationSummary.tsx:17:10)
    at hookified (http://localhost:63315/node_modules/.cache/storybook/10.5.10/d089ae206bd7a58edd27e2b4d3689eedc26f6a98c46b1c5d1ba852a9c5dce8b8/sb-vitest/deps/csf-B8OjfbGV.js?v=d4d00fa8:8281:9)
    at form
    at http://localhost:63315/node_modules/.cache/storybook/10.5.10/d089ae206bd7a58edd27e2b4d3689eedc26f6a98c46b1c5d1ba852a9c5dce8b8/sb-vitest/deps/formik.js?v=6f093980:3385:21
    at Formik (http://localhost:63315/node_modules/.cache/storybook/10.5.10/d089ae206bd7a58edd27e2b4d3689eedc26f6a98c46b1c5d1ba852a9c5dce8b8/sb-vitest/deps/formik.js?v=6f093980:3190:18)
    at RenderedRoute (http://localhost:63315/node_modules/.cache/storybook/10.5.10/d089ae206bd7a58edd27e2b4d3689eedc26f6a98c46b1c5d1ba852a9c5dce8b8/sb-vitest/deps/react-router.js?v=e6e31490:4139:26)
    at RenderErrorBoundary (http://localhost:63315/node_modules/.cache/storybook/10.5.10/d089ae206bd7a58edd27e2b4d3689eedc26f6a98c46b1c5d1ba852a9c5dce8b8/sb-vitest/deps/react-router.js?v=e6e31490:4073:3)
    at DataRoutes2 (http://localhost:63315/node_modules/.cache/storybook/10.5.10/d089ae206bd7a58edd27e2b4d3689eedc26f6a98c46b1c5d1ba852a9c5dce8b8/sb-vitest/deps/react-router.js?v=e6e31490:4706:24)
    at Router (http://localhost:63315/node_modules/.cache/storybook/10.5.10/d089ae206bd7a58edd27e2b4d3689eedc26f6a98c46b1c5d1ba852a9c5dce8b8/sb-vitest/deps/react-router.js?v=e6e31490:4771:29)
    at RouterProvider (http://localhost:63315/node_modules/.cache/storybook/10.5.10/d089ae206bd7a58edd27e2b4d3689eedc26f6a98c46b1c5d1ba852a9c5dce8b8/sb-vitest/deps/react-router.js?v=e6e31490:4516:27)
    at unboundStoryFn (http://localhost:63315/node_modules/.cache/storybook/10.5.10/d089ae206bd7a58edd27e2b4d3689eedc26f6a98c46b1c5d1ba852a9c5dce8b8/sb-vitest/deps/csf-B8OjfbGV.js?v=d4d00fa8:8788:243)
stderr | ClientApp/src/routes/acceptQuote/AcceptQuote.stories.tsx > Summary And Accept Step
Warning: An update to QuotationSummary inside a test was not wrapped in act(...).

When testing, code that causes React state updates should be wrapped into act(...):

act(() => {
  /* fire events that update state */
});
/* assert on the output */

This ensures that you're testing the behavior the user would see in the browser. Learn more at https://reactjs.org/link/wrap-tests-with-act
    at QuotationSummary (http://localhost:63315/ClientApp/src/routes/acceptQuote/quotationSummary.tsx:17:10)
    at hookified (http://localhost:63315/node_modules/.cache/storybook/10.5.10/d089ae206bd7a58edd27e2b4d3689eedc26f6a98c46b1c5d1ba852a9c5dce8b8/sb-vitest/deps/csf-B8OjfbGV.js?v=d4d00fa8:8281:9)
    at form
    at http://localhost:63315/node_modules/.cache/storybook/10.5.10/d089ae206bd7a58edd27e2b4d3689eedc26f6a98c46b1c5d1ba852a9c5dce8b8/sb-vitest/deps/formik.js?v=6f093980:3385:21
    at Formik (http://localhost:63315/node_modules/.cache/storybook/10.5.10/d089ae206bd7a58edd27e2b4d3689eedc26f6a98c46b1c5d1ba852a9c5dce8b8/sb-vitest/deps/formik.js?v=6f093980:3190:18)
    at RenderedRoute (http://localhost:63315/node_modules/.cache/storybook/10.5.10/d089ae206bd7a58edd27e2b4d3689eedc26f6a98c46b1c5d1ba852a9c5dce8b8/sb-vitest/deps/react-router.js?v=e6e31490:4139:26)
    at RenderErrorBoundary (http://localhost:63315/node_modules/.cache/storybook/10.5.10/d089ae206bd7a58edd27e2b4d3689eedc26f6a98c46b1c5d1ba852a9c5dce8b8/sb-vitest/deps/react-router.js?v=e6e31490:4073:3)
    at DataRoutes2 (http://localhost:63315/node_modules/.cache/storybook/10.5.10/d089ae206bd7a58edd27e2b4d3689eedc26f6a98c46b1c5d1ba852a9c5dce8b8/sb-vitest/deps/react-router.js?v=e6e31490:4706:24)
    at Router (http://localhost:63315/node_modules/.cache/storybook/10.5.10/d089ae206bd7a58edd27e2b4d3689eedc26f6a98c46b1c5d1ba852a9c5dce8b8/sb-vitest/deps/react-router.js?v=e6e31490:4771:29)
    at RouterProvider (http://localhost:63315/node_modules/.cache/storybook/10.5.10/d089ae206bd7a58edd27e2b4d3689eedc26f6a98c46b1c5d1ba852a9c5dce8b8/sb-vitest/deps/react-router.js?v=e6e31490:4516:27)
    at unboundStoryFn (http://localhost:63315/node_modules/.cache/storybook/10.5.10/d089ae206bd7a58edd27e2b4d3689eedc26f6a98c46b1c5d1ba852a9c5dce8b8/sb-vitest/deps/csf-B8OjfbGV.js?v=d4d00fa8:8788:243)
stderr | ClientApp/src/routes/acceptQuote/AcceptQuote.stories.tsx > Summary And Accept Step
Warning: An update to ViewPdfQuote inside a test was not wrapped in act(...).

When testing, code that causes React state updates should be wrapped into act(...):

act(() => {
  /* fire events that update state */
});
/* assert on the output */

This ensures that you're testing the behavior the user would see in the browser. Learn more at https://reactjs.org/link/wrap-tests-with-act
    at ViewPdfQuote (http://localhost:63315/ClientApp/src/components/Utilities/ViewPdfQuote.tsx:15:10)
    at div
    at div
    at http://localhost:63315/node_modules/.cache/storybook/10.5.10/d089ae206bd7a58edd27e2b4d3689eedc26f6a98c46b1c5d1ba852a9c5dce8b8/sb-vitest/deps/react-bootstrap_Col.js?v=869d6675:39:83
    at div
    at http://localhost:63315/node_modules/.cache/storybook/10.5.10/d089ae206bd7a58edd27e2b4d3689eedc26f6a98c46b1c5d1ba852a9c5dce8b8/sb-vitest/deps/react-bootstrap_Row.js?v=edf1b346:10:52
    at QuotationSummary (http://localhost:63315/ClientApp/src/routes/acceptQuote/quotationSummary.tsx:17:10)
    at hookified (http://localhost:63315/node_modules/.cache/storybook/10.5.10/d089ae206bd7a58edd27e2b4d3689eedc26f6a98c46b1c5d1ba852a9c5dce8b8/sb-vitest/deps/csf-B8OjfbGV.js?v=d4d00fa8:8281:9)
    at form
    at http://localhost:63315/node_modules/.cache/storybook/10.5.10/d089ae206bd7a58edd27e2b4d3689eedc26f6a98c46b1c5d1ba852a9c5dce8b8/sb-vitest/deps/formik.js?v=6f093980:3385:21
    at Formik (http://localhost:63315/node_modules/.cache/storybook/10.5.10/d089ae206bd7a58edd27e2b4d3689eedc26f6a98c46b1c5d1ba852a9c5dce8b8/sb-vitest/deps/formik.js?v=6f093980:3190:18)
    at RenderedRoute (http://localhost:63315/node_modules/.cache/storybook/10.5.10/d089ae206bd7a58edd27e2b4d3689eedc26f6a98c46b1c5d1ba852a9c5dce8b8/sb-vitest/deps/react-router.js?v=e6e31490:4139:26)
    at RenderErrorBoundary (http://localhost:63315/node_modules/.cache/storybook/10.5.10/d089ae206bd7a58edd27e2b4d3689eedc26f6a98c46b1c5d1ba852a9c5dce8b8/sb-vitest/deps/react-router.js?v=e6e31490:4073:3)
    at DataRoutes2 (http://localhost:63315/node_modules/.cache/storybook/10.5.10/d089ae206bd7a58edd27e2b4d3689eedc26f6a98c46b1c5d1ba852a9c5dce8b8/sb-vitest/deps/react-router.js?v=e6e31490:4706:24)
    at Router (http://localhost:63315/node_modules/.cache/storybook/10.5.10/d089ae206bd7a58edd27e2b4d3689eedc26f6a98c46b1c5d1ba852a9c5dce8b8/sb-vitest/deps/react-router.js?v=e6e31490:4771:29)
    at RouterProvider (http://localhost:63315/node_modules/.cache/storybook/10.5.10/d089ae206bd7a58edd27e2b4d3689eedc26f6a98c46b1c5d1ba852a9c5dce8b8/sb-vitest/deps/react-router.js?v=e6e31490:4516:27)
    at unboundStoryFn (http://localhost:63315/node_modules/.cache/storybook/10.5.10/d089ae206bd7a58edd27e2b4d3689eedc26f6a98c46b1c5d1ba852a9c5dce8b8/sb-vitest/deps/csf-B8OjfbGV.js?v=d4d00fa8:8788:243)
stderr | ClientApp/src/routes/acceptQuote/AcceptQuote.stories.tsx > Summary And Accept Step
Warning: An update to ViewPdfQuote inside a test was not wrapped in act(...).

When testing, code that causes React state updates should be wrapped into act(...):

act(() => {
  /* fire events that update state */
});
/* assert on the output */

This ensures that you're testing the behavior the user would see in the browser. Learn more at https://reactjs.org/link/wrap-tests-with-act
    at ViewPdfQuote (http://localhost:63315/ClientApp/src/components/Utilities/ViewPdfQuote.tsx:15:10)
    at div
    at div
    at http://localhost:63315/node_modules/.cache/storybook/10.5.10/d089ae206bd7a58edd27e2b4d3689eedc26f6a98c46b1c5d1ba852a9c5dce8b8/sb-vitest/deps/react-bootstrap_Col.js?v=869d6675:39:83
    at div
    at http://localhost:63315/node_modules/.cache/storybook/10.5.10/d089ae206bd7a58edd27e2b4d3689eedc26f6a98c46b1c5d1ba852a9c5dce8b8/sb-vitest/deps/react-bootstrap_Row.js?v=edf1b346:10:52
    at QuotationSummary (http://localhost:63315/ClientApp/src/routes/acceptQuote/quotationSummary.tsx:17:10)
    at hookified (http://localhost:63315/node_modules/.cache/storybook/10.5.10/d089ae206bd7a58edd27e2b4d3689eedc26f6a98c46b1c5d1ba852a9c5dce8b8/sb-vitest/deps/csf-B8OjfbGV.js?v=d4d00fa8:8281:9)
    at form
    at http://localhost:63315/node_modules/.cache/storybook/10.5.10/d089ae206bd7a58edd27e2b4d3689eedc26f6a98c46b1c5d1ba852a9c5dce8b8/sb-vitest/deps/formik.js?v=6f093980:3385:21
    at Formik (http://localhost:63315/node_modules/.cache/storybook/10.5.10/d089ae206bd7a58edd27e2b4d3689eedc26f6a98c46b1c5d1ba852a9c5dce8b8/sb-vitest/deps/formik.js?v=6f093980:3190:18)
    at RenderedRoute (http://localhost:63315/node_modules/.cache/storybook/10.5.10/d089ae206bd7a58edd27e2b4d3689eedc26f6a98c46b1c5d1ba852a9c5dce8b8/sb-vitest/deps/react-router.js?v=e6e31490:4139:26)
    at RenderErrorBoundary (http://localhost:63315/node_modules/.cache/storybook/10.5.10/d089ae206bd7a58edd27e2b4d3689eedc26f6a98c46b1c5d1ba852a9c5dce8b8/sb-vitest/deps/react-router.js?v=e6e31490:4073:3)
    at DataRoutes2 (http://localhost:63315/node_modules/.cache/storybook/10.5.10/d089ae206bd7a58edd27e2b4d3689eedc26f6a98c46b1c5d1ba852a9c5dce8b8/sb-vitest/deps/react-router.js?v=e6e31490:4706:24)
    at Router (http://localhost:63315/node_modules/.cache/storybook/10.5.10/d089ae206bd7a58edd27e2b4d3689eedc26f6a98c46b1c5d1ba852a9c5dce8b8/sb-vitest/deps/react-router.js?v=e6e31490:4771:29)
    at RouterProvider (http://localhost:63315/node_modules/.cache/storybook/10.5.10/d089ae206bd7a58edd27e2b4d3689eedc26f6a98c46b1c5d1ba852a9c5dce8b8/sb-vitest/deps/react-router.js?v=e6e31490:4516:27)
    at unboundStoryFn (http://localhost:63315/node_modules/.cache/storybook/10.5.10/d089ae206bd7a58edd27e2b4d3689eedc26f6a98c46b1c5d1ba852a9c5dce8b8/sb-vitest/deps/csf-B8OjfbGV.js?v=d4d00fa8:8788:243)
stderr | ClientApp/src/routes/acceptQuote/AcceptQuote.stories.tsx > Summary And Accept Step
Warning: An update to QuotationSummary inside a test was not wrapped in act(...).

When testing, code that causes React state updates should be wrapped into act(...):

act(() => {
  /* fire events that update state */
});
/* assert on the output */

This ensures that you're testing the behavior the user would see in the browser. Learn more at https://reactjs.org/link/wrap-tests-with-act
    at QuotationSummary (http://localhost:63315/ClientApp/src/routes/acceptQuote/quotationSummary.tsx:17:10)
    at hookified (http://localhost:63315/node_modules/.cache/storybook/10.5.10/d089ae206bd7a58edd27e2b4d3689eedc26f6a98c46b1c5d1ba852a9c5dce8b8/sb-vitest/deps/csf-B8OjfbGV.js?v=d4d00fa8:8281:9)
    at form
    at http://localhost:63315/node_modules/.cache/storybook/10.5.10/d089ae206bd7a58edd27e2b4d3689eedc26f6a98c46b1c5d1ba852a9c5dce8b8/sb-vitest/deps/formik.js?v=6f093980:3385:21
    at Formik (http://localhost:63315/node_modules/.cache/storybook/10.5.10/d089ae206bd7a58edd27e2b4d3689eedc26f6a98c46b1c5d1ba852a9c5dce8b8/sb-vitest/deps/formik.js?v=6f093980:3190:18)
    at RenderedRoute (http://localhost:63315/node_modules/.cache/storybook/10.5.10/d089ae206bd7a58edd27e2b4d3689eedc26f6a98c46b1c5d1ba852a9c5dce8b8/sb-vitest/deps/react-router.js?v=e6e31490:4139:26)
    at RenderErrorBoundary (http://localhost:63315/node_modules/.cache/storybook/10.5.10/d089ae206bd7a58edd27e2b4d3689eedc26f6a98c46b1c5d1ba852a9c5dce8b8/sb-vitest/deps/react-router.js?v=e6e31490:4073:3)
    at DataRoutes2 (http://localhost:63315/node_modules/.cache/storybook/10.5.10/d089ae206bd7a58edd27e2b4d3689eedc26f6a98c46b1c5d1ba852a9c5dce8b8/sb-vitest/deps/react-router.js?v=e6e31490:4706:24)
    at Router (http://localhost:63315/node_modules/.cache/storybook/10.5.10/d089ae206bd7a58edd27e2b4d3689eedc26f6a98c46b1c5d1ba852a9c5dce8b8/sb-vitest/deps/react-router.js?v=e6e31490:4771:29)
    at RouterProvider (http://localhost:63315/node_modules/.cache/storybook/10.5.10/d089ae206bd7a58edd27e2b4d3689eedc26f6a98c46b1c5d1ba852a9c5dce8b8/sb-vitest/deps/react-router.js?v=e6e31490:4516:27)
    at unboundStoryFn (http://localhost:63315/node_modules/.cache/storybook/10.5.10/d089ae206bd7a58edd27e2b4d3689eedc26f6a98c46b1c5d1ba852a9c5dce8b8/sb-vitest/deps/csf-B8OjfbGV.js?v=d4d00fa8:8788:243)
stderr | ClientApp/src/routes/acceptQuote/AcceptQuote.stories.tsx > Summary And Accept Step
Warning: An update to QuotationSummary inside a test was not wrapped in act(...).

When testing, code that causes React state updates should be wrapped into act(...):

act(() => {
  /* fire events that update state */
});
/* assert on the output */

This ensures that you're testing the behavior the user would see in the browser. Learn more at https://reactjs.org/link/wrap-tests-with-act
    at QuotationSummary (http://localhost:63315/ClientApp/src/routes/acceptQuote/quotationSummary.tsx:17:10)
    at div
    at div
    at Transition (http://localhost:63315/node_modules/.cache/storybook/10.5.10/d089ae206bd7a58edd27e2b4d3689eedc26f6a98c46b1c5d1ba852a9c5dce8b8/sb-vitest/deps/Modal-DPe2VpGT.js?v=d4d00fa8:218:32)
    at http://localhost:63315/node_modules/.cache/storybook/10.5.10/d089ae206bd7a58edd27e2b4d3689eedc26f6a98c46b1c5d1ba852a9c5dce8b8/sb-vitest/deps/Modal-DPe2VpGT.js?v=d4d00fa8:786:66
    at http://localhost:63315/node_modules/.cache/storybook/10.5.10/d089ae206bd7a58edd27e2b4d3689eedc26f6a98c46b1c5d1ba852a9c5dce8b8/sb-vitest/deps/react-bootstrap.js?v=bcabbf56:60:57
    at http://localhost:63315/node_modules/.cache/storybook/10.5.10/d089ae206bd7a58edd27e2b4d3689eedc26f6a98c46b1c5d1ba852a9c5dce8b8/sb-vitest/deps/react-bootstrap.js?v=bcabbf56:118:70
    at http://localhost:63315/node_modules/.cache/storybook/10.5.10/d089ae206bd7a58edd27e2b4d3689eedc26f6a98c46b1c5d1ba852a9c5dce8b8/sb-vitest/deps/react-bootstrap.js?v=bcabbf56:136:66
    at div
    at http://localhost:63315/node_modules/.cache/storybook/10.5.10/d089ae206bd7a58edd27e2b4d3689eedc26f6a98c46b1c5d1ba852a9c5dce8b8/sb-vitest/deps/react-bootstrap.js?v=bcabbf56:201:66
    at CustomAccordionBody (http://localhost:63315/ClientApp/src/components/Accordion/index.tsx:91:10)
    at div
    at http://localhost:63315/node_modules/.cache/storybook/10.5.10/d089ae206bd7a58edd27e2b4d3689eedc26f6a98c46b1c5d1ba852a9c5dce8b8/sb-vitest/deps/react-bootstrap.js?v=bcabbf56:217:117
    at div
    at CustomAccordion (http://localhost:63315/ClientApp/src/components/Accordion/index.tsx:30:10)
    at div
    at http://localhost:63315/node_modules/.cache/storybook/10.5.10/d089ae206bd7a58edd27e2b4d3689eedc26f6a98c46b1c5d1ba852a9c5dce8b8/sb-vitest/deps/react-bootstrap_Row.js?v=edf1b346:10:52
    at SummaryAndAccept (http://localhost:63315/ClientApp/src/routes/acceptQuote/summaryAndAccept.tsx:31:17)
    at hookified (http://localhost:63315/node_modules/.cache/storybook/10.5.10/d089ae206bd7a58edd27e2b4d3689eedc26f6a98c46b1c5d1ba852a9c5dce8b8/sb-vitest/deps/csf-B8OjfbGV.js?v=d4d00fa8:8281:9)
    at form
    at http://localhost:63315/node_modules/.cache/storybook/10.5.10/d089ae206bd7a58edd27e2b4d3689eedc26f6a98c46b1c5d1ba852a9c5dce8b8/sb-vitest/deps/formik.js?v=6f093980:3385:21
    at Formik (http://localhost:63315/node_modules/.cache/storybook/10.5.10/d089ae206bd7a58edd27e2b4d3689eedc26f6a98c46b1c5d1ba852a9c5dce8b8/sb-vitest/deps/formik.js?v=6f093980:3190:18)
    at RenderedRoute (http://localhost:63315/node_modules/.cache/storybook/10.5.10/d089ae206bd7a58edd27e2b4d3689eedc26f6a98c46b1c5d1ba852a9c5dce8b8/sb-vitest/deps/react-router.js?v=e6e31490:4139:26)
    at RenderErrorBoundary (http://localhost:63315/node_modules/.cache/storybook/10.5.10/d089ae206bd7a58edd27e2b4d3689eedc26f6a98c46b1c5d1ba852a9c5dce8b8/sb-vitest/deps/react-router.js?v=e6e31490:4073:3)
    at DataRoutes2 (http://localhost:63315/node_modules/.cache/storybook/10.5.10/d089ae206bd7a58edd27e2b4d3689eedc26f6a98c46b1c5d1ba852a9c5dce8b8/sb-vitest/deps/react-router.js?v=e6e31490:4706:24)
    at Router (http://localhost:63315/node_modules/.cache/storybook/10.5.10/d089ae206bd7a58edd27e2b4d3689eedc26f6a98c46b1c5d1ba852a9c5dce8b8/sb-vitest/deps/react-router.js?v=e6e31490:4771:29)
    at RouterProvider (http://localhost:63315/node_modules/.cache/storybook/10.5.10/d089ae206bd7a58edd27e2b4d3689eedc26f6a98c46b1c5d1ba852a9c5dce8b8/sb-vitest/deps/react-router.js?v=e6e31490:4516:27)
    at unboundStoryFn (http://localhost:63315/node_modules/.cache/storybook/10.5.10/d089ae206bd7a58edd27e2b4d3689eedc26f6a98c46b1c5d1ba852a9c5dce8b8/sb-vitest/deps/csf-B8OjfbGV.js?v=d4d00fa8:8788:243)
stderr | ClientApp/src/routes/acceptQuote/AcceptQuote.stories.tsx > Summary And Accept Step
Warning: An update to QuotationSummary inside a test was not wrapped in act(...).

When testing, code that causes React state updates should be wrapped into act(...):

act(() => {
  /* fire events that update state */
});
/* assert on the output */

This ensures that you're testing the behavior the user would see in the browser. Learn more at https://reactjs.org/link/wrap-tests-with-act
    at QuotationSummary (http://localhost:63315/ClientApp/src/routes/acceptQuote/quotationSummary.tsx:17:10)
    at div
    at div
    at Transition (http://localhost:63315/node_modules/.cache/storybook/10.5.10/d089ae206bd7a58edd27e2b4d3689eedc26f6a98c46b1c5d1ba852a9c5dce8b8/sb-vitest/deps/Modal-DPe2VpGT.js?v=d4d00fa8:218:32)
    at http://localhost:63315/node_modules/.cache/storybook/10.5.10/d089ae206bd7a58edd27e2b4d3689eedc26f6a98c46b1c5d1ba852a9c5dce8b8/sb-vitest/deps/Modal-DPe2VpGT.js?v=d4d00fa8:786:66
    at http://localhost:63315/node_modules/.cache/storybook/10.5.10/d089ae206bd7a58edd27e2b4d3689eedc26f6a98c46b1c5d1ba852a9c5dce8b8/sb-vitest/deps/react-bootstrap.js?v=bcabbf56:60:57
    at http://localhost:63315/node_modules/.cache/storybook/10.5.10/d089ae206bd7a58edd27e2b4d3689eedc26f6a98c46b1c5d1ba852a9c5dce8b8/sb-vitest/deps/react-bootstrap.js?v=bcabbf56:118:70
    at http://localhost:63315/node_modules/.cache/storybook/10.5.10/d089ae206bd7a58edd27e2b4d3689eedc26f6a98c46b1c5d1ba852a9c5dce8b8/sb-vitest/deps/react-bootstrap.js?v=bcabbf56:136:66
    at div
    at http://localhost:63315/node_modules/.cache/storybook/10.5.10/d089ae206bd7a58edd27e2b4d3689eedc26f6a98c46b1c5d1ba852a9c5dce8b8/sb-vitest/deps/react-bootstrap.js?v=bcabbf56:201:66
    at CustomAccordionBody (http://localhost:63315/ClientApp/src/components/Accordion/index.tsx:91:10)
    at div
    at http://localhost:63315/node_modules/.cache/storybook/10.5.10/d089ae206bd7a58edd27e2b4d3689eedc26f6a98c46b1c5d1ba852a9c5dce8b8/sb-vitest/deps/react-bootstrap.js?v=bcabbf56:217:117
    at div
    at CustomAccordion (http://localhost:63315/ClientApp/src/components/Accordion/index.tsx:30:10)
    at div
    at http://localhost:63315/node_modules/.cache/storybook/10.5.10/d089ae206bd7a58edd27e2b4d3689eedc26f6a98c46b1c5d1ba852a9c5dce8b8/sb-vitest/deps/react-bootstrap_Row.js?v=edf1b346:10:52
    at SummaryAndAccept (http://localhost:63315/ClientApp/src/routes/acceptQuote/summaryAndAccept.tsx:31:17)
    at hookified (http://localhost:63315/node_modules/.cache/storybook/10.5.10/d089ae206bd7a58edd27e2b4d3689eedc26f6a98c46b1c5d1ba852a9c5dce8b8/sb-vitest/deps/csf-B8OjfbGV.js?v=d4d00fa8:8281:9)
    at form
    at http://localhost:63315/node_modules/.cache/storybook/10.5.10/d089ae206bd7a58edd27e2b4d3689eedc26f6a98c46b1c5d1ba852a9c5dce8b8/sb-vitest/deps/formik.js?v=6f093980:3385:21
    at Formik (http://localhost:63315/node_modules/.cache/storybook/10.5.10/d089ae206bd7a58edd27e2b4d3689eedc26f6a98c46b1c5d1ba852a9c5dce8b8/sb-vitest/deps/formik.js?v=6f093980:3190:18)
    at RenderedRoute (http://localhost:63315/node_modules/.cache/storybook/10.5.10/d089ae206bd7a58edd27e2b4d3689eedc26f6a98c46b1c5d1ba852a9c5dce8b8/sb-vitest/deps/react-router.js?v=e6e31490:4139:26)
    at RenderErrorBoundary (http://localhost:63315/node_modules/.cache/storybook/10.5.10/d089ae206bd7a58edd27e2b4d3689eedc26f6a98c46b1c5d1ba852a9c5dce8b8/sb-vitest/deps/react-router.js?v=e6e31490:4073:3)
    at DataRoutes2 (http://localhost:63315/node_modules/.cache/storybook/10.5.10/d089ae206bd7a58edd27e2b4d3689eedc26f6a98c46b1c5d1ba852a9c5dce8b8/sb-vitest/deps/react-router.js?v=e6e31490:4706:24)
    at Router (http://localhost:63315/node_modules/.cache/storybook/10.5.10/d089ae206bd7a58edd27e2b4d3689eedc26f6a98c46b1c5d1ba852a9c5dce8b8/sb-vitest/deps/react-router.js?v=e6e31490:4771:29)
    at RouterProvider (http://localhost:63315/node_modules/.cache/storybook/10.5.10/d089ae206bd7a58edd27e2b4d3689eedc26f6a98c46b1c5d1ba852a9c5dce8b8/sb-vitest/deps/react-router.js?v=e6e31490:4516:27)
    at unboundStoryFn (http://localhost:63315/node_modules/.cache/storybook/10.5.10/d089ae206bd7a58edd27e2b4d3689eedc26f6a98c46b1c5d1ba852a9c5dce8b8/sb-vitest/deps/csf-B8OjfbGV.js?v=d4d00fa8:8788:243)
 ✓ |storybook (chromium)| ClientApp/src/routes/acceptQuote/AcceptQuote.stories.tsx (7 tests) 2405ms
   ✓ Report Recipient Step  1842ms
10:55:16 am [vite] [33m[2m(client)[22m[39m [2m[console.warn] [22m[MSW] Warning: intercepted a request without a matching request handler:

  • GET https://www.googletagmanager.com/gtag/js?id=

If you still wish to intercept this unhandled request, please create a request handler for it.
Read more: https://mswjs.io/docs/http/intercepting-requests
stderr | ClientApp/src/components/forms/WizardForm/WizardForm.stories.tsx > Step 1 Contact Details
[MSW] Warning: intercepted a request without a matching request handler:

  • GET https://www.googletagmanager.com/gtag/js?id=

If you still wish to intercept this unhandled request, please create a request handler for it.
Read more: https://mswjs.io/docs/http/intercepting-requests
 ✓ |storybook (chromium)| ClientApp/src/components/Footer/Footer.stories.tsx (4 tests) 2264ms
   ✓ Default  1581ms
 ✓ |storybook (chromium)| ClientApp/src/components/forms/WizardForm/WizardForm.stories.tsx (3 tests) 2403ms
   ✓ Step 1 Contact Details  2257ms
stderr | unknown test
[env] Missing required runtime variable: REACT_APP_APPINSIGHTS_INSTRUMENTATIONKEY
stderr | unknown test
[env] Missing required runtime variable: REACT_APP_GA_TRACKINGID
10:55:19 am [vite] [31m[2m(client)[22m[39m [2m[console.error] [22m[env] Missing required runtime variable: REACT_APP_APPINSIGHTS_INSTRUMENTATIONKEY
10:55:19 am [vite] [31m[2m(client)[22m[39m [2m[console.error] [22m[env] Missing required runtime variable: REACT_APP_GA_TRACKINGID
10:55:20 am [vite] [31m[2m(client)[22m[39m [2m[console.error] [22mWarning: An update to InstrMeasurementReport inside a test was not wrapped in act(...).

When testing, code that causes React state updates should be wrapped into act(...):

act(() => {
  /* fire events that update state */
});
/* assert on the output */

This ensures that you're testing the behavior the user would see in the browser. Learn more at https://reactjs.org/link/wrap-tests-with-act
    at InstrMeasurementReport (http://localhost:63315/ClientApp/src/routes/measurementReport/indexList.tsx:20:17)
    at hookified (http://localhost:63315/node_modules/.cache/storybook/10.5.10/d089ae206bd7a58edd27e2b4d3689eedc26f6a98c46b1c5d1ba852a9c5dce8b8/sb-vitest/deps/csf-B8OjfbGV.js?v=d4d00fa8:8281:9)
    at RenderedRoute (http://localhost:63315/node_modules/.cache/storybook/10.5.10/d089ae206bd7a58edd27e2b4d3689eedc26f6a98c46b1c5d1ba852a9c5dce8b8/sb-vitest/deps/react-router.js?v=e6e31490:4139:26)
    at RenderErrorBoundary (http://localhost:63315/node_modules/.cache/storybook/10.5.10/d089ae206bd7a58edd27e2b4d3689eedc26f6a98c46b1c5d1ba852a9c5dce8b8/sb-vitest/deps/react-router.js?v=e6e31490:4073:3)
    at DataRoutes2 (http://localhost:63315/node_modules/.cache/storybook/10.5.10/d089ae206bd7a58edd27e2b4d3689eedc26f6a98c46b1c5d1ba852a9c5dce8b8/sb-vitest/deps/react-router.js?v=e6e31490:4706:24)
    at Router (http://localhost:63315/node_modules/.cache/storybook/10.5.10/d089ae206bd7a58edd27e2b4d3689eedc26f6a98c46b1c5d1ba852a9c5dce8b8/sb-vitest/deps/react-router.js?v=e6e31490:4771:29)
    at RouterProvider (http://localhost:63315/node_modules/.cache/storybook/10.5.10/d089ae206bd7a58edd27e2b4d3689eedc26f6a98c46b1c5d1ba852a9c5dce8b8/sb-vitest/deps/react-router.js?v=e6e31490:4516:27)
    at unboundStoryFn (http://localhost:63315/node_modules/.cache/storybook/10.5.10/d089ae206bd7a58edd27e2b4d3689eedc26f6a98c46b1c5d1ba852a9c5dce8b8/sb-vitest/deps/csf-B8OjfbGV.js?v=d4d00fa8:8788:243)
10:55:20 am [vite] [31m[2m(client)[22m[39m [2m[console.error] [22mWarning: An update to InstrMeasurementReport inside a test was not wrapped in act(...).

When testing, code that causes React state updates should be wrapped into act(...):

act(() => {
  /* fire events that update state */
});
/* assert on the output */

This ensures that you're testing the behavior the user would see in the browser. Learn more at https://reactjs.org/link/wrap-tests-with-act
    at InstrMeasurementReport (http://localhost:63315/ClientApp/src/routes/measurementReport/indexList.tsx:20:17)
    at hookified (http://localhost:63315/node_modules/.cache/storybook/10.5.10/d089ae206bd7a58edd27e2b4d3689eedc26f6a98c46b1c5d1ba852a9c5dce8b8/sb-vitest/deps/csf-B8OjfbGV.js?v=d4d00fa8:8281:9)
    at RenderedRoute (http://localhost:63315/node_modules/.cache/storybook/10.5.10/d089ae206bd7a58edd27e2b4d3689eedc26f6a98c46b1c5d1ba852a9c5dce8b8/sb-vitest/deps/react-router.js?v=e6e31490:4139:26)
    at RenderErrorBoundary (http://localhost:63315/node_modules/.cache/storybook/10.5.10/d089ae206bd7a58edd27e2b4d3689eedc26f6a98c46b1c5d1ba852a9c5dce8b8/sb-vitest/deps/react-router.js?v=e6e31490:4073:3)
    at DataRoutes2 (http://localhost:63315/node_modules/.cache/storybook/10.5.10/d089ae206bd7a58edd27e2b4d3689eedc26f6a98c46b1c5d1ba852a9c5dce8b8/sb-vitest/deps/react-router.js?v=e6e31490:4706:24)
    at Router (http://localhost:63315/node_modules/.cache/storybook/10.5.10/d089ae206bd7a58edd27e2b4d3689eedc26f6a98c46b1c5d1ba852a9c5dce8b8/sb-vitest/deps/react-router.js?v=e6e31490:4771:29)
    at RouterProvider (http://localhost:63315/node_modules/.cache/storybook/10.5.10/d089ae206bd7a58edd27e2b4d3689eedc26f6a98c46b1c5d1ba852a9c5dce8b8/sb-vitest/deps/react-router.js?v=e6e31490:4516:27)
    at unboundStoryFn (http://localhost:63315/node_modules/.cache/storybook/10.5.10/d089ae206bd7a58edd27e2b4d3689eedc26f6a98c46b1c5d1ba852a9c5dce8b8/sb-vitest/deps/csf-B8OjfbGV.js?v=d4d00fa8:8788:243)
10:55:20 am [vite] [31m[2m(client)[22m[39m [2m[console.error] [22mWarning: An update to InstrMeasurementReport inside a test was not wrapped in act(...).

When testing, code that causes React state updates should be wrapped into act(...):

act(() => {
  /* fire events that update state */
});
/* assert on the output */

This ensures that you're testing the behavior the user would see in the browser. Learn more at https://reactjs.org/link/wrap-tests-with-act
    at InstrMeasurementReport (http://localhost:63315/ClientApp/src/routes/measurementReport/indexList.tsx:20:17)
    at hookified (http://localhost:63315/node_modules/.cache/storybook/10.5.10/d089ae206bd7a58edd27e2b4d3689eedc26f6a98c46b1c5d1ba852a9c5dce8b8/sb-vitest/deps/csf-B8OjfbGV.js?v=d4d00fa8:8281:9)
    at RenderedRoute (http://localhost:63315/node_modules/.cache/storybook/10.5.10/d089ae206bd7a58edd27e2b4d3689eedc26f6a98c46b1c5d1ba852a9c5dce8b8/sb-vitest/deps/react-router.js?v=e6e31490:4139:26)
    at RenderErrorBoundary (http://localhost:63315/node_modules/.cache/storybook/10.5.10/d089ae206bd7a58edd27e2b4d3689eedc26f6a98c46b1c5d1ba852a9c5dce8b8/sb-vitest/deps/react-router.js?v=e6e31490:4073:3)
    at DataRoutes2 (http://localhost:63315/node_modules/.cache/storybook/10.5.10/d089ae206bd7a58edd27e2b4d3689eedc26f6a98c46b1c5d1ba852a9c5dce8b8/sb-vitest/deps/react-router.js?v=e6e31490:4706:24)
    at Router (http://localhost:63315/node_modules/.cache/storybook/10.5.10/d089ae206bd7a58edd27e2b4d3689eedc26f6a98c46b1c5d1ba852a9c5dce8b8/sb-vitest/deps/react-router.js?v=e6e31490:4771:29)
    at RouterProvider (http://localhost:63315/node_modules/.cache/storybook/10.5.10/d089ae206bd7a58edd27e2b4d3689eedc26f6a98c46b1c5d1ba852a9c5dce8b8/sb-vitest/deps/react-router.js?v=e6e31490:4516:27)
    at unboundStoryFn (http://localhost:63315/node_modules/.cache/storybook/10.5.10/d089ae206bd7a58edd27e2b4d3689eedc26f6a98c46b1c5d1ba852a9c5dce8b8/sb-vitest/deps/csf-B8OjfbGV.js?v=d4d00fa8:8788:243)
10:55:20 am [vite] [31m[2m(client)[22m[39m [2m[console.error] [22mWarning: An update to $42ceafc619f9c3ba$export$bf788dd355e3a401 inside a test was not wrapped in act(...).

When testing, code that causes React state updates should be wrapped into act(...):

act(() => {
  /* fire events that update state */
});
/* assert on the output */

This ensures that you're testing the behavior the user would see in the browser. Learn more at https://reactjs.org/link/wrap-tests-with-act
    at $42ceafc619f9c3ba$export$bf788dd355e3a401 (http://localhost:63315/node_modules/.cache/storybook/10.5.10/d089ae206bd7a58edd27e2b4d3689eedc26f6a98c46b1c5d1ba852a9c5dce8b8/sb-vitest/deps/Collection-B9ePPz5R.js?v=d4d00fa8:703:34)
    at Breadcrumbs (http://localhost:63315/node_modules/.cache/storybook/10.5.10/d089ae206bd7a58edd27e2b4d3689eedc26f6a98c46b1c5d1ba852a9c5dce8b8/sb-vitest/deps/Breadcrumbs-C0DnT5iV.js?v=d4d00fa8:198:17)
    at nav
    at CustomBreadcrumb (http://localhost:63315/ClientApp/src/components/Breadcrumb/index.tsx:6:29)
    at div
    at http://localhost:63315/node_modules/.cache/storybook/10.5.10/d089ae206bd7a58edd27e2b4d3689eedc26f6a98c46b1c5d1ba852a9c5dce8b8/sb-vitest/deps/react-bootstrap_Col.js?v=869d6675:39:83
    at div
    at http://localhost:63315/node_modules/.cache/storybook/10.5.10/d089ae206bd7a58edd27e2b4d3689eedc26f6a98c46b1c5d1ba852a9c5dce8b8/sb-vitest/deps/react-bootstrap_Row.js?v=edf1b346:10:52
    at div
    at http://localhost:63315/node_modules/.cache/storybook/10.5.10/d089ae206bd7a58edd27e2b4d3689eedc26f6a98c46b1c5d1ba852a9c5dce8b8/sb-vitest/deps/react-bootstrap.js?v=bcabbf56:900:58
    at div
    at http://localhost:63315/node_modules/.cache/storybook/10.5.10/d089ae206bd7a58edd27e2b4d3689eedc26f6a98c46b1c5d1ba852a9c5dce8b8/sb-vitest/deps/react-bootstrap.js?v=bcabbf56:900:58
    at div
    at InstrMeasurementReport (http://localhost:63315/ClientApp/src/routes/measurementReport/indexList.tsx:20:17)
    at hookified (http://localhost:63315/node_modules/.cache/storybook/10.5.10/d089ae206bd7a58edd27e2b4d3689eedc26f6a98c46b1c5d1ba852a9c5dce8b8/sb-vitest/deps/csf-B8OjfbGV.js?v=d4d00fa8:8281:9)
    at RenderedRoute (http://localhost:63315/node_modules/.cache/storybook/10.5.10/d089ae206bd7a58edd27e2b4d3689eedc26f6a98c46b1c5d1ba852a9c5dce8b8/sb-vitest/deps/react-router.js?v=e6e31490:4139:26)
    at RenderErrorBoundary (http://localhost:63315/node_modules/.cache/storybook/10.5.10/d089ae206bd7a58edd27e2b4d3689eedc26f6a98c46b1c5d1ba852a9c5dce8b8/sb-vitest/deps/react-router.js?v=e6e31490:4073:3)
    at DataRoutes2 (http://localhost:63315/node_modules/.cache/storybook/10.5.10/d089ae206bd7a58edd27e2b4d3689eedc26f6a98c46b1c5d1ba852a9c5dce8b8/sb-vitest/deps/react-router.js?v=e6e31490:4706:24)
    at Router (http://localhost:63315/node_modules/.cache/storybook/10.5.10/d089ae206bd7a58edd27e2b4d3689eedc26f6a98c46b1c5d1ba852a9c5dce8b8/sb-vitest/deps/react-router.js?v=e6e31490:4771:29)
    at RouterProvider (http://localhost:63315/node_modules/.cache/storybook/10.5.10/d089ae206bd7a58edd27e2b4d3689eedc26f6a98c46b1c5d1ba852a9c5dce8b8/sb-vitest/deps/react-router.js?v=e6e31490:4516:27)
    at unboundStoryFn (http://localhost:63315/node_modules/.cache/storybook/10.5.10/d089ae206bd7a58edd27e2b4d3689eedc26f6a98c46b1c5d1ba852a9c5dce8b8/sb-vitest/deps/csf-B8OjfbGV.js?v=d4d00fa8:8788:243)
stderr | ClientApp/src/routes/measurementReport/indexList.stories.tsx > Shell
Warning: An update to InstrMeasurementReport inside a test was not wrapped in act(...).

When testing, code that causes React state updates should be wrapped into act(...):

act(() => {
  /* fire events that update state */
});
/* assert on the output */

This ensures that you're testing the behavior the user would see in the browser. Learn more at https://reactjs.org/link/wrap-tests-with-act
    at InstrMeasurementReport (http://localhost:63315/ClientApp/src/routes/measurementReport/indexList.tsx:20:17)
    at hookified (http://localhost:63315/node_modules/.cache/storybook/10.5.10/d089ae206bd7a58edd27e2b4d3689eedc26f6a98c46b1c5d1ba852a9c5dce8b8/sb-vitest/deps/csf-B8OjfbGV.js?v=d4d00fa8:8281:9)
    at RenderedRoute (http://localhost:63315/node_modules/.cache/storybook/10.5.10/d089ae206bd7a58edd27e2b4d3689eedc26f6a98c46b1c5d1ba852a9c5dce8b8/sb-vitest/deps/react-router.js?v=e6e31490:4139:26)
    at RenderErrorBoundary (http://localhost:63315/node_modules/.cache/storybook/10.5.10/d089ae206bd7a58edd27e2b4d3689eedc26f6a98c46b1c5d1ba852a9c5dce8b8/sb-vitest/deps/react-router.js?v=e6e31490:4073:3)
    at DataRoutes2 (http://localhost:63315/node_modules/.cache/storybook/10.5.10/d089ae206bd7a58edd27e2b4d3689eedc26f6a98c46b1c5d1ba852a9c5dce8b8/sb-vitest/deps/react-router.js?v=e6e31490:4706:24)
    at Router (http://localhost:63315/node_modules/.cache/storybook/10.5.10/d089ae206bd7a58edd27e2b4d3689eedc26f6a98c46b1c5d1ba852a9c5dce8b8/sb-vitest/deps/react-router.js?v=e6e31490:4771:29)
    at RouterProvider (http://localhost:63315/node_modules/.cache/storybook/10.5.10/d089ae206bd7a58edd27e2b4d3689eedc26f6a98c46b1c5d1ba852a9c5dce8b8/sb-vitest/deps/react-router.js?v=e6e31490:4516:27)
    at unboundStoryFn (http://localhost:63315/node_modules/.cache/storybook/10.5.10/d089ae206bd7a58edd27e2b4d3689eedc26f6a98c46b1c5d1ba852a9c5dce8b8/sb-vitest/deps/csf-B8OjfbGV.js?v=d4d00fa8:8788:243)
stderr | ClientApp/src/routes/measurementReport/indexList.stories.tsx > Shell
Warning: An update to InstrMeasurementReport inside a test was not wrapped in act(...).

When testing, code that causes React state updates should be wrapped into act(...):

act(() => {
  /* fire events that update state */
});
/* assert on the output */

This ensures that you're testing the behavior the user would see in the browser. Learn more at https://reactjs.org/link/wrap-tests-with-act
    at InstrMeasurementReport (http://localhost:63315/ClientApp/src/routes/measurementReport/indexList.tsx:20:17)
    at hookified (http://localhost:63315/node_modules/.cache/storybook/10.5.10/d089ae206bd7a58edd27e2b4d3689eedc26f6a98c46b1c5d1ba852a9c5dce8b8/sb-vitest/deps/csf-B8OjfbGV.js?v=d4d00fa8:8281:9)
    at RenderedRoute (http://localhost:63315/node_modules/.cache/storybook/10.5.10/d089ae206bd7a58edd27e2b4d3689eedc26f6a98c46b1c5d1ba852a9c5dce8b8/sb-vitest/deps/react-router.js?v=e6e31490:4139:26)
    at RenderErrorBoundary (http://localhost:63315/node_modules/.cache/storybook/10.5.10/d089ae206bd7a58edd27e2b4d3689eedc26f6a98c46b1c5d1ba852a9c5dce8b8/sb-vitest/deps/react-router.js?v=e6e31490:4073:3)
    at DataRoutes2 (http://localhost:63315/node_modules/.cache/storybook/10.5.10/d089ae206bd7a58edd27e2b4d3689eedc26f6a98c46b1c5d1ba852a9c5dce8b8/sb-vitest/deps/react-router.js?v=e6e31490:4706:24)
    at Router (http://localhost:63315/node_modules/.cache/storybook/10.5.10/d089ae206bd7a58edd27e2b4d3689eedc26f6a98c46b1c5d1ba852a9c5dce8b8/sb-vitest/deps/react-router.js?v=e6e31490:4771:29)
    at RouterProvider (http://localhost:63315/node_modules/.cache/storybook/10.5.10/d089ae206bd7a58edd27e2b4d3689eedc26f6a98c46b1c5d1ba852a9c5dce8b8/sb-vitest/deps/react-router.js?v=e6e31490:4516:27)
    at unboundStoryFn (http://localhost:63315/node_modules/.cache/storybook/10.5.10/d089ae206bd7a58edd27e2b4d3689eedc26f6a98c46b1c5d1ba852a9c5dce8b8/sb-vitest/deps/csf-B8OjfbGV.js?v=d4d00fa8:8788:243)
stderr | ClientApp/src/routes/measurementReport/indexList.stories.tsx > Shell
Warning: An update to InstrMeasurementReport inside a test was not wrapped in act(...).

When testing, code that causes React state updates should be wrapped into act(...):

act(() => {
  /* fire events that update state */
});
/* assert on the output */

This ensures that you're testing the behavior the user would see in the browser. Learn more at https://reactjs.org/link/wrap-tests-with-act
    at InstrMeasurementReport (http://localhost:63315/ClientApp/src/routes/measurementReport/indexList.tsx:20:17)
    at hookified (http://localhost:63315/node_modules/.cache/storybook/10.5.10/d089ae206bd7a58edd27e2b4d3689eedc26f6a98c46b1c5d1ba852a9c5dce8b8/sb-vitest/deps/csf-B8OjfbGV.js?v=d4d00fa8:8281:9)
    at RenderedRoute (http://localhost:63315/node_modules/.cache/storybook/10.5.10/d089ae206bd7a58edd27e2b4d3689eedc26f6a98c46b1c5d1ba852a9c5dce8b8/sb-vitest/deps/react-router.js?v=e6e31490:4139:26)
    at RenderErrorBoundary (http://localhost:63315/node_modules/.cache/storybook/10.5.10/d089ae206bd7a58edd27e2b4d3689eedc26f6a98c46b1c5d1ba852a9c5dce8b8/sb-vitest/deps/react-router.js?v=e6e31490:4073:3)
    at DataRoutes2 (http://localhost:63315/node_modules/.cache/storybook/10.5.10/d089ae206bd7a58edd27e2b4d3689eedc26f6a98c46b1c5d1ba852a9c5dce8b8/sb-vitest/deps/react-router.js?v=e6e31490:4706:24)
    at Router (http://localhost:63315/node_modules/.cache/storybook/10.5.10/d089ae206bd7a58edd27e2b4d3689eedc26f6a98c46b1c5d1ba852a9c5dce8b8/sb-vitest/deps/react-router.js?v=e6e31490:4771:29)
    at RouterProvider (http://localhost:63315/node_modules/.cache/storybook/10.5.10/d089ae206bd7a58edd27e2b4d3689eedc26f6a98c46b1c5d1ba852a9c5dce8b8/sb-vitest/deps/react-router.js?v=e6e31490:4516:27)
    at unboundStoryFn (http://localhost:63315/node_modules/.cache/storybook/10.5.10/d089ae206bd7a58edd27e2b4d3689eedc26f6a98c46b1c5d1ba852a9c5dce8b8/sb-vitest/deps/csf-B8OjfbGV.js?v=d4d00fa8:8788:243)
stderr | ClientApp/src/routes/measurementReport/indexList.stories.tsx > Shell
Warning: An update to $42ceafc619f9c3ba$export$bf788dd355e3a401 inside a test was not wrapped in act(...).

When testing, code that causes React state updates should be wrapped into act(...):

act(() => {
  /* fire events that update state */
});
/* assert on the output */

This ensures that you're testing the behavior the user would see in the browser. Learn more at https://reactjs.org/link/wrap-tests-with-act
    at $42ceafc619f9c3ba$export$bf788dd355e3a401 (http://localhost:63315/node_modules/.cache/storybook/10.5.10/d089ae206bd7a58edd27e2b4d3689eedc26f6a98c46b1c5d1ba852a9c5dce8b8/sb-vitest/deps/Collection-B9ePPz5R.js?v=d4d00fa8:703:34)
    at Breadcrumbs (http://localhost:63315/node_modules/.cache/storybook/10.5.10/d089ae206bd7a58edd27e2b4d3689eedc26f6a98c46b1c5d1ba852a9c5dce8b8/sb-vitest/deps/Breadcrumbs-C0DnT5iV.js?v=d4d00fa8:198:17)
    at nav
    at CustomBreadcrumb (http://localhost:63315/ClientApp/src/components/Breadcrumb/index.tsx:6:29)
    at div
    at http://localhost:63315/node_modules/.cache/storybook/10.5.10/d089ae206bd7a58edd27e2b4d3689eedc26f6a98c46b1c5d1ba852a9c5dce8b8/sb-vitest/deps/react-bootstrap_Col.js?v=869d6675:39:83
    at div
    at http://localhost:63315/node_modules/.cache/storybook/10.5.10/d089ae206bd7a58edd27e2b4d3689eedc26f6a98c46b1c5d1ba852a9c5dce8b8/sb-vitest/deps/react-bootstrap_Row.js?v=edf1b346:10:52
    at div
    at http://localhost:63315/node_modules/.cache/storybook/10.5.10/d089ae206bd7a58edd27e2b4d3689eedc26f6a98c46b1c5d1ba852a9c5dce8b8/sb-vitest/deps/react-bootstrap.js?v=bcabbf56:900:58
    at div
    at http://localhost:63315/node_modules/.cache/storybook/10.5.10/d089ae206bd7a58edd27e2b4d3689eedc26f6a98c46b1c5d1ba852a9c5dce8b8/sb-vitest/deps/react-bootstrap.js?v=bcabbf56:900:58
    at div
    at InstrMeasurementReport (http://localhost:63315/ClientApp/src/routes/measurementReport/indexList.tsx:20:17)
    at hookified (http://localhost:63315/node_modules/.cache/storybook/10.5.10/d089ae206bd7a58edd27e2b4d3689eedc26f6a98c46b1c5d1ba852a9c5dce8b8/sb-vitest/deps/csf-B8OjfbGV.js?v=d4d00fa8:8281:9)
    at RenderedRoute (http://localhost:63315/node_modules/.cache/storybook/10.5.10/d089ae206bd7a58edd27e2b4d3689eedc26f6a98c46b1c5d1ba852a9c5dce8b8/sb-vitest/deps/react-router.js?v=e6e31490:4139:26)
    at RenderErrorBoundary (http://localhost:63315/node_modules/.cache/storybook/10.5.10/d089ae206bd7a58edd27e2b4d3689eedc26f6a98c46b1c5d1ba852a9c5dce8b8/sb-vitest/deps/react-router.js?v=e6e31490:4073:3)
    at DataRoutes2 (http://localhost:63315/node_modules/.cache/storybook/10.5.10/d089ae206bd7a58edd27e2b4d3689eedc26f6a98c46b1c5d1ba852a9c5dce8b8/sb-vitest/deps/react-router.js?v=e6e31490:4706:24)
    at Router (http://localhost:63315/node_modules/.cache/storybook/10.5.10/d089ae206bd7a58edd27e2b4d3689eedc26f6a98c46b1c5d1ba852a9c5dce8b8/sb-vitest/deps/react-router.js?v=e6e31490:4771:29)
    at RouterProvider (http://localhost:63315/node_modules/.cache/storybook/10.5.10/d089ae206bd7a58edd27e2b4d3689eedc26f6a98c46b1c5d1ba852a9c5dce8b8/sb-vitest/deps/react-router.js?v=e6e31490:4516:27)
    at unboundStoryFn (http://localhost:63315/node_modules/.cache/storybook/10.5.10/d089ae206bd7a58edd27e2b4d3689eedc26f6a98c46b1c5d1ba852a9c5dce8b8/sb-vitest/deps/csf-B8OjfbGV.js?v=d4d00fa8:8788:243)
stderr | unknown test
[env] Missing required runtime variable: REACT_APP_APPINSIGHTS_INSTRUMENTATIONKEY
stderr | unknown test
[env] Missing required runtime variable: REACT_APP_GA_TRACKINGID
10:55:21 am [vite] [31m[2m(client)[22m[39m [2m[console.error] [22m[env] Missing required runtime variable: REACT_APP_APPINSIGHTS_INSTRUMENTATIONKEY
10:55:21 am [vite] [31m[2m(client)[22m[39m [2m[console.error] [22m[env] Missing required runtime variable: REACT_APP_GA_TRACKINGID
 ✓ |storybook (chromium)| ClientApp/src/components/Home.stories.tsx (1 test) 1827ms
   ✓ Public Landing  1827ms
 ✓ |storybook (chromium)| ClientApp/src/routes/measurementReport/indexList.stories.tsx (1 test) 1560ms
   ✓ Shell  1559ms
 ✓ |storybook (chromium)| ClientApp/src/routes/measurementReport/MeasurementReport.stories.tsx (2 tests) 1046ms
   ✓ Report View  998ms
10:55:22 am [vite] [31m[2m(client)[22m[39m [2m[console.error] [22mWarning: An update to OrganisationNameLookup inside a test was not wrapped in act(...).

When testing, code that causes React state updates should be wrapped into act(...):

act(() => {
  /* fire events that update state */
});
/* assert on the output */

This ensures that you're testing the behavior the user would see in the browser. Learn more at https://reactjs.org/link/wrap-tests-with-act
    at OrganisationNameLookup (http://localhost:63315/ClientApp/src/components/Inputs/OrganisationNameLookup/index.tsx:9:10)
    at div
    at http://localhost:63315/node_modules/.cache/storybook/10.5.10/d089ae206bd7a58edd27e2b4d3689eedc26f6a98c46b1c5d1ba852a9c5dce8b8/sb-vitest/deps/react-bootstrap_Row.js?v=edf1b346:10:52
    at OrganisationDetails
    at hookified (http://localhost:63315/node_modules/.cache/storybook/10.5.10/d089ae206bd7a58edd27e2b4d3689eedc26f6a98c46b1c5d1ba852a9c5dce8b8/sb-vitest/deps/csf-B8OjfbGV.js?v=d4d00fa8:8281:9)
    at form
    at http://localhost:63315/node_modules/.cache/storybook/10.5.10/d089ae206bd7a58edd27e2b4d3689eedc26f6a98c46b1c5d1ba852a9c5dce8b8/sb-vitest/deps/formik.js?v=6f093980:3385:21
    at Formik (http://localhost:63315/node_modules/.cache/storybook/10.5.10/d089ae206bd7a58edd27e2b4d3689eedc26f6a98c46b1c5d1ba852a9c5dce8b8/sb-vitest/deps/formik.js?v=6f093980:3190:18)
    at RenderedRoute (http://localhost:63315/node_modules/.cache/storybook/10.5.10/d089ae206bd7a58edd27e2b4d3689eedc26f6a98c46b1c5d1ba852a9c5dce8b8/sb-vitest/deps/react-router.js?v=e6e31490:4139:26)
    at RenderErrorBoundary (http://localhost:63315/node_modules/.cache/storybook/10.5.10/d089ae206bd7a58edd27e2b4d3689eedc26f6a98c46b1c5d1ba852a9c5dce8b8/sb-vitest/deps/react-router.js?v=e6e31490:4073:3)
    at DataRoutes2 (http://localhost:63315/node_modules/.cache/storybook/10.5.10/d089ae206bd7a58edd27e2b4d3689eedc26f6a98c46b1c5d1ba852a9c5dce8b8/sb-vitest/deps/react-router.js?v=e6e31490:4706:24)
    at Router (http://localhost:63315/node_modules/.cache/storybook/10.5.10/d089ae206bd7a58edd27e2b4d3689eedc26f6a98c46b1c5d1ba852a9c5dce8b8/sb-vitest/deps/react-router.js?v=e6e31490:4771:29)
    at RouterProvider (http://localhost:63315/node_modules/.cache/storybook/10.5.10/d089ae206bd7a58edd27e2b4d3689eedc26f6a98c46b1c5d1ba852a9c5dce8b8/sb-vitest/deps/react-router.js?v=e6e31490:4516:27)
    at unboundStoryFn (http://localhost:63315/node_modules/.cache/storybook/10.5.10/d089ae206bd7a58edd27e2b4d3689eedc26f6a98c46b1c5d1ba852a9c5dce8b8/sb-vitest/deps/csf-B8OjfbGV.js?v=d4d00fa8:8788:243)
10:55:22 am [vite] [31m[2m(client)[22m[39m [2m[console.error] [22mWarning: An update to OrganisationNameLookup inside a test was not wrapped in act(...).

When testing, code that causes React state updates should be wrapped into act(...):

act(() => {
  /* fire events that update state */
});
/* assert on the output */

This ensures that you're testing the behavior the user would see in the browser. Learn more at https://reactjs.org/link/wrap-tests-with-act
    at OrganisationNameLookup (http://localhost:63315/ClientApp/src/components/Inputs/OrganisationNameLookup/index.tsx:9:10)
    at div
    at div
    at http://localhost:63315/node_modules/.cache/storybook/10.5.10/d089ae206bd7a58edd27e2b4d3689eedc26f6a98c46b1c5d1ba852a9c5dce8b8/sb-vitest/deps/react-bootstrap_Row.js?v=edf1b346:10:52
    at OrganisationDetails
    at hookified (http://localhost:63315/node_modules/.cache/storybook/10.5.10/d089ae206bd7a58edd27e2b4d3689eedc26f6a98c46b1c5d1ba852a9c5dce8b8/sb-vitest/deps/csf-B8OjfbGV.js?v=d4d00fa8:8281:9)
    at form
    at http://localhost:63315/node_modules/.cache/storybook/10.5.10/d089ae206bd7a58edd27e2b4d3689eedc26f6a98c46b1c5d1ba852a9c5dce8b8/sb-vitest/deps/formik.js?v=6f093980:3385:21
    at Formik (http://localhost:63315/node_modules/.cache/storybook/10.5.10/d089ae206bd7a58edd27e2b4d3689eedc26f6a98c46b1c5d1ba852a9c5dce8b8/sb-vitest/deps/formik.js?v=6f093980:3190:18)
    at RenderedRoute (http://localhost:63315/node_modules/.cache/storybook/10.5.10/d089ae206bd7a58edd27e2b4d3689eedc26f6a98c46b1c5d1ba852a9c5dce8b8/sb-vitest/deps/react-router.js?v=e6e31490:4139:26)
    at RenderErrorBoundary (http://localhost:63315/node_modules/.cache/storybook/10.5.10/d089ae206bd7a58edd27e2b4d3689eedc26f6a98c46b1c5d1ba852a9c5dce8b8/sb-vitest/deps/react-router.js?v=e6e31490:4073:3)
    at DataRoutes2 (http://localhost:63315/node_modules/.cache/storybook/10.5.10/d089ae206bd7a58edd27e2b4d3689eedc26f6a98c46b1c5d1ba852a9c5dce8b8/sb-vitest/deps/react-router.js?v=e6e31490:4706:24)
    at Router (http://localhost:63315/node_modules/.cache/storybook/10.5.10/d089ae206bd7a58edd27e2b4d3689eedc26f6a98c46b1c5d1ba852a9c5dce8b8/sb-vitest/deps/react-router.js?v=e6e31490:4771:29)
    at RouterProvider (http://localhost:63315/node_modules/.cache/storybook/10.5.10/d089ae206bd7a58edd27e2b4d3689eedc26f6a98c46b1c5d1ba852a9c5dce8b8/sb-vitest/deps/react-router.js?v=e6e31490:4516:27)
    at unboundStoryFn (http://localhost:63315/node_modules/.cache/storybook/10.5.10/d089ae206bd7a58edd27e2b4d3689eedc26f6a98c46b1c5d1ba852a9c5dce8b8/sb-vitest/deps/csf-B8OjfbGV.js?v=d4d00fa8:8788:243)
stderr | ClientApp/src/routes/account/organisationDetails.stories.tsx > Default
Warning: An update to OrganisationNameLookup inside a test was not wrapped in act(...).

When testing, code that causes React state updates should be wrapped into act(...):

act(() => {
  /* fire events that update state */
});
/* assert on the output */

This ensures that you're testing the behavior the user would see in the browser. Learn more at https://reactjs.org/link/wrap-tests-with-act
    at OrganisationNameLookup (http://localhost:63315/ClientApp/src/components/Inputs/OrganisationNameLookup/index.tsx:9:10)
    at div
    at http://localhost:63315/node_modules/.cache/storybook/10.5.10/d089ae206bd7a58edd27e2b4d3689eedc26f6a98c46b1c5d1ba852a9c5dce8b8/sb-vitest/deps/react-bootstrap_Row.js?v=edf1b346:10:52
    at OrganisationDetails
    at hookified (http://localhost:63315/node_modules/.cache/storybook/10.5.10/d089ae206bd7a58edd27e2b4d3689eedc26f6a98c46b1c5d1ba852a9c5dce8b8/sb-vitest/deps/csf-B8OjfbGV.js?v=d4d00fa8:8281:9)
    at form
    at http://localhost:63315/node_modules/.cache/storybook/10.5.10/d089ae206bd7a58edd27e2b4d3689eedc26f6a98c46b1c5d1ba852a9c5dce8b8/sb-vitest/deps/formik.js?v=6f093980:3385:21
    at Formik (http://localhost:63315/node_modules/.cache/storybook/10.5.10/d089ae206bd7a58edd27e2b4d3689eedc26f6a98c46b1c5d1ba852a9c5dce8b8/sb-vitest/deps/formik.js?v=6f093980:3190:18)
    at RenderedRoute (http://localhost:63315/node_modules/.cache/storybook/10.5.10/d089ae206bd7a58edd27e2b4d3689eedc26f6a98c46b1c5d1ba852a9c5dce8b8/sb-vitest/deps/react-router.js?v=e6e31490:4139:26)
    at RenderErrorBoundary (http://localhost:63315/node_modules/.cache/storybook/10.5.10/d089ae206bd7a58edd27e2b4d3689eedc26f6a98c46b1c5d1ba852a9c5dce8b8/sb-vitest/deps/react-router.js?v=e6e31490:4073:3)
    at DataRoutes2 (http://localhost:63315/node_modules/.cache/storybook/10.5.10/d089ae206bd7a58edd27e2b4d3689eedc26f6a98c46b1c5d1ba852a9c5dce8b8/sb-vitest/deps/react-router.js?v=e6e31490:4706:24)
    at Router (http://localhost:63315/node_modules/.cache/storybook/10.5.10/d089ae206bd7a58edd27e2b4d3689eedc26f6a98c46b1c5d1ba852a9c5dce8b8/sb-vitest/deps/react-router.js?v=e6e31490:4771:29)
    at RouterProvider (http://localhost:63315/node_modules/.cache/storybook/10.5.10/d089ae206bd7a58edd27e2b4d3689eedc26f6a98c46b1c5d1ba852a9c5dce8b8/sb-vitest/deps/react-router.js?v=e6e31490:4516:27)
    at unboundStoryFn (http://localhost:63315/node_modules/.cache/storybook/10.5.10/d089ae206bd7a58edd27e2b4d3689eedc26f6a98c46b1c5d1ba852a9c5dce8b8/sb-vitest/deps/csf-B8OjfbGV.js?v=d4d00fa8:8788:243)
stderr | ClientApp/src/routes/account/organisationDetails.stories.tsx > Default
Warning: An update to OrganisationNameLookup inside a test was not wrapped in act(...).

When testing, code that causes React state updates should be wrapped into act(...):

act(() => {
  /* fire events that update state */
});
/* assert on the output */

This ensures that you're testing the behavior the user would see in the browser. Learn more at https://reactjs.org/link/wrap-tests-with-act
    at OrganisationNameLookup (http://localhost:63315/ClientApp/src/components/Inputs/OrganisationNameLookup/index.tsx:9:10)
    at div
    at div
    at http://localhost:63315/node_modules/.cache/storybook/10.5.10/d089ae206bd7a58edd27e2b4d3689eedc26f6a98c46b1c5d1ba852a9c5dce8b8/sb-vitest/deps/react-bootstrap_Row.js?v=edf1b346:10:52
    at OrganisationDetails
    at hookified (http://localhost:63315/node_modules/.cache/storybook/10.5.10/d089ae206bd7a58edd27e2b4d3689eedc26f6a98c46b1c5d1ba852a9c5dce8b8/sb-vitest/deps/csf-B8OjfbGV.js?v=d4d00fa8:8281:9)
    at form
    at http://localhost:63315/node_modules/.cache/storybook/10.5.10/d089ae206bd7a58edd27e2b4d3689eedc26f6a98c46b1c5d1ba852a9c5dce8b8/sb-vitest/deps/formik.js?v=6f093980:3385:21
    at Formik (http://localhost:63315/node_modules/.cache/storybook/10.5.10/d089ae206bd7a58edd27e2b4d3689eedc26f6a98c46b1c5d1ba852a9c5dce8b8/sb-vitest/deps/formik.js?v=6f093980:3190:18)
    at RenderedRoute (http://localhost:63315/node_modules/.cache/storybook/10.5.10/d089ae206bd7a58edd27e2b4d3689eedc26f6a98c46b1c5d1ba852a9c5dce8b8/sb-vitest/deps/react-router.js?v=e6e31490:4139:26)
    at RenderErrorBoundary (http://localhost:63315/node_modules/.cache/storybook/10.5.10/d089ae206bd7a58edd27e2b4d3689eedc26f6a98c46b1c5d1ba852a9c5dce8b8/sb-vitest/deps/react-router.js?v=e6e31490:4073:3)
    at DataRoutes2 (http://localhost:63315/node_modules/.cache/storybook/10.5.10/d089ae206bd7a58edd27e2b4d3689eedc26f6a98c46b1c5d1ba852a9c5dce8b8/sb-vitest/deps/react-router.js?v=e6e31490:4706:24)
    at Router (http://localhost:63315/node_modules/.cache/storybook/10.5.10/d089ae206bd7a58edd27e2b4d3689eedc26f6a98c46b1c5d1ba852a9c5dce8b8/sb-vitest/deps/react-router.js?v=e6e31490:4771:29)
    at RouterProvider (http://localhost:63315/node_modules/.cache/storybook/10.5.10/d089ae206bd7a58edd27e2b4d3689eedc26f6a98c46b1c5d1ba852a9c5dce8b8/sb-vitest/deps/react-router.js?v=e6e31490:4516:27)
    at unboundStoryFn (http://localhost:63315/node_modules/.cache/storybook/10.5.10/d089ae206bd7a58edd27e2b4d3689eedc26f6a98c46b1c5d1ba852a9c5dce8b8/sb-vitest/deps/csf-B8OjfbGV.js?v=d4d00fa8:8788:243)
10:55:28 am [vite] [31m[2m(client)[22m[39m [2m[console.error] [22m[env] Missing required runtime variable: REACT_APP_APPINSIGHTS_INSTRUMENTATIONKEY
10:55:28 am [vite] [31m[2m(client)[22m[39m [2m[console.error] [22m[env] Missing required runtime variable: REACT_APP_GA_TRACKINGID
10:55:28 am [vite] [31m[2m(client)[22m[39m [2m[console.error] [22m[env] Missing required runtime variable: REACT_APP_APPINSIGHTS_INSTRUMENTATIONKEY
10:55:28 am [vite] [31m[2m(client)[22m[39m [2m[console.error] [22m[env] Missing required runtime variable: REACT_APP_GA_TRACKINGID
stderr | unknown test
[env] Missing required runtime variable: REACT_APP_APPINSIGHTS_INSTRUMENTATIONKEY
stderr | unknown test
[env] Missing required runtime variable: REACT_APP_GA_TRACKINGID
stderr | unknown test
[env] Missing required runtime variable: REACT_APP_APPINSIGHTS_INSTRUMENTATIONKEY
stderr | unknown test
[env] Missing required runtime variable: REACT_APP_GA_TRACKINGID
 ✓ |storybook (chromium)| ClientApp/src/routes/account/organisationDetails.stories.tsx (1 test) 7104ms
   ✓ Default  7103ms
 ✓ |storybook (chromium)| ClientApp/src/components/Buttons/PrimaryButton/PrimaryButton.stories.tsx (5 tests) 2526ms
   ✓ Default  2414ms
10:55:28 am [vite] [33m[2m(client)[22m[39m [2m[console.warn] [22m[MSW] Warning: intercepted a request without a matching request handler:

  • GET https://www.googletagmanager.com/gtag/js?id=

If you still wish to intercept this unhandled request, please create a request handler for it.
Read more: https://mswjs.io/docs/http/intercepting-requests
stderr | ClientApp/src/components/Layout/Layout.stories.tsx > Portal Shell
[MSW] Warning: intercepted a request without a matching request handler:

  • GET https://www.googletagmanager.com/gtag/js?id=

If you still wish to intercept this unhandled request, please create a request handler for it.
Read more: https://mswjs.io/docs/http/intercepting-requests
 ✓ |storybook (chromium)| ClientApp/src/components/Buttons/ButtonBreadth.stories.tsx (2 tests) 968ms
   ✓ Grouped Actions  932ms
 ✓ |storybook (chromium)| ClientApp/src/components/Layout/Layout.stories.tsx (1 test) 771ms
   ✓ Portal Shell  771ms
 ✓ |storybook (chromium)| ClientApp/src/routes/ta/manage/appMessages.stories.tsx (1 test) 1019ms
   ✓ Messages Tab  1018ms
 ✓ |storybook (chromium)| ClientApp/src/components/Inputs/Attachment/index-new.stories.tsx (1 test) 880ms
   ✓ Empty Uploader  879ms
 ✓ |storybook (chromium)| ClientApp/src/components/RouteLeavingGuard/RouteLeavingGuard.stories.tsx (4 tests) 1429ms
   ✓ Idle — guard inactive  1040ms
stderr | unknown test
[env] Missing required runtime variable: REACT_APP_APPINSIGHTS_INSTRUMENTATIONKEY
stderr | unknown test
[env] Missing required runtime variable: REACT_APP_GA_TRACKINGID
10:55:30 am [vite] [31m[2m(client)[22m[39m [2m[console.error] [22m[env] Missing required runtime variable: REACT_APP_APPINSIGHTS_INSTRUMENTATIONKEY
10:55:30 am [vite] [31m[2m(client)[22m[39m [2m[console.error] [22m[env] Missing required runtime variable: REACT_APP_GA_TRACKINGID
 ✓ |storybook (chromium)| ClientApp/src/routes/help-guide/HelpGuideDetail.stories.tsx (2 tests) 3278ms
   ✓ How To Setup Access  3131ms
10:55:33 am [vite] [31m[2m(client)[22m[39m [2m[console.error] [22m[env] Missing required runtime variable: REACT_APP_APPINSIGHTS_INSTRUMENTATIONKEY
10:55:33 am [vite] [31m[2m(client)[22m[39m [2m[console.error] [22m[env] Missing required runtime variable: REACT_APP_GA_TRACKINGID
stderr | unknown test
[env] Missing required runtime variable: REACT_APP_APPINSIGHTS_INSTRUMENTATIONKEY
stderr | unknown test
[env] Missing required runtime variable: REACT_APP_GA_TRACKINGID
10:55:35 am [vite] [31m[2m(client)[22m[39m [2m[console.error] [22m[env] Missing required runtime variable: REACT_APP_APPINSIGHTS_INSTRUMENTATIONKEY
10:55:35 am [vite] [31m[2m(client)[22m[39m [2m[console.error] [22m[env] Missing required runtime variable: REACT_APP_GA_TRACKINGID
stderr | unknown test
[env] Missing required runtime variable: REACT_APP_APPINSIGHTS_INSTRUMENTATIONKEY
stderr | unknown test
[env] Missing required runtime variable: REACT_APP_GA_TRACKINGID
 ✓ |storybook (chromium)| ClientApp/src/components/modals/Modals.stories.tsx (5 tests) 5181ms
   ✓ Confirmation Open  4699ms
10:55:36 am [vite] [31m[2m(client)[22m[39m [2m[console.error] [22m[env] Missing required runtime variable: REACT_APP_APPINSIGHTS_INSTRUMENTATIONKEY
10:55:36 am [vite] [31m[2m(client)[22m[39m [2m[console.error] [22m[env] Missing required runtime variable: REACT_APP_GA_TRACKINGID
stderr | unknown test
[env] Missing required runtime variable: REACT_APP_APPINSIGHTS_INSTRUMENTATIONKEY
stderr | unknown test
[env] Missing required runtime variable: REACT_APP_GA_TRACKINGID
10:55:36 am [vite] [33m[2m(client)[22m[39m [2m[console.warn] [22m[MSW] Warning: intercepted a request without a matching request handler:

  • GET https://www.googletagmanager.com/gtag/js?id=

If you still wish to intercept this unhandled request, please create a request handler for it.
Read more: https://mswjs.io/docs/http/intercepting-requests
stderr | ClientApp/src/routes/preConditions/PreConditions.stories.tsx > Renders Protected Content
[MSW] Warning: intercepted a request without a matching request handler:

  • GET https://www.googletagmanager.com/gtag/js?id=

If you still wish to intercept this unhandled request, please create a request handler for it.
Read more: https://mswjs.io/docs/http/intercepting-requests
10:55:36 am [vite] [31m[2m(client)[22m[39m [2m[console.error] [22mWarning: An update to Layout inside a test was not wrapped in act(...).

When testing, code that causes React state updates should be wrapped into act(...):

act(() => {
  /* fire events that update state */
});
/* assert on the output */

This ensures that you're testing the behavior the user would see in the browser. Learn more at https://reactjs.org/link/wrap-tests-with-act
    at Layout (http://localhost:63315/ClientApp/src/components/Layout/index.tsx:11:19)
    at div
    at PreConditions (http://localhost:63315/ClientApp/src/routes/preConditions/PreConditions.tsx:18:10)
    at hookified (http://localhost:63315/node_modules/.cache/storybook/10.5.10/d089ae206bd7a58edd27e2b4d3689eedc26f6a98c46b1c5d1ba852a9c5dce8b8/sb-vitest/deps/csf-B8OjfbGV.js?v=d4d00fa8:8281:9)
    at RenderedRoute (http://localhost:63315/node_modules/.cache/storybook/10.5.10/d089ae206bd7a58edd27e2b4d3689eedc26f6a98c46b1c5d1ba852a9c5dce8b8/sb-vitest/deps/react-router.js?v=e6e31490:4139:26)
    at RenderErrorBoundary (http://localhost:63315/node_modules/.cache/storybook/10.5.10/d089ae206bd7a58edd27e2b4d3689eedc26f6a98c46b1c5d1ba852a9c5dce8b8/sb-vitest/deps/react-router.js?v=e6e31490:4073:3)
    at DataRoutes2 (http://localhost:63315/node_modules/.cache/storybook/10.5.10/d089ae206bd7a58edd27e2b4d3689eedc26f6a98c46b1c5d1ba852a9c5dce8b8/sb-vitest/deps/react-router.js?v=e6e31490:4706:24)
    at Router (http://localhost:63315/node_modules/.cache/storybook/10.5.10/d089ae206bd7a58edd27e2b4d3689eedc26f6a98c46b1c5d1ba852a9c5dce8b8/sb-vitest/deps/react-router.js?v=e6e31490:4771:29)
    at RouterProvider (http://localhost:63315/node_modules/.cache/storybook/10.5.10/d089ae206bd7a58edd27e2b4d3689eedc26f6a98c46b1c5d1ba852a9c5dce8b8/sb-vitest/deps/react-router.js?v=e6e31490:4516:27)
    at unboundStoryFn (http://localhost:63315/node_modules/.cache/storybook/10.5.10/d089ae206bd7a58edd27e2b4d3689eedc26f6a98c46b1c5d1ba852a9c5dce8b8/sb-vitest/deps/csf-B8OjfbGV.js?v=d4d00fa8:8788:243)
10:55:36 am [vite] [31m[2m(client)[22m[39m [2m[console.error] [22mWarning: An update to PreConditions inside a test was not wrapped in act(...).

When testing, code that causes React state updates should be wrapped into act(...):

act(() => {
  /* fire events that update state */
});
/* assert on the output */

This ensures that you're testing the behavior the user would see in the browser. Learn more at https://reactjs.org/link/wrap-tests-with-act
    at PreConditions (http://localhost:63315/ClientApp/src/routes/preConditions/PreConditions.tsx:18:10)
    at hookified (http://localhost:63315/node_modules/.cache/storybook/10.5.10/d089ae206bd7a58edd27e2b4d3689eedc26f6a98c46b1c5d1ba852a9c5dce8b8/sb-vitest/deps/csf-B8OjfbGV.js?v=d4d00fa8:8281:9)
    at RenderedRoute (http://localhost:63315/node_modules/.cache/storybook/10.5.10/d089ae206bd7a58edd27e2b4d3689eedc26f6a98c46b1c5d1ba852a9c5dce8b8/sb-vitest/deps/react-router.js?v=e6e31490:4139:26)
    at RenderErrorBoundary (http://localhost:63315/node_modules/.cache/storybook/10.5.10/d089ae206bd7a58edd27e2b4d3689eedc26f6a98c46b1c5d1ba852a9c5dce8b8/sb-vitest/deps/react-router.js?v=e6e31490:4073:3)
    at DataRoutes2 (http://localhost:63315/node_modules/.cache/storybook/10.5.10/d089ae206bd7a58edd27e2b4d3689eedc26f6a98c46b1c5d1ba852a9c5dce8b8/sb-vitest/deps/react-router.js?v=e6e31490:4706:24)
    at Router (http://localhost:63315/node_modules/.cache/storybook/10.5.10/d089ae206bd7a58edd27e2b4d3689eedc26f6a98c46b1c5d1ba852a9c5dce8b8/sb-vitest/deps/react-router.js?v=e6e31490:4771:29)
    at RouterProvider (http://localhost:63315/node_modules/.cache/storybook/10.5.10/d089ae206bd7a58edd27e2b4d3689eedc26f6a98c46b1c5d1ba852a9c5dce8b8/sb-vitest/deps/react-router.js?v=e6e31490:4516:27)
    at unboundStoryFn (http://localhost:63315/node_modules/.cache/storybook/10.5.10/d089ae206bd7a58edd27e2b4d3689eedc26f6a98c46b1c5d1ba852a9c5dce8b8/sb-vitest/deps/csf-B8OjfbGV.js?v=d4d00fa8:8788:243)
stderr | ClientApp/src/routes/preConditions/PreConditions.stories.tsx > Renders Protected Content
Warning: An update to Layout inside a test was not wrapped in act(...).

When testing, code that causes React state updates should be wrapped into act(...):

act(() => {
  /* fire events that update state */
});
/* assert on the output */

This ensures that you're testing the behavior the user would see in the browser. Learn more at https://reactjs.org/link/wrap-tests-with-act
    at Layout (http://localhost:63315/ClientApp/src/components/Layout/index.tsx:11:19)
    at div
    at PreConditions (http://localhost:63315/ClientApp/src/routes/preConditions/PreConditions.tsx:18:10)
    at hookified (http://localhost:63315/node_modules/.cache/storybook/10.5.10/d089ae206bd7a58edd27e2b4d3689eedc26f6a98c46b1c5d1ba852a9c5dce8b8/sb-vitest/deps/csf-B8OjfbGV.js?v=d4d00fa8:8281:9)
    at RenderedRoute (http://localhost:63315/node_modules/.cache/storybook/10.5.10/d089ae206bd7a58edd27e2b4d3689eedc26f6a98c46b1c5d1ba852a9c5dce8b8/sb-vitest/deps/react-router.js?v=e6e31490:4139:26)
    at RenderErrorBoundary (http://localhost:63315/node_modules/.cache/storybook/10.5.10/d089ae206bd7a58edd27e2b4d3689eedc26f6a98c46b1c5d1ba852a9c5dce8b8/sb-vitest/deps/react-router.js?v=e6e31490:4073:3)
    at DataRoutes2 (http://localhost:63315/node_modules/.cache/storybook/10.5.10/d089ae206bd7a58edd27e2b4d3689eedc26f6a98c46b1c5d1ba852a9c5dce8b8/sb-vitest/deps/react-router.js?v=e6e31490:4706:24)
    at Router (http://localhost:63315/node_modules/.cache/storybook/10.5.10/d089ae206bd7a58edd27e2b4d3689eedc26f6a98c46b1c5d1ba852a9c5dce8b8/sb-vitest/deps/react-router.js?v=e6e31490:4771:29)
    at RouterProvider (http://localhost:63315/node_modules/.cache/storybook/10.5.10/d089ae206bd7a58edd27e2b4d3689eedc26f6a98c46b1c5d1ba852a9c5dce8b8/sb-vitest/deps/react-router.js?v=e6e31490:4516:27)
    at unboundStoryFn (http://localhost:63315/node_modules/.cache/storybook/10.5.10/d089ae206bd7a58edd27e2b4d3689eedc26f6a98c46b1c5d1ba852a9c5dce8b8/sb-vitest/deps/csf-B8OjfbGV.js?v=d4d00fa8:8788:243)
stderr | ClientApp/src/routes/preConditions/PreConditions.stories.tsx > Renders Protected Content
Warning: An update to PreConditions inside a test was not wrapped in act(...).

When testing, code that causes React state updates should be wrapped into act(...):

act(() => {
  /* fire events that update state */
});
/* assert on the output */

This ensures that you're testing the behavior the user would see in the browser. Learn more at https://reactjs.org/link/wrap-tests-with-act
    at PreConditions (http://localhost:63315/ClientApp/src/routes/preConditions/PreConditions.tsx:18:10)
    at hookified (http://localhost:63315/node_modules/.cache/storybook/10.5.10/d089ae206bd7a58edd27e2b4d3689eedc26f6a98c46b1c5d1ba852a9c5dce8b8/sb-vitest/deps/csf-B8OjfbGV.js?v=d4d00fa8:8281:9)
    at RenderedRoute (http://localhost:63315/node_modules/.cache/storybook/10.5.10/d089ae206bd7a58edd27e2b4d3689eedc26f6a98c46b1c5d1ba852a9c5dce8b8/sb-vitest/deps/react-router.js?v=e6e31490:4139:26)
    at RenderErrorBoundary (http://localhost:63315/node_modules/.cache/storybook/10.5.10/d089ae206bd7a58edd27e2b4d3689eedc26f6a98c46b1c5d1ba852a9c5dce8b8/sb-vitest/deps/react-router.js?v=e6e31490:4073:3)
    at DataRoutes2 (http://localhost:63315/node_modules/.cache/storybook/10.5.10/d089ae206bd7a58edd27e2b4d3689eedc26f6a98c46b1c5d1ba852a9c5dce8b8/sb-vitest/deps/react-router.js?v=e6e31490:4706:24)
    at Router (http://localhost:63315/node_modules/.cache/storybook/10.5.10/d089ae206bd7a58edd27e2b4d3689eedc26f6a98c46b1c5d1ba852a9c5dce8b8/sb-vitest/deps/react-router.js?v=e6e31490:4771:29)
    at RouterProvider (http://localhost:63315/node_modules/.cache/storybook/10.5.10/d089ae206bd7a58edd27e2b4d3689eedc26f6a98c46b1c5d1ba852a9c5dce8b8/sb-vitest/deps/react-router.js?v=e6e31490:4516:27)
    at unboundStoryFn (http://localhost:63315/node_modules/.cache/storybook/10.5.10/d089ae206bd7a58edd27e2b4d3689eedc26f6a98c46b1c5d1ba852a9c5dce8b8/sb-vitest/deps/csf-B8OjfbGV.js?v=d4d00fa8:8788:243)
10:55:37 am [vite] [31m[2m(client)[22m[39m [2m[console.error] [22m[env] Missing required runtime variable: REACT_APP_APPINSIGHTS_INSTRUMENTATIONKEY
10:55:37 am [vite] [31m[2m(client)[22m[39m [2m[console.error] [22m[env] Missing required runtime variable: REACT_APP_GA_TRACKINGID
stderr | unknown test
[env] Missing required runtime variable: REACT_APP_APPINSIGHTS_INSTRUMENTATIONKEY
stderr | unknown test
[env] Missing required runtime variable: REACT_APP_GA_TRACKINGID
 ✓ |storybook (chromium)| ClientApp/src/routes/ta/instrumentInfoPanel.stories.tsx (2 tests) 3463ms
   ✓ With References  3433ms
 ✓ |storybook (chromium)| ClientApp/src/routes/preConditions/PreConditions.stories.tsx (1 test) 2271ms
   ✓ Renders Protected Content  2269ms
stderr | ClientApp/src/routes/ta/summaryAndSubmit.stories.tsx > Editable
Warning: An update to CertificateNumberLookup inside a test was not wrapped in act(...).

When testing, code that causes React state updates should be wrapped into act(...):

act(() => {
  /* fire events that update state */
});
/* assert on the output */

This ensures that you're testing the behavior the user would see in the browser. Learn more at https://reactjs.org/link/wrap-tests-with-act
    at CertificateNumberLookup (http://localhost:63315/ClientApp/src/components/Inputs/CertificateNumberLookup/index.tsx:9:10)
    at div
    at http://localhost:63315/node_modules/.cache/storybook/10.5.10/d089ae206bd7a58edd27e2b4d3689eedc26f6a98c46b1c5d1ba852a9c5dce8b8/sb-vitest/deps/react-bootstrap_Row.js?v=edf1b346:10:52
    at HidableField (http://localhost:63315/ClientApp/src/components/forms/HidableField/index.tsx:7:41)
    at ApplicationAndInstrument (http://localhost:63315/ClientApp/src/routes/ta/applicationAndInstrument.tsx:94:10)
    at div
    at div
    at Transition (http://localhost:63315/node_modules/.cache/storybook/10.5.10/d089ae206bd7a58edd27e2b4d3689eedc26f6a98c46b1c5d1ba852a9c5dce8b8/sb-vitest/deps/Modal-DPe2VpGT.js?v=d4d00fa8:218:32)
    at http://localhost:63315/node_modules/.cache/storybook/10.5.10/d089ae206bd7a58edd27e2b4d3689eedc26f6a98c46b1c5d1ba852a9c5dce8b8/sb-vitest/deps/Modal-DPe2VpGT.js?v=d4d00fa8:786:66
    at http://localhost:63315/node_modules/.cache/storybook/10.5.10/d089ae206bd7a58edd27e2b4d3689eedc26f6a98c46b1c5d1ba852a9c5dce8b8/sb-vitest/deps/react-bootstrap.js?v=bcabbf56:60:57
    at http://localhost:63315/node_modules/.cache/storybook/10.5.10/d089ae206bd7a58edd27e2b4d3689eedc26f6a98c46b1c5d1ba852a9c5dce8b8/sb-vitest/deps/react-bootstrap.js?v=bcabbf56:118:70
    at http://localhost:63315/node_modules/.cache/storybook/10.5.10/d089ae206bd7a58edd27e2b4d3689eedc26f6a98c46b1c5d1ba852a9c5dce8b8/sb-vitest/deps/react-bootstrap.js?v=bcabbf56:136:66
    at div
    at http://localhost:63315/node_modules/.cache/storybook/10.5.10/d089ae206bd7a58edd27e2b4d3689eedc26f6a98c46b1c5d1ba852a9c5dce8b8/sb-vitest/deps/react-bootstrap.js?v=bcabbf56:201:66
    at CustomAccordionBody (http://localhost:63315/ClientApp/src/components/Accordion/index.tsx:91:10)
    at div
    at http://localhost:63315/node_modules/.cache/storybook/10.5.10/d089ae206bd7a58edd27e2b4d3689eedc26f6a98c46b1c5d1ba852a9c5dce8b8/sb-vitest/deps/react-bootstrap.js?v=bcabbf56:217:117
    at div
    at CustomAccordion (http://localhost:63315/ClientApp/src/components/Accordion/index.tsx:30:10)
    at div
    at http://localhost:63315/node_modules/.cache/storybook/10.5.10/d089ae206bd7a58edd27e2b4d3689eedc26f6a98c46b1c5d1ba852a9c5dce8b8/sb-vitest/deps/react-bootstrap_Row.js?v=edf1b346:10:52
    at SummaryAndSubmit (http://localhost:63315/ClientApp/src/routes/ta/summaryAndSubmit.tsx:21:17)
    at hookified (http://localhost:63315/node_modules/.cache/storybook/10.5.10/d089ae206bd7a58edd27e2b4d3689eedc26f6a98c46b1c5d1ba852a9c5dce8b8/sb-vitest/deps/csf-B8OjfbGV.js?v=d4d00fa8:8281:9)
    at form
    at http://localhost:63315/node_modules/.cache/storybook/10.5.10/d089ae206bd7a58edd27e2b4d3689eedc26f6a98c46b1c5d1ba852a9c5dce8b8/sb-vitest/deps/formik.js?v=6f093980:3385:21
    at Formik (http://localhost:63315/node_modules/.cache/storybook/10.5.10/d089ae206bd7a58edd27e2b4d3689eedc26f6a98c46b1c5d1ba852a9c5dce8b8/sb-vitest/deps/formik.js?v=6f093980:3190:18)
    at RenderedRoute (http://localhost:63315/node_modules/.cache/storybook/10.5.10/d089ae206bd7a58edd27e2b4d3689eedc26f6a98c46b1c5d1ba852a9c5dce8b8/sb-vitest/deps/react-router.js?v=e6e31490:4139:26)
    at RenderErrorBoundary (http://localhost:63315/node_modules/.cache/storybook/10.5.10/d089ae206bd7a58edd27e2b4d3689eedc26f6a98c46b1c5d1ba852a9c5dce8b8/sb-vitest/deps/react-router.js?v=e6e31490:4073:3)
    at DataRoutes2 (http://localhost:63315/node_modules/.cache/storybook/10.5.10/d089ae206bd7a58edd27e2b4d3689eedc26f6a98c46b1c5d1ba852a9c5dce8b8/sb-vitest/deps/react-router.js?v=e6e31490:4706:24)
    at Router (http://localhost:63315/node_modules/.cache/storybook/10.5.10/d089ae206bd7a58edd27e2b4d3689eedc26f6a98c46b1c5d1ba852a9c5dce8b8/sb-vitest/deps/react-router.js?v=e6e31490:4771:29)
    at RouterProvider (http://localhost:63315/node_modules/.cache/storybook/10.5.10/d089ae206bd7a58edd27e2b4d3689eedc26f6a98c46b1c5d1ba852a9c5dce8b8/sb-vitest/deps/react-router.js?v=e6e31490:4516:27)
    at unboundStoryFn (http://localhost:63315/node_modules/.cache/storybook/10.5.10/d089ae206bd7a58edd27e2b4d3689eedc26f6a98c46b1c5d1ba852a9c5dce8b8/sb-vitest/deps/csf-B8OjfbGV.js?v=d4d00fa8:8788:243)
stderr | ClientApp/src/routes/ta/summaryAndSubmit.stories.tsx > Editable
Warning: An update to CertificateNumberLookup inside a test was not wrapped in act(...).

When testing, code that causes React state updates should be wrapped into act(...):

act(() => {
  /* fire events that update state */
});
/* assert on the output */

This ensures that you're testing the behavior the user would see in the browser. Learn more at https://reactjs.org/link/wrap-tests-with-act
    at CertificateNumberLookup (http://localhost:63315/ClientApp/src/components/Inputs/CertificateNumberLookup/index.tsx:9:10)
    at div
    at http://localhost:63315/node_modules/.cache/storybook/10.5.10/d089ae206bd7a58edd27e2b4d3689eedc26f6a98c46b1c5d1ba852a9c5dce8b8/sb-vitest/deps/react-bootstrap_Row.js?v=edf1b346:10:52
    at HidableField (http://localhost:63315/ClientApp/src/components/forms/HidableField/index.tsx:7:41)
    at ApplicationAndInstrument (http://localhost:63315/ClientApp/src/routes/ta/applicationAndInstrument.tsx:94:10)
    at div
    at div
    at Transition (http://localhost:63315/node_modules/.cache/storybook/10.5.10/d089ae206bd7a58edd27e2b4d3689eedc26f6a98c46b1c5d1ba852a9c5dce8b8/sb-vitest/deps/Modal-DPe2VpGT.js?v=d4d00fa8:218:32)
    at http://localhost:63315/node_modules/.cache/storybook/10.5.10/d089ae206bd7a58edd27e2b4d3689eedc26f6a98c46b1c5d1ba852a9c5dce8b8/sb-vitest/deps/Modal-DPe2VpGT.js?v=d4d00fa8:786:66
    at http://localhost:63315/node_modules/.cache/storybook/10.5.10/d089ae206bd7a58edd27e2b4d3689eedc26f6a98c46b1c5d1ba852a9c5dce8b8/sb-vitest/deps/react-bootstrap.js?v=bcabbf56:60:57
    at http://localhost:63315/node_modules/.cache/storybook/10.5.10/d089ae206bd7a58edd27e2b4d3689eedc26f6a98c46b1c5d1ba852a9c5dce8b8/sb-vitest/deps/react-bootstrap.js?v=bcabbf56:118:70
    at http://localhost:63315/node_modules/.cache/storybook/10.5.10/d089ae206bd7a58edd27e2b4d3689eedc26f6a98c46b1c5d1ba852a9c5dce8b8/sb-vitest/deps/react-bootstrap.js?v=bcabbf56:136:66
    at div
    at http://localhost:63315/node_modules/.cache/storybook/10.5.10/d089ae206bd7a58edd27e2b4d3689eedc26f6a98c46b1c5d1ba852a9c5dce8b8/sb-vitest/deps/react-bootstrap.js?v=bcabbf56:201:66
    at CustomAccordionBody (http://localhost:63315/ClientApp/src/components/Accordion/index.tsx:91:10)
    at div
    at http://localhost:63315/node_modules/.cache/storybook/10.5.10/d089ae206bd7a58edd27e2b4d3689eedc26f6a98c46b1c5d1ba852a9c5dce8b8/sb-vitest/deps/react-bootstrap.js?v=bcabbf56:217:117
    at div
    at CustomAccordion (http://localhost:63315/ClientApp/src/components/Accordion/index.tsx:30:10)
    at div
    at http://localhost:63315/node_modules/.cache/storybook/10.5.10/d089ae206bd7a58edd27e2b4d3689eedc26f6a98c46b1c5d1ba852a9c5dce8b8/sb-vitest/deps/react-bootstrap_Row.js?v=edf1b346:10:52
    at SummaryAndSubmit (http://localhost:63315/ClientApp/src/routes/ta/summaryAndSubmit.tsx:21:17)
    at hookified (http://localhost:63315/node_modules/.cache/storybook/10.5.10/d089ae206bd7a58edd27e2b4d3689eedc26f6a98c46b1c5d1ba852a9c5dce8b8/sb-vitest/deps/csf-B8OjfbGV.js?v=d4d00fa8:8281:9)
    at form
    at http://localhost:63315/node_modules/.cache/storybook/10.5.10/d089ae206bd7a58edd27e2b4d3689eedc26f6a98c46b1c5d1ba852a9c5dce8b8/sb-vitest/deps/formik.js?v=6f093980:3385:21
    at Formik (http://localhost:63315/node_modules/.cache/storybook/10.5.10/d089ae206bd7a58edd27e2b4d3689eedc26f6a98c46b1c5d1ba852a9c5dce8b8/sb-vitest/deps/formik.js?v=6f093980:3190:18)
    at RenderedRoute (http://localhost:63315/node_modules/.cache/storybook/10.5.10/d089ae206bd7a58edd27e2b4d3689eedc26f6a98c46b1c5d1ba852a9c5dce8b8/sb-vitest/deps/react-router.js?v=e6e31490:4139:26)
    at RenderErrorBoundary (http://localhost:63315/node_modules/.cache/storybook/10.5.10/d089ae206bd7a58edd27e2b4d3689eedc26f6a98c46b1c5d1ba852a9c5dce8b8/sb-vitest/deps/react-router.js?v=e6e31490:4073:3)
    at DataRoutes2 (http://localhost:63315/node_modules/.cache/storybook/10.5.10/d089ae206bd7a58edd27e2b4d3689eedc26f6a98c46b1c5d1ba852a9c5dce8b8/sb-vitest/deps/react-router.js?v=e6e31490:4706:24)
    at Router (http://localhost:63315/node_modules/.cache/storybook/10.5.10/d089ae206bd7a58edd27e2b4d3689eedc26f6a98c46b1c5d1ba852a9c5dce8b8/sb-vitest/deps/react-router.js?v=e6e31490:4771:29)
    at RouterProvider (http://localhost:63315/node_modules/.cache/storybook/10.5.10/d089ae206bd7a58edd27e2b4d3689eedc26f6a98c46b1c5d1ba852a9c5dce8b8/sb-vitest/deps/react-router.js?v=e6e31490:4516:27)
    at unboundStoryFn (http://localhost:63315/node_modules/.cache/storybook/10.5.10/d089ae206bd7a58edd27e2b4d3689eedc26f6a98c46b1c5d1ba852a9c5dce8b8/sb-vitest/deps/csf-B8OjfbGV.js?v=d4d00fa8:8788:243)
10:55:38 am [vite] [31m[2m(client)[22m[39m [2m[console.error] [22mWarning: An update to CertificateNumberLookup inside a test was not wrapped in act(...).

When testing, code that causes React state updates should be wrapped into act(...):

act(() => {
  /* fire events that update state */
});
/* assert on the output */

This ensures that you're testing the behavior the user would see in the browser. Learn more at https://reactjs.org/link/wrap-tests-with-act
    at CertificateNumberLookup (http://localhost:63315/ClientApp/src/components/Inputs/CertificateNumberLookup/index.tsx:9:10)
    at div
    at http://localhost:63315/node_modules/.cache/storybook/10.5.10/d089ae206bd7a58edd27e2b4d3689eedc26f6a98c46b1c5d1ba852a9c5dce8b8/sb-vitest/deps/react-bootstrap_Row.js?v=edf1b346:10:52
    at HidableField (http://localhost:63315/ClientApp/src/components/forms/HidableField/index.tsx:7:41)
    at ApplicationAndInstrument (http://localhost:63315/ClientApp/src/routes/ta/applicationAndInstrument.tsx:94:10)
    at div
    at div
    at Transition (http://localhost:63315/node_modules/.cache/storybook/10.5.10/d089ae206bd7a58edd27e2b4d3689eedc26f6a98c46b1c5d1ba852a9c5dce8b8/sb-vitest/deps/Modal-DPe2VpGT.js?v=d4d00fa8:218:32)
    at http://localhost:63315/node_modules/.cache/storybook/10.5.10/d089ae206bd7a58edd27e2b4d3689eedc26f6a98c46b1c5d1ba852a9c5dce8b8/sb-vitest/deps/Modal-DPe2VpGT.js?v=d4d00fa8:786:66
    at http://localhost:63315/node_modules/.cache/storybook/10.5.10/d089ae206bd7a58edd27e2b4d3689eedc26f6a98c46b1c5d1ba852a9c5dce8b8/sb-vitest/deps/react-bootstrap.js?v=bcabbf56:60:57
    at http://localhost:63315/node_modules/.cache/storybook/10.5.10/d089ae206bd7a58edd27e2b4d3689eedc26f6a98c46b1c5d1ba852a9c5dce8b8/sb-vitest/deps/react-bootstrap.js?v=bcabbf56:118:70
    at http://localhost:63315/node_modules/.cache/storybook/10.5.10/d089ae206bd7a58edd27e2b4d3689eedc26f6a98c46b1c5d1ba852a9c5dce8b8/sb-vitest/deps/react-bootstrap.js?v=bcabbf56:136:66
    at div
    at http://localhost:63315/node_modules/.cache/storybook/10.5.10/d089ae206bd7a58edd27e2b4d3689eedc26f6a98c46b1c5d1ba852a9c5dce8b8/sb-vitest/deps/react-bootstrap.js?v=bcabbf56:201:66
    at CustomAccordionBody (http://localhost:63315/ClientApp/src/components/Accordion/index.tsx:91:10)
    at div
    at http://localhost:63315/node_modules/.cache/storybook/10.5.10/d089ae206bd7a58edd27e2b4d3689eedc26f6a98c46b1c5d1ba852a9c5dce8b8/sb-vitest/deps/react-bootstrap.js?v=bcabbf56:217:117
    at div
    at CustomAccordion (http://localhost:63315/ClientApp/src/components/Accordion/index.tsx:30:10)
    at div
    at http://localhost:63315/node_modules/.cache/storybook/10.5.10/d089ae206bd7a58edd27e2b4d3689eedc26f6a98c46b1c5d1ba852a9c5dce8b8/sb-vitest/deps/react-bootstrap_Row.js?v=edf1b346:10:52
    at SummaryAndSubmit (http://localhost:63315/ClientApp/src/routes/ta/summaryAndSubmit.tsx:21:17)
    at hookified (http://localhost:63315/node_modules/.cache/storybook/10.5.10/d089ae206bd7a58edd27e2b4d3689eedc26f6a98c46b1c5d1ba852a9c5dce8b8/sb-vitest/deps/csf-B8OjfbGV.js?v=d4d00fa8:8281:9)
    at form
    at http://localhost:63315/node_modules/.cache/storybook/10.5.10/d089ae206bd7a58edd27e2b4d3689eedc26f6a98c46b1c5d1ba852a9c5dce8b8/sb-vitest/deps/formik.js?v=6f093980:3385:21
    at Formik (http://localhost:63315/node_modules/.cache/storybook/10.5.10/d089ae206bd7a58edd27e2b4d3689eedc26f6a98c46b1c5d1ba852a9c5dce8b8/sb-vitest/deps/formik.js?v=6f093980:3190:18)
    at RenderedRoute (http://localhost:63315/node_modules/.cache/storybook/10.5.10/d089ae206bd7a58edd27e2b4d3689eedc26f6a98c46b1c5d1ba852a9c5dce8b8/sb-vitest/deps/react-router.js?v=e6e31490:4139:26)
    at RenderErrorBoundary (http://localhost:63315/node_modules/.cache/storybook/10.5.10/d089ae206bd7a58edd27e2b4d3689eedc26f6a98c46b1c5d1ba852a9c5dce8b8/sb-vitest/deps/react-router.js?v=e6e31490:4073:3)
    at DataRoutes2 (http://localhost:63315/node_modules/.cache/storybook/10.5.10/d089ae206bd7a58edd27e2b4d3689eedc26f6a98c46b1c5d1ba852a9c5dce8b8/sb-vitest/deps/react-router.js?v=e6e31490:4706:24)
    at Router (http://localhost:63315/node_modules/.cache/storybook/10.5.10/d089ae206bd7a58edd27e2b4d3689eedc26f6a98c46b1c5d1ba852a9c5dce8b8/sb-vitest/deps/react-router.js?v=e6e31490:4771:29)
    at RouterProvider (http://localhost:63315/node_modules/.cache/storybook/10.5.10/d089ae206bd7a58edd27e2b4d3689eedc26f6a98c46b1c5d1ba852a9c5dce8b8/sb-vitest/deps/react-router.js?v=e6e31490:4516:27)
    at unboundStoryFn (http://localhost:63315/node_modules/.cache/storybook/10.5.10/d089ae206bd7a58edd27e2b4d3689eedc26f6a98c46b1c5d1ba852a9c5dce8b8/sb-vitest/deps/csf-B8OjfbGV.js?v=d4d00fa8:8788:243)
10:55:38 am [vite] [31m[2m(client)[22m[39m [2m[console.error] [22mWarning: An update to CertificateNumberLookup inside a test was not wrapped in act(...).

When testing, code that causes React state updates should be wrapped into act(...):

act(() => {
  /* fire events that update state */
});
/* assert on the output */

This ensures that you're testing the behavior the user would see in the browser. Learn more at https://reactjs.org/link/wrap-tests-with-act
    at CertificateNumberLookup (http://localhost:63315/ClientApp/src/components/Inputs/CertificateNumberLookup/index.tsx:9:10)
    at div
    at http://localhost:63315/node_modules/.cache/storybook/10.5.10/d089ae206bd7a58edd27e2b4d3689eedc26f6a98c46b1c5d1ba852a9c5dce8b8/sb-vitest/deps/react-bootstrap_Row.js?v=edf1b346:10:52
    at HidableField (http://localhost:63315/ClientApp/src/components/forms/HidableField/index.tsx:7:41)
    at ApplicationAndInstrument (http://localhost:63315/ClientApp/src/routes/ta/applicationAndInstrument.tsx:94:10)
    at div
    at div
    at Transition (http://localhost:63315/node_modules/.cache/storybook/10.5.10/d089ae206bd7a58edd27e2b4d3689eedc26f6a98c46b1c5d1ba852a9c5dce8b8/sb-vitest/deps/Modal-DPe2VpGT.js?v=d4d00fa8:218:32)
    at http://localhost:63315/node_modules/.cache/storybook/10.5.10/d089ae206bd7a58edd27e2b4d3689eedc26f6a98c46b1c5d1ba852a9c5dce8b8/sb-vitest/deps/Modal-DPe2VpGT.js?v=d4d00fa8:786:66
    at http://localhost:63315/node_modules/.cache/storybook/10.5.10/d089ae206bd7a58edd27e2b4d3689eedc26f6a98c46b1c5d1ba852a9c5dce8b8/sb-vitest/deps/react-bootstrap.js?v=bcabbf56:60:57
    at http://localhost:63315/node_modules/.cache/storybook/10.5.10/d089ae206bd7a58edd27e2b4d3689eedc26f6a98c46b1c5d1ba852a9c5dce8b8/sb-vitest/deps/react-bootstrap.js?v=bcabbf56:118:70
    at http://localhost:63315/node_modules/.cache/storybook/10.5.10/d089ae206bd7a58edd27e2b4d3689eedc26f6a98c46b1c5d1ba852a9c5dce8b8/sb-vitest/deps/react-bootstrap.js?v=bcabbf56:136:66
    at div
    at http://localhost:63315/node_modules/.cache/storybook/10.5.10/d089ae206bd7a58edd27e2b4d3689eedc26f6a98c46b1c5d1ba852a9c5dce8b8/sb-vitest/deps/react-bootstrap.js?v=bcabbf56:201:66
    at CustomAccordionBody (http://localhost:63315/ClientApp/src/components/Accordion/index.tsx:91:10)
    at div
    at http://localhost:63315/node_modules/.cache/storybook/10.5.10/d089ae206bd7a58edd27e2b4d3689eedc26f6a98c46b1c5d1ba852a9c5dce8b8/sb-vitest/deps/react-bootstrap.js?v=bcabbf56:217:117
    at div
    at CustomAccordion (http://localhost:63315/ClientApp/src/components/Accordion/index.tsx:30:10)
    at div
    at http://localhost:63315/node_modules/.cache/storybook/10.5.10/d089ae206bd7a58edd27e2b4d3689eedc26f6a98c46b1c5d1ba852a9c5dce8b8/sb-vitest/deps/react-bootstrap_Row.js?v=edf1b346:10:52
    at SummaryAndSubmit (http://localhost:63315/ClientApp/src/routes/ta/summaryAndSubmit.tsx:21:17)
    at hookified (http://localhost:63315/node_modules/.cache/storybook/10.5.10/d089ae206bd7a58edd27e2b4d3689eedc26f6a98c46b1c5d1ba852a9c5dce8b8/sb-vitest/deps/csf-B8OjfbGV.js?v=d4d00fa8:8281:9)
    at form
    at http://localhost:63315/node_modules/.cache/storybook/10.5.10/d089ae206bd7a58edd27e2b4d3689eedc26f6a98c46b1c5d1ba852a9c5dce8b8/sb-vitest/deps/formik.js?v=6f093980:3385:21
    at Formik (http://localhost:63315/node_modules/.cache/storybook/10.5.10/d089ae206bd7a58edd27e2b4d3689eedc26f6a98c46b1c5d1ba852a9c5dce8b8/sb-vitest/deps/formik.js?v=6f093980:3190:18)
    at RenderedRoute (http://localhost:63315/node_modules/.cache/storybook/10.5.10/d089ae206bd7a58edd27e2b4d3689eedc26f6a98c46b1c5d1ba852a9c5dce8b8/sb-vitest/deps/react-router.js?v=e6e31490:4139:26)
    at RenderErrorBoundary (http://localhost:63315/node_modules/.cache/storybook/10.5.10/d089ae206bd7a58edd27e2b4d3689eedc26f6a98c46b1c5d1ba852a9c5dce8b8/sb-vitest/deps/react-router.js?v=e6e31490:4073:3)
    at DataRoutes2 (http://localhost:63315/node_modules/.cache/storybook/10.5.10/d089ae206bd7a58edd27e2b4d3689eedc26f6a98c46b1c5d1ba852a9c5dce8b8/sb-vitest/deps/react-router.js?v=e6e31490:4706:24)
    at Router (http://localhost:63315/node_modules/.cache/storybook/10.5.10/d089ae206bd7a58edd27e2b4d3689eedc26f6a98c46b1c5d1ba852a9c5dce8b8/sb-vitest/deps/react-router.js?v=e6e31490:4771:29)
    at RouterProvider (http://localhost:63315/node_modules/.cache/storybook/10.5.10/d089ae206bd7a58edd27e2b4d3689eedc26f6a98c46b1c5d1ba852a9c5dce8b8/sb-vitest/deps/react-router.js?v=e6e31490:4516:27)
    at unboundStoryFn (http://localhost:63315/node_modules/.cache/storybook/10.5.10/d089ae206bd7a58edd27e2b4d3689eedc26f6a98c46b1c5d1ba852a9c5dce8b8/sb-vitest/deps/csf-B8OjfbGV.js?v=d4d00fa8:8788:243)
 ✓ |storybook (chromium)| ClientApp/src/routes/ta/summaryAndSubmit.stories.tsx (2 tests) 1397ms
   ✓ Editable  1311ms
 ✓ |storybook (chromium)| ClientApp/src/routes/ta/preApplication.stories.tsx (1 test) 1204ms
   ✓ Default  1203ms
 ✓ |storybook (chromium)| ClientApp/src/components/SearchFilter/TypeApproval/paFilterMenu.stories.tsx (2 tests) 2556ms
   ✓ Closed  2461ms
10:55:42 am [vite] [31m[2m(client)[22m[39m [2m[console.error] [22m[env] Missing required runtime variable: REACT_APP_APPINSIGHTS_INSTRUMENTATIONKEY
10:55:42 am [vite] [31m[2m(client)[22m[39m [2m[console.error] [22m[env] Missing required runtime variable: REACT_APP_GA_TRACKINGID
10:55:42 am [vite] [31m[2m(client)[22m[39m [2m[console.error] [22m[env] Missing required runtime variable: REACT_APP_APPINSIGHTS_INSTRUMENTATIONKEY
10:55:42 am [vite] [31m[2m(client)[22m[39m [2m[console.error] [22m[env] Missing required runtime variable: REACT_APP_GA_TRACKINGID
stderr | unknown test
[env] Missing required runtime variable: REACT_APP_APPINSIGHTS_INSTRUMENTATIONKEY
stderr | unknown test
[env] Missing required runtime variable: REACT_APP_GA_TRACKINGID
stderr | unknown test
[env] Missing required runtime variable: REACT_APP_APPINSIGHTS_INSTRUMENTATIONKEY
stderr | unknown test
[env] Missing required runtime variable: REACT_APP_GA_TRACKINGID
 ✓ |storybook (chromium)| ClientApp/src/components/get-started/GetStarted.stories.tsx (2 tests) 3748ms
   ✓ Public Landing  3699ms
10:55:43 am [vite] [31m[2m(client)[22m[39m [2m[console.error] [22m[env] Missing required runtime variable: REACT_APP_APPINSIGHTS_INSTRUMENTATIONKEY
10:55:43 am [vite] [31m[2m(client)[22m[39m [2m[console.error] [22m[env] Missing required runtime variable: REACT_APP_GA_TRACKINGID
stderr | unknown test
[env] Missing required runtime variable: REACT_APP_APPINSIGHTS_INSTRUMENTATIONKEY
stderr | unknown test
[env] Missing required runtime variable: REACT_APP_GA_TRACKINGID
 ✓ |storybook (chromium)| ClientApp/src/routes/ta/supportingDocuments.stories.tsx (1 test) 1821ms
   ✓ Edit Step  1821ms
 ✓ |storybook (chromium)| ClientApp/src/components/Header/Header.stories.tsx (2 tests) 1820ms
   ✓ Authenticated  1788ms
 ✓ |storybook (chromium)| ClientApp/src/components/tiles/StandardPathway/StandardPathway.stories.tsx (2 tests) 1244ms
   ✓ Internal Navigation  1217ms
 ✓ |storybook (chromium)| ClientApp/src/components/Utilities/Utilities.stories.tsx (4 tests) 1141ms
   ✓ Contact Actions  1035ms
10:55:48 am [vite] [31m[2m(client)[22m[39m [2m[console.error] [22m[env] Missing required runtime variable: REACT_APP_APPINSIGHTS_INSTRUMENTATIONKEY
10:55:48 am [vite] [31m[2m(client)[22m[39m [2m[console.error] [22m[env] Missing required runtime variable: REACT_APP_GA_TRACKINGID
stderr | unknown test
[env] Missing required runtime variable: REACT_APP_APPINSIGHTS_INSTRUMENTATIONKEY
stderr | unknown test
[env] Missing required runtime variable: REACT_APP_GA_TRACKINGID
10:55:49 am [vite] [31m[2m(client)[22m[39m [2m[console.error] [22m[env] Missing required runtime variable: REACT_APP_APPINSIGHTS_INSTRUMENTATIONKEY
10:55:49 am [vite] [31m[2m(client)[22m[39m [2m[console.error] [22m[env] Missing required runtime variable: REACT_APP_GA_TRACKINGID
stderr | unknown test
[env] Missing required runtime variable: REACT_APP_APPINSIGHTS_INSTRUMENTATIONKEY
stderr | unknown test
[env] Missing required runtime variable: REACT_APP_GA_TRACKINGID
10:55:49 am [vite] [31m[2m(client)[22m[39m [2m[console.error] [22mWarning: An update to OrganisationNameLookup inside a test was not wrapped in act(...).

When testing, code that causes React state updates should be wrapped into act(...):

act(() => {
  /* fire events that update state */
});
/* assert on the output */

This ensures that you're testing the behavior the user would see in the browser. Learn more at https://reactjs.org/link/wrap-tests-with-act
    at OrganisationNameLookup (http://localhost:63315/ClientApp/src/components/Inputs/OrganisationNameLookup/index.tsx:9:10)
    at div
    at http://localhost:63315/node_modules/.cache/storybook/10.5.10/d089ae206bd7a58edd27e2b4d3689eedc26f6a98c46b1c5d1ba852a9c5dce8b8/sb-vitest/deps/react-bootstrap_Row.js?v=edf1b346:10:52
    at AccountDetails
    at hookified (http://localhost:63315/node_modules/.cache/storybook/10.5.10/d089ae206bd7a58edd27e2b4d3689eedc26f6a98c46b1c5d1ba852a9c5dce8b8/sb-vitest/deps/csf-B8OjfbGV.js?v=d4d00fa8:8281:9)
    at form
    at http://localhost:63315/node_modules/.cache/storybook/10.5.10/d089ae206bd7a58edd27e2b4d3689eedc26f6a98c46b1c5d1ba852a9c5dce8b8/sb-vitest/deps/formik.js?v=6f093980:3385:21
    at Formik (http://localhost:63315/node_modules/.cache/storybook/10.5.10/d089ae206bd7a58edd27e2b4d3689eedc26f6a98c46b1c5d1ba852a9c5dce8b8/sb-vitest/deps/formik.js?v=6f093980:3190:18)
    at RenderedRoute (http://localhost:63315/node_modules/.cache/storybook/10.5.10/d089ae206bd7a58edd27e2b4d3689eedc26f6a98c46b1c5d1ba852a9c5dce8b8/sb-vitest/deps/react-router.js?v=e6e31490:4139:26)
    at RenderErrorBoundary (http://localhost:63315/node_modules/.cache/storybook/10.5.10/d089ae206bd7a58edd27e2b4d3689eedc26f6a98c46b1c5d1ba852a9c5dce8b8/sb-vitest/deps/react-router.js?v=e6e31490:4073:3)
    at DataRoutes2 (http://localhost:63315/node_modules/.cache/storybook/10.5.10/d089ae206bd7a58edd27e2b4d3689eedc26f6a98c46b1c5d1ba852a9c5dce8b8/sb-vitest/deps/react-router.js?v=e6e31490:4706:24)
    at Router (http://localhost:63315/node_modules/.cache/storybook/10.5.10/d089ae206bd7a58edd27e2b4d3689eedc26f6a98c46b1c5d1ba852a9c5dce8b8/sb-vitest/deps/react-router.js?v=e6e31490:4771:29)
    at RouterProvider (http://localhost:63315/node_modules/.cache/storybook/10.5.10/d089ae206bd7a58edd27e2b4d3689eedc26f6a98c46b1c5d1ba852a9c5dce8b8/sb-vitest/deps/react-router.js?v=e6e31490:4516:27)
    at unboundStoryFn (http://localhost:63315/node_modules/.cache/storybook/10.5.10/d089ae206bd7a58edd27e2b4d3689eedc26f6a98c46b1c5d1ba852a9c5dce8b8/sb-vitest/deps/csf-B8OjfbGV.js?v=d4d00fa8:8788:243)
10:55:49 am [vite] [31m[2m(client)[22m[39m [2m[console.error] [22mWarning: An update to OrganisationNameLookup inside a test was not wrapped in act(...).

When testing, code that causes React state updates should be wrapped into act(...):

act(() => {
  /* fire events that update state */
});
/* assert on the output */

This ensures that you're testing the behavior the user would see in the browser. Learn more at https://reactjs.org/link/wrap-tests-with-act
    at OrganisationNameLookup (http://localhost:63315/ClientApp/src/components/Inputs/OrganisationNameLookup/index.tsx:9:10)
    at div
    at div
    at http://localhost:63315/node_modules/.cache/storybook/10.5.10/d089ae206bd7a58edd27e2b4d3689eedc26f6a98c46b1c5d1ba852a9c5dce8b8/sb-vitest/deps/react-bootstrap_Row.js?v=edf1b346:10:52
    at AccountDetails
    at hookified (http://localhost:63315/node_modules/.cache/storybook/10.5.10/d089ae206bd7a58edd27e2b4d3689eedc26f6a98c46b1c5d1ba852a9c5dce8b8/sb-vitest/deps/csf-B8OjfbGV.js?v=d4d00fa8:8281:9)
    at form
    at http://localhost:63315/node_modules/.cache/storybook/10.5.10/d089ae206bd7a58edd27e2b4d3689eedc26f6a98c46b1c5d1ba852a9c5dce8b8/sb-vitest/deps/formik.js?v=6f093980:3385:21
    at Formik (http://localhost:63315/node_modules/.cache/storybook/10.5.10/d089ae206bd7a58edd27e2b4d3689eedc26f6a98c46b1c5d1ba852a9c5dce8b8/sb-vitest/deps/formik.js?v=6f093980:3190:18)
    at RenderedRoute (http://localhost:63315/node_modules/.cache/storybook/10.5.10/d089ae206bd7a58edd27e2b4d3689eedc26f6a98c46b1c5d1ba852a9c5dce8b8/sb-vitest/deps/react-router.js?v=e6e31490:4139:26)
    at RenderErrorBoundary (http://localhost:63315/node_modules/.cache/storybook/10.5.10/d089ae206bd7a58edd27e2b4d3689eedc26f6a98c46b1c5d1ba852a9c5dce8b8/sb-vitest/deps/react-router.js?v=e6e31490:4073:3)
    at DataRoutes2 (http://localhost:63315/node_modules/.cache/storybook/10.5.10/d089ae206bd7a58edd27e2b4d3689eedc26f6a98c46b1c5d1ba852a9c5dce8b8/sb-vitest/deps/react-router.js?v=e6e31490:4706:24)
    at Router (http://localhost:63315/node_modules/.cache/storybook/10.5.10/d089ae206bd7a58edd27e2b4d3689eedc26f6a98c46b1c5d1ba852a9c5dce8b8/sb-vitest/deps/react-router.js?v=e6e31490:4771:29)
    at RouterProvider (http://localhost:63315/node_modules/.cache/storybook/10.5.10/d089ae206bd7a58edd27e2b4d3689eedc26f6a98c46b1c5d1ba852a9c5dce8b8/sb-vitest/deps/react-router.js?v=e6e31490:4516:27)
    at unboundStoryFn (http://localhost:63315/node_modules/.cache/storybook/10.5.10/d089ae206bd7a58edd27e2b4d3689eedc26f6a98c46b1c5d1ba852a9c5dce8b8/sb-vitest/deps/csf-B8OjfbGV.js?v=d4d00fa8:8788:243)
stderr | ClientApp/src/routes/account/AccountRoute.stories.tsx > Organisation Details
Warning: An update to OrganisationNameLookup inside a test was not wrapped in act(...).

When testing, code that causes React state updates should be wrapped into act(...):

act(() => {
  /* fire events that update state */
});
/* assert on the output */

This ensures that you're testing the behavior the user would see in the browser. Learn more at https://reactjs.org/link/wrap-tests-with-act
    at OrganisationNameLookup (http://localhost:63315/ClientApp/src/components/Inputs/OrganisationNameLookup/index.tsx:9:10)
    at div
    at http://localhost:63315/node_modules/.cache/storybook/10.5.10/d089ae206bd7a58edd27e2b4d3689eedc26f6a98c46b1c5d1ba852a9c5dce8b8/sb-vitest/deps/react-bootstrap_Row.js?v=edf1b346:10:52
    at AccountDetails
    at hookified (http://localhost:63315/node_modules/.cache/storybook/10.5.10/d089ae206bd7a58edd27e2b4d3689eedc26f6a98c46b1c5d1ba852a9c5dce8b8/sb-vitest/deps/csf-B8OjfbGV.js?v=d4d00fa8:8281:9)
    at form
    at http://localhost:63315/node_modules/.cache/storybook/10.5.10/d089ae206bd7a58edd27e2b4d3689eedc26f6a98c46b1c5d1ba852a9c5dce8b8/sb-vitest/deps/formik.js?v=6f093980:3385:21
    at Formik (http://localhost:63315/node_modules/.cache/storybook/10.5.10/d089ae206bd7a58edd27e2b4d3689eedc26f6a98c46b1c5d1ba852a9c5dce8b8/sb-vitest/deps/formik.js?v=6f093980:3190:18)
    at RenderedRoute (http://localhost:63315/node_modules/.cache/storybook/10.5.10/d089ae206bd7a58edd27e2b4d3689eedc26f6a98c46b1c5d1ba852a9c5dce8b8/sb-vitest/deps/react-router.js?v=e6e31490:4139:26)
    at RenderErrorBoundary (http://localhost:63315/node_modules/.cache/storybook/10.5.10/d089ae206bd7a58edd27e2b4d3689eedc26f6a98c46b1c5d1ba852a9c5dce8b8/sb-vitest/deps/react-router.js?v=e6e31490:4073:3)
    at DataRoutes2 (http://localhost:63315/node_modules/.cache/storybook/10.5.10/d089ae206bd7a58edd27e2b4d3689eedc26f6a98c46b1c5d1ba852a9c5dce8b8/sb-vitest/deps/react-router.js?v=e6e31490:4706:24)
    at Router (http://localhost:63315/node_modules/.cache/storybook/10.5.10/d089ae206bd7a58edd27e2b4d3689eedc26f6a98c46b1c5d1ba852a9c5dce8b8/sb-vitest/deps/react-router.js?v=e6e31490:4771:29)
    at RouterProvider (http://localhost:63315/node_modules/.cache/storybook/10.5.10/d089ae206bd7a58edd27e2b4d3689eedc26f6a98c46b1c5d1ba852a9c5dce8b8/sb-vitest/deps/react-router.js?v=e6e31490:4516:27)
    at unboundStoryFn (http://localhost:63315/node_modules/.cache/storybook/10.5.10/d089ae206bd7a58edd27e2b4d3689eedc26f6a98c46b1c5d1ba852a9c5dce8b8/sb-vitest/deps/csf-B8OjfbGV.js?v=d4d00fa8:8788:243)
stderr | ClientApp/src/routes/account/AccountRoute.stories.tsx > Organisation Details
Warning: An update to OrganisationNameLookup inside a test was not wrapped in act(...).

When testing, code that causes React state updates should be wrapped into act(...):

act(() => {
  /* fire events that update state */
});
/* assert on the output */

This ensures that you're testing the behavior the user would see in the browser. Learn more at https://reactjs.org/link/wrap-tests-with-act
    at OrganisationNameLookup (http://localhost:63315/ClientApp/src/components/Inputs/OrganisationNameLookup/index.tsx:9:10)
    at div
    at div
    at http://localhost:63315/node_modules/.cache/storybook/10.5.10/d089ae206bd7a58edd27e2b4d3689eedc26f6a98c46b1c5d1ba852a9c5dce8b8/sb-vitest/deps/react-bootstrap_Row.js?v=edf1b346:10:52
    at AccountDetails
    at hookified (http://localhost:63315/node_modules/.cache/storybook/10.5.10/d089ae206bd7a58edd27e2b4d3689eedc26f6a98c46b1c5d1ba852a9c5dce8b8/sb-vitest/deps/csf-B8OjfbGV.js?v=d4d00fa8:8281:9)
    at form
    at http://localhost:63315/node_modules/.cache/storybook/10.5.10/d089ae206bd7a58edd27e2b4d3689eedc26f6a98c46b1c5d1ba852a9c5dce8b8/sb-vitest/deps/formik.js?v=6f093980:3385:21
    at Formik (http://localhost:63315/node_modules/.cache/storybook/10.5.10/d089ae206bd7a58edd27e2b4d3689eedc26f6a98c46b1c5d1ba852a9c5dce8b8/sb-vitest/deps/formik.js?v=6f093980:3190:18)
    at RenderedRoute (http://localhost:63315/node_modules/.cache/storybook/10.5.10/d089ae206bd7a58edd27e2b4d3689eedc26f6a98c46b1c5d1ba852a9c5dce8b8/sb-vitest/deps/react-router.js?v=e6e31490:4139:26)
    at RenderErrorBoundary (http://localhost:63315/node_modules/.cache/storybook/10.5.10/d089ae206bd7a58edd27e2b4d3689eedc26f6a98c46b1c5d1ba852a9c5dce8b8/sb-vitest/deps/react-router.js?v=e6e31490:4073:3)
    at DataRoutes2 (http://localhost:63315/node_modules/.cache/storybook/10.5.10/d089ae206bd7a58edd27e2b4d3689eedc26f6a98c46b1c5d1ba852a9c5dce8b8/sb-vitest/deps/react-router.js?v=e6e31490:4706:24)
    at Router (http://localhost:63315/node_modules/.cache/storybook/10.5.10/d089ae206bd7a58edd27e2b4d3689eedc26f6a98c46b1c5d1ba852a9c5dce8b8/sb-vitest/deps/react-router.js?v=e6e31490:4771:29)
    at RouterProvider (http://localhost:63315/node_modules/.cache/storybook/10.5.10/d089ae206bd7a58edd27e2b4d3689eedc26f6a98c46b1c5d1ba852a9c5dce8b8/sb-vitest/deps/react-router.js?v=e6e31490:4516:27)
    at unboundStoryFn (http://localhost:63315/node_modules/.cache/storybook/10.5.10/d089ae206bd7a58edd27e2b4d3689eedc26f6a98c46b1c5d1ba852a9c5dce8b8/sb-vitest/deps/csf-B8OjfbGV.js?v=d4d00fa8:8788:243)
 ✓ |storybook (chromium)| ClientApp/src/components/forms/ErrorSummary/ErrorSummary.stories.tsx (4 tests) 4892ms
   ✓ Server Error  4785ms
10:55:49 am [vite] [31m[2m(client)[22m[39m [2m[console.error] [22mWarning: An update to $dbdc5e6e7ce01b4b$var$ComboBoxInner inside a test was not wrapped in act(...).

When testing, code that causes React state updates should be wrapped into act(...):

act(() => {
  /* fire events that update state */
});
/* assert on the output */

This ensures that you're testing the behavior the user would see in the browser. Learn more at https://reactjs.org/link/wrap-tests-with-act
    at $dbdc5e6e7ce01b4b$var$ComboBoxInner (http://localhost:63315/node_modules/.cache/storybook/10.5.10/d089ae206bd7a58edd27e2b4d3689eedc26f6a98c46b1c5d1ba852a9c5dce8b8/sb-vitest/deps/ComboBox-ibQmNIIj.js?v=d4d00fa8:4656:48)
    at $42ceafc619f9c3ba$var$CollectionInner (http://localhost:63315/node_modules/.cache/storybook/10.5.10/d089ae206bd7a58edd27e2b4d3689eedc26f6a98c46b1c5d1ba852a9c5dce8b8/sb-vitest/deps/Collection-B9ePPz5R.js?v=d4d00fa8:710:50)
    at $42ceafc619f9c3ba$export$bf788dd355e3a401 (http://localhost:63315/node_modules/.cache/storybook/10.5.10/d089ae206bd7a58edd27e2b4d3689eedc26f6a98c46b1c5d1ba852a9c5dce8b8/sb-vitest/deps/Collection-B9ePPz5R.js?v=d4d00fa8:703:34)
    at Wrapper (http://localhost:63315/node_modules/.cache/storybook/10.5.10/d089ae206bd7a58edd27e2b4d3689eedc26f6a98c46b1c5d1ba852a9c5dce8b8/sb-vitest/deps/Hidden-CqdvWE-W.js?v=d4d00fa8:159:35)
    at div
    at AutoSuggestContainer (http://localhost:63315/ClientApp/src/components/Inputs/AutoSuggest/AutoSuggestContainer.tsx:22:10)
    at AutoSuggest (http://localhost:63315/ClientApp/src/components/Inputs/AutoSuggest/index.tsx:6:10)
    at div
    at http://localhost:63315/node_modules/.cache/storybook/10.5.10/d089ae206bd7a58edd27e2b4d3689eedc26f6a98c46b1c5d1ba852a9c5dce8b8/sb-vitest/deps/Form-Bhe6QYJ3.js?v=d4d00fa8:208:58
    at fieldset
    at AddressLookup (http://localhost:63315/ClientApp/src/components/Inputs/AddressLookup/index.tsx:32:10)
    at div
    at http://localhost:63315/node_modules/.cache/storybook/10.5.10/d089ae206bd7a58edd27e2b4d3689eedc26f6a98c46b1c5d1ba852a9c5dce8b8/sb-vitest/deps/react-bootstrap_Row.js?v=edf1b346:10:52
    at AccountDetails
    at hookified (http://localhost:63315/node_modules/.cache/storybook/10.5.10/d089ae206bd7a58edd27e2b4d3689eedc26f6a98c46b1c5d1ba852a9c5dce8b8/sb-vitest/deps/csf-B8OjfbGV.js?v=d4d00fa8:8281:9)
    at form
    at http://localhost:63315/node_modules/.cache/storybook/10.5.10/d089ae206bd7a58edd27e2b4d3689eedc26f6a98c46b1c5d1ba852a9c5dce8b8/sb-vitest/deps/formik.js?v=6f093980:3385:21
    at Formik (http://localhost:63315/node_modules/.cache/storybook/10.5.10/d089ae206bd7a58edd27e2b4d3689eedc26f6a98c46b1c5d1ba852a9c5dce8b8/sb-vitest/deps/formik.js?v=6f093980:3190:18)
    at RenderedRoute (http://localhost:63315/node_modules/.cache/storybook/10.5.10/d089ae206bd7a58edd27e2b4d3689eedc26f6a98c46b1c5d1ba852a9c5dce8b8/sb-vitest/deps/react-router.js?v=e6e31490:4139:26)
    at RenderErrorBoundary (http://localhost:63315/node_modules/.cache/storybook/10.5.10/d089ae206bd7a58edd27e2b4d3689eedc26f6a98c46b1c5d1ba852a9c5dce8b8/sb-vitest/deps/react-router.js?v=e6e31490:4073:3)
    at DataRoutes2 (http://localhost:63315/node_modules/.cache/storybook/10.5.10/d089ae206bd7a58edd27e2b4d3689eedc26f6a98c46b1c5d1ba852a9c5dce8b8/sb-vitest/deps/react-router.js?v=e6e31490:4706:24)
    at Router (http://localhost:63315/node_modules/.cache/storybook/10.5.10/d089ae206bd7a58edd27e2b4d3689eedc26f6a98c46b1c5d1ba852a9c5dce8b8/sb-vitest/deps/react-router.js?v=e6e31490:4771:29)
    at RouterProvider (http://localhost:63315/node_modules/.cache/storybook/10.5.10/d089ae206bd7a58edd27e2b4d3689eedc26f6a98c46b1c5d1ba852a9c5dce8b8/sb-vitest/deps/react-router.js?v=e6e31490:4516:27)
    at unboundStoryFn (http://localhost:63315/node_modules/.cache/storybook/10.5.10/d089ae206bd7a58edd27e2b4d3689eedc26f6a98c46b1c5d1ba852a9c5dce8b8/sb-vitest/deps/csf-B8OjfbGV.js?v=d4d00fa8:8788:243)
10:55:49 am [vite] [31m[2m(client)[22m[39m [2m[console.error] [22mWarning: An update to $dbdc5e6e7ce01b4b$var$ComboBoxInner inside a test was not wrapped in act(...).

When testing, code that causes React state updates should be wrapped into act(...):

act(() => {
  /* fire events that update state */
});
/* assert on the output */

This ensures that you're testing the behavior the user would see in the browser. Learn more at https://reactjs.org/link/wrap-tests-with-act
    at $dbdc5e6e7ce01b4b$var$ComboBoxInner (http://localhost:63315/node_modules/.cache/storybook/10.5.10/d089ae206bd7a58edd27e2b4d3689eedc26f6a98c46b1c5d1ba852a9c5dce8b8/sb-vitest/deps/ComboBox-ibQmNIIj.js?v=d4d00fa8:4656:48)
    at $42ceafc619f9c3ba$var$CollectionInner (http://localhost:63315/node_modules/.cache/storybook/10.5.10/d089ae206bd7a58edd27e2b4d3689eedc26f6a98c46b1c5d1ba852a9c5dce8b8/sb-vitest/deps/Collection-B9ePPz5R.js?v=d4d00fa8:710:50)
    at $42ceafc619f9c3ba$export$bf788dd355e3a401 (http://localhost:63315/node_modules/.cache/storybook/10.5.10/d089ae206bd7a58edd27e2b4d3689eedc26f6a98c46b1c5d1ba852a9c5dce8b8/sb-vitest/deps/Collection-B9ePPz5R.js?v=d4d00fa8:703:34)
    at Wrapper (http://localhost:63315/node_modules/.cache/storybook/10.5.10/d089ae206bd7a58edd27e2b4d3689eedc26f6a98c46b1c5d1ba852a9c5dce8b8/sb-vitest/deps/Hidden-CqdvWE-W.js?v=d4d00fa8:159:35)
    at div
    at AutoSuggestContainer (http://localhost:63315/ClientApp/src/components/Inputs/AutoSuggest/AutoSuggestContainer.tsx:22:10)
    at AutoSuggest (http://localhost:63315/ClientApp/src/components/Inputs/AutoSuggest/index.tsx:6:10)
    at div
    at http://localhost:63315/node_modules/.cache/storybook/10.5.10/d089ae206bd7a58edd27e2b4d3689eedc26f6a98c46b1c5d1ba852a9c5dce8b8/sb-vitest/deps/Form-Bhe6QYJ3.js?v=d4d00fa8:208:58
    at fieldset
    at AddressLookup (http://localhost:63315/ClientApp/src/components/Inputs/AddressLookup/index.tsx:32:10)
    at HidableField (http://localhost:63315/ClientApp/src/components/forms/HidableField/index.tsx:7:41)
    at div
    at http://localhost:63315/node_modules/.cache/storybook/10.5.10/d089ae206bd7a58edd27e2b4d3689eedc26f6a98c46b1c5d1ba852a9c5dce8b8/sb-vitest/deps/react-bootstrap_Row.js?v=edf1b346:10:52
    at AccountDetails
    at hookified (http://localhost:63315/node_modules/.cache/storybook/10.5.10/d089ae206bd7a58edd27e2b4d3689eedc26f6a98c46b1c5d1ba852a9c5dce8b8/sb-vitest/deps/csf-B8OjfbGV.js?v=d4d00fa8:8281:9)
    at form
    at http://localhost:63315/node_modules/.cache/storybook/10.5.10/d089ae206bd7a58edd27e2b4d3689eedc26f6a98c46b1c5d1ba852a9c5dce8b8/sb-vitest/deps/formik.js?v=6f093980:3385:21
    at Formik (http://localhost:63315/node_modules/.cache/storybook/10.5.10/d089ae206bd7a58edd27e2b4d3689eedc26f6a98c46b1c5d1ba852a9c5dce8b8/sb-vitest/deps/formik.js?v=6f093980:3190:18)
    at RenderedRoute (http://localhost:63315/node_modules/.cache/storybook/10.5.10/d089ae206bd7a58edd27e2b4d3689eedc26f6a98c46b1c5d1ba852a9c5dce8b8/sb-vitest/deps/react-router.js?v=e6e31490:4139:26)
    at RenderErrorBoundary (http://localhost:63315/node_modules/.cache/storybook/10.5.10/d089ae206bd7a58edd27e2b4d3689eedc26f6a98c46b1c5d1ba852a9c5dce8b8/sb-vitest/deps/react-router.js?v=e6e31490:4073:3)
    at DataRoutes2 (http://localhost:63315/node_modules/.cache/storybook/10.5.10/d089ae206bd7a58edd27e2b4d3689eedc26f6a98c46b1c5d1ba852a9c5dce8b8/sb-vitest/deps/react-router.js?v=e6e31490:4706:24)
    at Router (http://localhost:63315/node_modules/.cache/storybook/10.5.10/d089ae206bd7a58edd27e2b4d3689eedc26f6a98c46b1c5d1ba852a9c5dce8b8/sb-vitest/deps/react-router.js?v=e6e31490:4771:29)
    at RouterProvider (http://localhost:63315/node_modules/.cache/storybook/10.5.10/d089ae206bd7a58edd27e2b4d3689eedc26f6a98c46b1c5d1ba852a9c5dce8b8/sb-vitest/deps/react-router.js?v=e6e31490:4516:27)
    at unboundStoryFn (http://localhost:63315/node_modules/.cache/storybook/10.5.10/d089ae206bd7a58edd27e2b4d3689eedc26f6a98c46b1c5d1ba852a9c5dce8b8/sb-vitest/deps/csf-B8OjfbGV.js?v=d4d00fa8:8788:243)
stderr | ClientApp/src/routes/account/AccountRoute.stories.tsx > Organisation Details Validation
Warning: An update to $dbdc5e6e7ce01b4b$var$ComboBoxInner inside a test was not wrapped in act(...).

When testing, code that causes React state updates should be wrapped into act(...):

act(() => {
  /* fire events that update state */
});
/* assert on the output */

This ensures that you're testing the behavior the user would see in the browser. Learn more at https://reactjs.org/link/wrap-tests-with-act
    at $dbdc5e6e7ce01b4b$var$ComboBoxInner (http://localhost:63315/node_modules/.cache/storybook/10.5.10/d089ae206bd7a58edd27e2b4d3689eedc26f6a98c46b1c5d1ba852a9c5dce8b8/sb-vitest/deps/ComboBox-ibQmNIIj.js?v=d4d00fa8:4656:48)
    at $42ceafc619f9c3ba$var$CollectionInner (http://localhost:63315/node_modules/.cache/storybook/10.5.10/d089ae206bd7a58edd27e2b4d3689eedc26f6a98c46b1c5d1ba852a9c5dce8b8/sb-vitest/deps/Collection-B9ePPz5R.js?v=d4d00fa8:710:50)
    at $42ceafc619f9c3ba$export$bf788dd355e3a401 (http://localhost:63315/node_modules/.cache/storybook/10.5.10/d089ae206bd7a58edd27e2b4d3689eedc26f6a98c46b1c5d1ba852a9c5dce8b8/sb-vitest/deps/Collection-B9ePPz5R.js?v=d4d00fa8:703:34)
    at Wrapper (http://localhost:63315/node_modules/.cache/storybook/10.5.10/d089ae206bd7a58edd27e2b4d3689eedc26f6a98c46b1c5d1ba852a9c5dce8b8/sb-vitest/deps/Hidden-CqdvWE-W.js?v=d4d00fa8:159:35)
    at div
    at AutoSuggestContainer (http://localhost:63315/ClientApp/src/components/Inputs/AutoSuggest/AutoSuggestContainer.tsx:22:10)
    at AutoSuggest (http://localhost:63315/ClientApp/src/components/Inputs/AutoSuggest/index.tsx:6:10)
    at div
    at http://localhost:63315/node_modules/.cache/storybook/10.5.10/d089ae206bd7a58edd27e2b4d3689eedc26f6a98c46b1c5d1ba852a9c5dce8b8/sb-vitest/deps/Form-Bhe6QYJ3.js?v=d4d00fa8:208:58
    at fieldset
    at AddressLookup (http://localhost:63315/ClientApp/src/components/Inputs/AddressLookup/index.tsx:32:10)
    at div
    at http://localhost:63315/node_modules/.cache/storybook/10.5.10/d089ae206bd7a58edd27e2b4d3689eedc26f6a98c46b1c5d1ba852a9c5dce8b8/sb-vitest/deps/react-bootstrap_Row.js?v=edf1b346:10:52
    at AccountDetails
    at hookified (http://localhost:63315/node_modules/.cache/storybook/10.5.10/d089ae206bd7a58edd27e2b4d3689eedc26f6a98c46b1c5d1ba852a9c5dce8b8/sb-vitest/deps/csf-B8OjfbGV.js?v=d4d00fa8:8281:9)
    at form
    at http://localhost:63315/node_modules/.cache/storybook/10.5.10/d089ae206bd7a58edd27e2b4d3689eedc26f6a98c46b1c5d1ba852a9c5dce8b8/sb-vitest/deps/formik.js?v=6f093980:3385:21
    at Formik (http://localhost:63315/node_modules/.cache/storybook/10.5.10/d089ae206bd7a58edd27e2b4d3689eedc26f6a98c46b1c5d1ba852a9c5dce8b8/sb-vitest/deps/formik.js?v=6f093980:3190:18)
    at RenderedRoute (http://localhost:63315/node_modules/.cache/storybook/10.5.10/d089ae206bd7a58edd27e2b4d3689eedc26f6a98c46b1c5d1ba852a9c5dce8b8/sb-vitest/deps/react-router.js?v=e6e31490:4139:26)
    at RenderErrorBoundary (http://localhost:63315/node_modules/.cache/storybook/10.5.10/d089ae206bd7a58edd27e2b4d3689eedc26f6a98c46b1c5d1ba852a9c5dce8b8/sb-vitest/deps/react-router.js?v=e6e31490:4073:3)
    at DataRoutes2 (http://localhost:63315/node_modules/.cache/storybook/10.5.10/d089ae206bd7a58edd27e2b4d3689eedc26f6a98c46b1c5d1ba852a9c5dce8b8/sb-vitest/deps/react-router.js?v=e6e31490:4706:24)
    at Router (http://localhost:63315/node_modules/.cache/storybook/10.5.10/d089ae206bd7a58edd27e2b4d3689eedc26f6a98c46b1c5d1ba852a9c5dce8b8/sb-vitest/deps/react-router.js?v=e6e31490:4771:29)
    at RouterProvider (http://localhost:63315/node_modules/.cache/storybook/10.5.10/d089ae206bd7a58edd27e2b4d3689eedc26f6a98c46b1c5d1ba852a9c5dce8b8/sb-vitest/deps/react-router.js?v=e6e31490:4516:27)
    at unboundStoryFn (http://localhost:63315/node_modules/.cache/storybook/10.5.10/d089ae206bd7a58edd27e2b4d3689eedc26f6a98c46b1c5d1ba852a9c5dce8b8/sb-vitest/deps/csf-B8OjfbGV.js?v=d4d00fa8:8788:243)
stderr | ClientApp/src/routes/account/AccountRoute.stories.tsx > Organisation Details Validation
Warning: An update to $dbdc5e6e7ce01b4b$var$ComboBoxInner inside a test was not wrapped in act(...).

When testing, code that causes React state updates should be wrapped into act(...):

act(() => {
  /* fire events that update state */
});
/* assert on the output */

This ensures that you're testing the behavior the user would see in the browser. Learn more at https://reactjs.org/link/wrap-tests-with-act
    at $dbdc5e6e7ce01b4b$var$ComboBoxInner (http://localhost:63315/node_modules/.cache/storybook/10.5.10/d089ae206bd7a58edd27e2b4d3689eedc26f6a98c46b1c5d1ba852a9c5dce8b8/sb-vitest/deps/ComboBox-ibQmNIIj.js?v=d4d00fa8:4656:48)
    at $42ceafc619f9c3ba$var$CollectionInner (http://localhost:63315/node_modules/.cache/storybook/10.5.10/d089ae206bd7a58edd27e2b4d3689eedc26f6a98c46b1c5d1ba852a9c5dce8b8/sb-vitest/deps/Collection-B9ePPz5R.js?v=d4d00fa8:710:50)
    at $42ceafc619f9c3ba$export$bf788dd355e3a401 (http://localhost:63315/node_modules/.cache/storybook/10.5.10/d089ae206bd7a58edd27e2b4d3689eedc26f6a98c46b1c5d1ba852a9c5dce8b8/sb-vitest/deps/Collection-B9ePPz5R.js?v=d4d00fa8:703:34)
    at Wrapper (http://localhost:63315/node_modules/.cache/storybook/10.5.10/d089ae206bd7a58edd27e2b4d3689eedc26f6a98c46b1c5d1ba852a9c5dce8b8/sb-vitest/deps/Hidden-CqdvWE-W.js?v=d4d00fa8:159:35)
    at div
    at AutoSuggestContainer (http://localhost:63315/ClientApp/src/components/Inputs/AutoSuggest/AutoSuggestContainer.tsx:22:10)
    at AutoSuggest (http://localhost:63315/ClientApp/src/components/Inputs/AutoSuggest/index.tsx:6:10)
    at div
    at http://localhost:63315/node_modules/.cache/storybook/10.5.10/d089ae206bd7a58edd27e2b4d3689eedc26f6a98c46b1c5d1ba852a9c5dce8b8/sb-vitest/deps/Form-Bhe6QYJ3.js?v=d4d00fa8:208:58
    at fieldset
    at AddressLookup (http://localhost:63315/ClientApp/src/components/Inputs/AddressLookup/index.tsx:32:10)
    at HidableField (http://localhost:63315/ClientApp/src/components/forms/HidableField/index.tsx:7:41)
    at div
    at http://localhost:63315/node_modules/.cache/storybook/10.5.10/d089ae206bd7a58edd27e2b4d3689eedc26f6a98c46b1c5d1ba852a9c5dce8b8/sb-vitest/deps/react-bootstrap_Row.js?v=edf1b346:10:52
    at AccountDetails
    at hookified (http://localhost:63315/node_modules/.cache/storybook/10.5.10/d089ae206bd7a58edd27e2b4d3689eedc26f6a98c46b1c5d1ba852a9c5dce8b8/sb-vitest/deps/csf-B8OjfbGV.js?v=d4d00fa8:8281:9)
    at form
    at http://localhost:63315/node_modules/.cache/storybook/10.5.10/d089ae206bd7a58edd27e2b4d3689eedc26f6a98c46b1c5d1ba852a9c5dce8b8/sb-vitest/deps/formik.js?v=6f093980:3385:21
    at Formik (http://localhost:63315/node_modules/.cache/storybook/10.5.10/d089ae206bd7a58edd27e2b4d3689eedc26f6a98c46b1c5d1ba852a9c5dce8b8/sb-vitest/deps/formik.js?v=6f093980:3190:18)
    at RenderedRoute (http://localhost:63315/node_modules/.cache/storybook/10.5.10/d089ae206bd7a58edd27e2b4d3689eedc26f6a98c46b1c5d1ba852a9c5dce8b8/sb-vitest/deps/react-router.js?v=e6e31490:4139:26)
    at RenderErrorBoundary (http://localhost:63315/node_modules/.cache/storybook/10.5.10/d089ae206bd7a58edd27e2b4d3689eedc26f6a98c46b1c5d1ba852a9c5dce8b8/sb-vitest/deps/react-router.js?v=e6e31490:4073:3)
    at DataRoutes2 (http://localhost:63315/node_modules/.cache/storybook/10.5.10/d089ae206bd7a58edd27e2b4d3689eedc26f6a98c46b1c5d1ba852a9c5dce8b8/sb-vitest/deps/react-router.js?v=e6e31490:4706:24)
    at Router (http://localhost:63315/node_modules/.cache/storybook/10.5.10/d089ae206bd7a58edd27e2b4d3689eedc26f6a98c46b1c5d1ba852a9c5dce8b8/sb-vitest/deps/react-router.js?v=e6e31490:4771:29)
    at RouterProvider (http://localhost:63315/node_modules/.cache/storybook/10.5.10/d089ae206bd7a58edd27e2b4d3689eedc26f6a98c46b1c5d1ba852a9c5dce8b8/sb-vitest/deps/react-router.js?v=e6e31490:4516:27)
    at unboundStoryFn (http://localhost:63315/node_modules/.cache/storybook/10.5.10/d089ae206bd7a58edd27e2b4d3689eedc26f6a98c46b1c5d1ba852a9c5dce8b8/sb-vitest/deps/csf-B8OjfbGV.js?v=d4d00fa8:8788:243)
 ✓ |storybook (chromium)| ClientApp/src/routes/account/AccountRoute.stories.tsx (2 tests) 871ms
   ✓ Organisation Details  811ms
 ✓ |storybook (chromium)| ClientApp/src/components/Progress/ProgressFileList.stories.tsx (3 tests) 1250ms
   ✓ Uploading  1172ms
 ✓ |storybook (chromium)| ClientApp/src/components/Inputs/AutoSuggest/AutoSuggestOption.stories.tsx (2 tests) 673ms
   ✓ Default  642ms
 ✓ |storybook (chromium)| ClientApp/src/components/forms/Forms.stories.tsx (13 tests) 1177ms
   ✓ All Inputs Showcase  861ms
 ✓ |storybook (chromium)| ClientApp/src/routes/acceptQuote/SubmittedSuccess.stories.tsx (2 tests) 1393ms
   ✓ Prepaid  1352ms
stderr | unknown test
[env] Missing required runtime variable: REACT_APP_APPINSIGHTS_INSTRUMENTATIONKEY
stderr | unknown test
[env] Missing required runtime variable: REACT_APP_GA_TRACKINGID
10:55:52 am [vite] [31m[2m(client)[22m[39m [2m[console.error] [22m[env] Missing required runtime variable: REACT_APP_APPINSIGHTS_INSTRUMENTATIONKEY
10:55:52 am [vite] [31m[2m(client)[22m[39m [2m[console.error] [22m[env] Missing required runtime variable: REACT_APP_GA_TRACKINGID
 ✓ |storybook (chromium)| ClientApp/src/routes/common/ErrorRoutes.stories.tsx (8 tests) 3774ms
   ✓ Not Found  3518ms
stderr | unknown test
[env] Missing required runtime variable: REACT_APP_APPINSIGHTS_INSTRUMENTATIONKEY
stderr | unknown test
[env] Missing required runtime variable: REACT_APP_GA_TRACKINGID
10:55:54 am [vite] [31m[2m(client)[22m[39m [2m[console.error] [22m[env] Missing required runtime variable: REACT_APP_APPINSIGHTS_INSTRUMENTATIONKEY
10:55:54 am [vite] [31m[2m(client)[22m[39m [2m[console.error] [22m[env] Missing required runtime variable: REACT_APP_GA_TRACKINGID
 ✓ |storybook (chromium)| ClientApp/src/routes/requestForQuote/viewRequestForQuoteSummary.stories.tsx (1 test) 2767ms
   ✓ Loading  2766ms
10:55:55 am [vite] [31m[2m(client)[22m[39m [2m[console.error] [22m[env] Missing required runtime variable: REACT_APP_APPINSIGHTS_INSTRUMENTATIONKEY
10:55:55 am [vite] [31m[2m(client)[22m[39m [2m[console.error] [22m[env] Missing required runtime variable: REACT_APP_GA_TRACKINGID
stderr | unknown test
[env] Missing required runtime variable: REACT_APP_APPINSIGHTS_INSTRUMENTATIONKEY
stderr | unknown test
[env] Missing required runtime variable: REACT_APP_GA_TRACKINGID
 ✓ |storybook (chromium)| ClientApp/src/routes/dashboard/dashboard-ta.stories.tsx (1 test) 548ms
   ✓ Shell  547ms
 ✓ |storybook (chromium)| ClientApp/src/routes/measurementReport/reportList.stories.tsx (2 tests) 1194ms
   ✓ Populated  1153ms
 ✓ |storybook (chromium)| ClientApp/src/routes/sign-in/AuthRoutes.stories.tsx (3 tests) 1233ms
   ✓ Sign In Loading  1179ms
stderr | unknown test
[env] Missing required runtime variable: REACT_APP_APPINSIGHTS_INSTRUMENTATIONKEY
stderr | unknown test
[env] Missing required runtime variable: REACT_APP_GA_TRACKINGID
10:55:56 am [vite] [31m[2m(client)[22m[39m [2m[console.error] [22m[env] Missing required runtime variable: REACT_APP_APPINSIGHTS_INSTRUMENTATIONKEY
10:55:56 am [vite] [31m[2m(client)[22m[39m [2m[console.error] [22m[env] Missing required runtime variable: REACT_APP_GA_TRACKINGID
 ✓ |storybook (chromium)| ClientApp/src/components/Utilities/ViewMeasurementReport.stories.tsx (1 test) 1212ms
   ✓ Default  1211ms
stderr | unknown test
[env] Missing required runtime variable: REACT_APP_APPINSIGHTS_INSTRUMENTATIONKEY
stderr | unknown test
[env] Missing required runtime variable: REACT_APP_GA_TRACKINGID
10:55:59 am [vite] [31m[2m(client)[22m[39m [2m[console.error] [22m[env] Missing required runtime variable: REACT_APP_APPINSIGHTS_INSTRUMENTATIONKEY
10:55:59 am [vite] [31m[2m(client)[22m[39m [2m[console.error] [22m[env] Missing required runtime variable: REACT_APP_GA_TRACKINGID
 ✓ |storybook (chromium)| ClientApp/src/components/Inputs/AddressLookup/AddressLookup.stories.tsx (2 tests) 3260ms
   ✓ Default  3189ms
 ✓ |storybook (chromium)| ClientApp/src/components/RequestList/paRequestItem.stories.tsx (2 tests) 1045ms
   ✓ Draft Application  999ms
 ✓ |storybook (chromium)| ClientApp/src/components/Breadcrumb/Breadcrumb.stories.tsx (2 tests) 1459ms
   ✓ Three Levels  1416ms
 ✓ |storybook (chromium)| ClientApp/src/components/Buttons/SecondaryButton/SecondaryButton.stories.tsx (2 tests) 1026ms
   ✓ Default  998ms
 ✓ |storybook (chromium)| ClientApp/src/components/Pagination/Pagination.stories.tsx (5 tests) 1181ms
   ✓ Mid Range  1030ms
 ✓ |storybook (chromium)| ClientApp/src/components/Progress/ProgressBar.stories.tsx (3 tests) 3250ms
   ✓ In Progress  3186ms
 ✓ |storybook (chromium)| ClientApp/src/routes/quotation/Quotation.stories.tsx (2 tests) 744ms
   ✓ Quote Summary  689ms
stderr | unknown test
[env] Missing required runtime variable: REACT_APP_APPINSIGHTS_INSTRUMENTATIONKEY
stderr | unknown test
[env] Missing required runtime variable: REACT_APP_GA_TRACKINGID
10:56:04 am [vite] [31m[2m(client)[22m[39m [2m[console.error] [22m[env] Missing required runtime variable: REACT_APP_APPINSIGHTS_INSTRUMENTATIONKEY
10:56:04 am [vite] [31m[2m(client)[22m[39m [2m[console.error] [22m[env] Missing required runtime variable: REACT_APP_GA_TRACKINGID
 ✓ |storybook (chromium)| ClientApp/src/components/Inputs/Attachment/AttachmentItem-new.stories.tsx (2 tests) 1670ms
   ✓ Editable  1631ms
stderr | unknown test
[env] Missing required runtime variable: REACT_APP_APPINSIGHTS_INSTRUMENTATIONKEY
stderr | unknown test
[env] Missing required runtime variable: REACT_APP_GA_TRACKINGID
10:56:04 am [vite] [31m[2m(client)[22m[39m [2m[console.error] [22m[env] Missing required runtime variable: REACT_APP_APPINSIGHTS_INSTRUMENTATIONKEY
10:56:04 am [vite] [31m[2m(client)[22m[39m [2m[console.error] [22m[env] Missing required runtime variable: REACT_APP_GA_TRACKINGID
10:56:05 am [vite] [31m[2m(client)[22m[39m [31m[Unhandled error] [1mError[22m: Simulated render error from a broken child component.
[39m > BrokenApp ClientApp/src/components/ErrorBoundary/ErrorBoundary.stories.tsx:78:22
    76 |      render: () => {
    77 |          const BrokenApp = () => {
    78 |              throw new Error('Simulated render error from a broken child component.');
       |                        ^
    79 |          };
    80 |          return (
 > renderWithHooks node_modules/react-dom/cjs/react-dom.development.js:15486:17
 > mountIndeterminateComponent node_modules/react-dom/cjs/react-dom.development.js:20103:12
 > beginWork node_modules/react-dom/cjs/react-dom.development.js:21626:15
 > HTMLUnknownElement.callCallback node_modules/react-dom/cjs/react-dom.development.js:4164:13
 > os.invokeTarget Web%20of%20Trust.user.js:2238:288077
 > ga Web%20of%20Trust.user.js:2238:305515
 > Web%20of%20Trust.user.js:2238:289604
 > Web%20of%20Trust.user.js:2238:288278
 > HTMLUnknownElement.dispatchEvent Web%20of%20Trust.user.js:2238:287500

10:56:05 am [vite] [31m[2m(client)[22m[39m [31m[Unhandled error] [1mError[22m: Simulated render error from a broken child component.
[39m > BrokenApp ClientApp/src/components/ErrorBoundary/ErrorBoundary.stories.tsx:78:22
    76 |      render: () => {
    77 |          const BrokenApp = () => {
    78 |              throw new Error('Simulated render error from a broken child component.');
       |                        ^
    79 |          };
    80 |          return (
 > renderWithHooks node_modules/react-dom/cjs/react-dom.development.js:15486:17
 > mountIndeterminateComponent node_modules/react-dom/cjs/react-dom.development.js:20103:12
 > beginWork node_modules/react-dom/cjs/react-dom.development.js:21626:15
 > HTMLUnknownElement.callCallback node_modules/react-dom/cjs/react-dom.development.js:4164:13
 > os.invokeTarget Web%20of%20Trust.user.js:2238:288077
 > ga Web%20of%20Trust.user.js:2238:305515
 > Web%20of%20Trust.user.js:2238:289604
 > Web%20of%20Trust.user.js:2238:288278
 > HTMLUnknownElement.dispatchEvent Web%20of%20Trust.user.js:2238:287500

10:56:05 am [vite] [31m[2m(client)[22m[39m [31m[Unhandled error] [1mError[22m: Inner component error
[39m > BrokenChild ClientApp/src/components/ErrorBoundary/ErrorBoundary.stories.tsx:114:22
    112 |      render: () => {
    113 |          const BrokenChild = () => {
    114 |              throw new Error('Inner component error');
        |                        ^
    115 |          };
    116 |          return (
 > renderWithHooks node_modules/react-dom/cjs/react-dom.development.js:15486:17
 > mountIndeterminateComponent node_modules/react-dom/cjs/react-dom.development.js:20103:12
 > beginWork node_modules/react-dom/cjs/react-dom.development.js:21626:15
 > HTMLUnknownElement.callCallback node_modules/react-dom/cjs/react-dom.development.js:4164:13
 > os.invokeTarget Web%20of%20Trust.user.js:2238:288077
 > ga Web%20of%20Trust.user.js:2238:305515
 > Web%20of%20Trust.user.js:2238:289604
 > Web%20of%20Trust.user.js:2238:288278
 > HTMLUnknownElement.dispatchEvent Web%20of%20Trust.user.js:2238:287500

10:56:05 am [vite] [31m[2m(client)[22m[39m [31m[Unhandled error] [1mError[22m: Inner component error
[39m > BrokenChild ClientApp/src/components/ErrorBoundary/ErrorBoundary.stories.tsx:114:22
    112 |      render: () => {
    113 |          const BrokenChild = () => {
    114 |              throw new Error('Inner component error');
        |                        ^
    115 |          };
    116 |          return (
 > renderWithHooks node_modules/react-dom/cjs/react-dom.development.js:15486:17
 > mountIndeterminateComponent node_modules/react-dom/cjs/react-dom.development.js:20103:12
 > beginWork node_modules/react-dom/cjs/react-dom.development.js:21626:15
 > HTMLUnknownElement.callCallback node_modules/react-dom/cjs/react-dom.development.js:4164:13
 > os.invokeTarget Web%20of%20Trust.user.js:2238:288077
 > ga Web%20of%20Trust.user.js:2238:305515
 > Web%20of%20Trust.user.js:2238:289604
 > Web%20of%20Trust.user.js:2238:288278
 > HTMLUnknownElement.dispatchEvent Web%20of%20Trust.user.js:2238:287500

 ✓ |storybook (chromium)| ClientApp/src/components/SearchFilter/filterMenu.stories.tsx (3 tests) 886ms
   ✓ Closed  770ms
 ✓ |storybook (chromium)| ClientApp/src/components/ErrorBoundary/ErrorBoundary.stories.tsx (4 tests) 898ms
   ✓ No Error  769ms
 ✓ |storybook (chromium)| ClientApp/src/routes/help-guide/HelpGuide.stories.tsx (2 tests) 1624ms
   ✓ Authenticated Journey  1569ms
 ✓ |storybook (chromium)| ClientApp/src/components/Buttons/BackToDashboardButton/BackToDashboardButton.stories.tsx (3 tests) 837ms
   ✓ Default  772ms
 ✓ |storybook (chromium)| ClientApp/src/components/Actions/Actions.stories.tsx (2 tests) 1976ms
   ✓ Text Button  1942ms
stderr | unknown test
[env] Missing required runtime variable: REACT_APP_APPINSIGHTS_INSTRUMENTATIONKEY
stderr | unknown test
[env] Missing required runtime variable: REACT_APP_GA_TRACKINGID
10:56:12 am [vite] [31m[2m(client)[22m[39m [2m[console.error] [22m[env] Missing required runtime variable: REACT_APP_APPINSIGHTS_INSTRUMENTATIONKEY
10:56:12 am [vite] [31m[2m(client)[22m[39m [2m[console.error] [22m[env] Missing required runtime variable: REACT_APP_GA_TRACKINGID
 ✓ |storybook (chromium)| ClientApp/src/components/forms/FormBanner/FormBanner.stories.tsx (4 tests) 4359ms
   ✓ Save And Exit  4224ms
 ✓ |storybook (chromium)| ClientApp/src/components/Inputs/DatePicker/CustomDateInput.stories.tsx (2 tests) 663ms
   ✓ Default  618ms
 ✓ |storybook (chromium)| ClientApp/src/components/Inputs/DatePicker/CustomDatePicker.stories.tsx (2 tests) 647ms
   ✓ Collapsed  592ms
 ✓ |storybook (chromium)| ClientApp/src/routes/contact/ContactRoute.stories.tsx (2 tests) 1158ms
   ✓ Default  1099ms
 ✓ |storybook (chromium)| ClientApp/src/components/Pill/Pill.stories.tsx (2 tests) 1043ms
   ✓ Dashboard Statuses  1018ms
 ✓ |storybook (chromium)| ClientApp/src/routes/ta/manage/appDetails.stories.tsx (1 test) 2572ms
   ✓ Details Tab  2572ms
10:56:15 am [vite] [31m[2m(client)[22m[39m [2m[console.error] [22m[env] Missing required runtime variable: REACT_APP_APPINSIGHTS_INSTRUMENTATIONKEY
10:56:15 am [vite] [31m[2m(client)[22m[39m [2m[console.error] [22m[env] Missing required runtime variable: REACT_APP_GA_TRACKINGID
stderr | unknown test
[env] Missing required runtime variable: REACT_APP_APPINSIGHTS_INSTRUMENTATIONKEY
stderr | unknown test
[env] Missing required runtime variable: REACT_APP_GA_TRACKINGID
10:56:15 am [vite] [31m[2m(client)[22m[39m [2m[console.error] [22m[env] Missing required runtime variable: REACT_APP_APPINSIGHTS_INSTRUMENTATIONKEY
stderr | unknown test
[env] Missing required runtime variable: REACT_APP_APPINSIGHTS_INSTRUMENTATIONKEY
10:56:15 am [vite] [31m[2m(client)[22m[39m [2m[console.error] [22m[env] Missing required runtime variable: REACT_APP_GA_TRACKINGID
stderr | unknown test
[env] Missing required runtime variable: REACT_APP_GA_TRACKINGID
 ✓ |storybook (chromium)| ClientApp/src/routes/ta/manage/appDocuments.stories.tsx (1 test) 1563ms
   ✓ Documents Tab  1562ms
 ✓ |storybook (chromium)| ClientApp/src/components/Alert/Alert.stories.tsx (4 tests) 998ms
   ✓ Info  922ms
 ✓ |storybook (chromium)| ClientApp/src/components/modals/ContentModal/ContentModal.stories.tsx (2 tests) 1014ms
   ✓ Open With Content  995ms
 ✓ |storybook (chromium)| ClientApp/src/components/SearchFilter/TypeApproval/paSearchFilter.stories.tsx (1 test) 2927ms
   ✓ Default  2926ms
 ✓ |storybook (chromium)| ClientApp/src/components/PaginationHeader/PaginationHeader.stories.tsx (2 tests) 1304ms
   ✓ Mid Page  1277ms
 ✓ |storybook (chromium)| ClientApp/src/components/Welcome/Welcome.stories.tsx (3 tests) 753ms
   ✓ Default  698ms
10:56:21 am [vite] [31m[2m(client)[22m[39m [2m[console.error] [22mWarning: An update to ForwardRef inside a test was not wrapped in act(...).

When testing, code that causes React state updates should be wrapped into act(...):

act(() => {
  /* fire events that update state */
});
/* assert on the output */

This ensures that you're testing the behavior the user would see in the browser. Learn more at https://reactjs.org/link/wrap-tests-with-act
    at http://localhost:63315/node_modules/.cache/storybook/10.5.10/d089ae206bd7a58edd27e2b4d3689eedc26f6a98c46b1c5d1ba852a9c5dce8b8/sb-vitest/deps/slate-react.js?v=df106b9a:4780:62
    at Slate (http://localhost:63315/node_modules/.cache/storybook/10.5.10/d089ae206bd7a58edd27e2b4d3689eedc26f6a98c46b1c5d1ba852a9c5dce8b8/sb-vitest/deps/slate-react.js?v=df106b9a:5679:8)
    at form
    at SlateEditor (http://localhost:63315/ClientApp/src/components/SlateEditor/SlateEditor.tsx:58:24)
    at hookified (http://localhost:63315/node_modules/.cache/storybook/10.5.10/d089ae206bd7a58edd27e2b4d3689eedc26f6a98c46b1c5d1ba852a9c5dce8b8/sb-vitest/deps/csf-B8OjfbGV.js?v=d4d00fa8:8281:9)
    at http://localhost:63315/node_modules/.cache/storybook/10.5.10/d089ae206bd7a58edd27e2b4d3689eedc26f6a98c46b1c5d1ba852a9c5dce8b8/sb-vitest/deps/csf-B8OjfbGV.js?v=d4d00fa8:8745:6
    at RenderedRoute (http://localhost:63315/node_modules/.cache/storybook/10.5.10/d089ae206bd7a58edd27e2b4d3689eedc26f6a98c46b1c5d1ba852a9c5dce8b8/sb-vitest/deps/react-router.js?v=e6e31490:4139:26)
    at RenderErrorBoundary (http://localhost:63315/node_modules/.cache/storybook/10.5.10/d089ae206bd7a58edd27e2b4d3689eedc26f6a98c46b1c5d1ba852a9c5dce8b8/sb-vitest/deps/react-router.js?v=e6e31490:4073:3)
    at DataRoutes2 (http://localhost:63315/node_modules/.cache/storybook/10.5.10/d089ae206bd7a58edd27e2b4d3689eedc26f6a98c46b1c5d1ba852a9c5dce8b8/sb-vitest/deps/react-router.js?v=e6e31490:4706:24)
    at Router (http://localhost:63315/node_modules/.cache/storybook/10.5.10/d089ae206bd7a58edd27e2b4d3689eedc26f6a98c46b1c5d1ba852a9c5dce8b8/sb-vitest/deps/react-router.js?v=e6e31490:4771:29)
    at RouterProvider (http://localhost:63315/node_modules/.cache/storybook/10.5.10/d089ae206bd7a58edd27e2b4d3689eedc26f6a98c46b1c5d1ba852a9c5dce8b8/sb-vitest/deps/react-router.js?v=e6e31490:4516:27)
    at unboundStoryFn (http://localhost:63315/node_modules/.cache/storybook/10.5.10/d089ae206bd7a58edd27e2b4d3689eedc26f6a98c46b1c5d1ba852a9c5dce8b8/sb-vitest/deps/csf-B8OjfbGV.js?v=d4d00fa8:8788:243)
stderr | ClientApp/src/components/SlateEditor/SlateEditor.stories.tsx > Empty
Warning: An update to ForwardRef inside a test was not wrapped in act(...).

When testing, code that causes React state updates should be wrapped into act(...):

act(() => {
  /* fire events that update state */
});
/* assert on the output */

This ensures that you're testing the behavior the user would see in the browser. Learn more at https://reactjs.org/link/wrap-tests-with-act
    at http://localhost:63315/node_modules/.cache/storybook/10.5.10/d089ae206bd7a58edd27e2b4d3689eedc26f6a98c46b1c5d1ba852a9c5dce8b8/sb-vitest/deps/slate-react.js?v=df106b9a:4780:62
    at Slate (http://localhost:63315/node_modules/.cache/storybook/10.5.10/d089ae206bd7a58edd27e2b4d3689eedc26f6a98c46b1c5d1ba852a9c5dce8b8/sb-vitest/deps/slate-react.js?v=df106b9a:5679:8)
    at form
    at SlateEditor (http://localhost:63315/ClientApp/src/components/SlateEditor/SlateEditor.tsx:58:24)
    at hookified (http://localhost:63315/node_modules/.cache/storybook/10.5.10/d089ae206bd7a58edd27e2b4d3689eedc26f6a98c46b1c5d1ba852a9c5dce8b8/sb-vitest/deps/csf-B8OjfbGV.js?v=d4d00fa8:8281:9)
    at http://localhost:63315/node_modules/.cache/storybook/10.5.10/d089ae206bd7a58edd27e2b4d3689eedc26f6a98c46b1c5d1ba852a9c5dce8b8/sb-vitest/deps/csf-B8OjfbGV.js?v=d4d00fa8:8745:6
    at RenderedRoute (http://localhost:63315/node_modules/.cache/storybook/10.5.10/d089ae206bd7a58edd27e2b4d3689eedc26f6a98c46b1c5d1ba852a9c5dce8b8/sb-vitest/deps/react-router.js?v=e6e31490:4139:26)
    at RenderErrorBoundary (http://localhost:63315/node_modules/.cache/storybook/10.5.10/d089ae206bd7a58edd27e2b4d3689eedc26f6a98c46b1c5d1ba852a9c5dce8b8/sb-vitest/deps/react-router.js?v=e6e31490:4073:3)
    at DataRoutes2 (http://localhost:63315/node_modules/.cache/storybook/10.5.10/d089ae206bd7a58edd27e2b4d3689eedc26f6a98c46b1c5d1ba852a9c5dce8b8/sb-vitest/deps/react-router.js?v=e6e31490:4706:24)
    at Router (http://localhost:63315/node_modules/.cache/storybook/10.5.10/d089ae206bd7a58edd27e2b4d3689eedc26f6a98c46b1c5d1ba852a9c5dce8b8/sb-vitest/deps/react-router.js?v=e6e31490:4771:29)
    at RouterProvider (http://localhost:63315/node_modules/.cache/storybook/10.5.10/d089ae206bd7a58edd27e2b4d3689eedc26f6a98c46b1c5d1ba852a9c5dce8b8/sb-vitest/deps/react-router.js?v=e6e31490:4516:27)
    at unboundStoryFn (http://localhost:63315/node_modules/.cache/storybook/10.5.10/d089ae206bd7a58edd27e2b4d3689eedc26f6a98c46b1c5d1ba852a9c5dce8b8/sb-vitest/deps/csf-B8OjfbGV.js?v=d4d00fa8:8788:243)
 ✓ |storybook (chromium)| ClientApp/src/components/SlateEditor/SlateEditor.stories.tsx (2 tests) 1690ms
   ✓ Default  1636ms
 ✓ |storybook (chromium)| ClientApp/src/components/SummaryDisplay/SummaryDisplay.stories.tsx (6 tests) 1394ms
   ✓ Text Value  1246ms
 ✓ |storybook (chromium)| ClientApp/src/components/SteppedNavigation/SteppedNavigation.stories.tsx (1 test) 897ms
   ✓ Current Step  896ms
 ✓ |storybook (chromium)| ClientApp/src/components/BodyText/BodyText.stories.tsx (2 tests) 1032ms
   ✓ Default  1010ms
 ✓ |storybook (chromium)| ClientApp/src/components/Accordion/Accordion.stories.tsx (2 tests) 2991ms
   ✓ Single Section  2970ms
stderr | unknown test
[env] Missing required runtime variable: REACT_APP_APPINSIGHTS_INSTRUMENTATIONKEY
stderr | unknown test
[env] Missing required runtime variable: REACT_APP_GA_TRACKINGID
10:56:25 am [vite] [31m[2m(client)[22m[39m [2m[console.error] [22m[env] Missing required runtime variable: REACT_APP_APPINSIGHTS_INSTRUMENTATIONKEY
10:56:25 am [vite] [31m[2m(client)[22m[39m [2m[console.error] [22m[env] Missing required runtime variable: REACT_APP_GA_TRACKINGID
10:56:26 am [vite] [33m[2m(client)[22m[39m [2m[console.warn] [22m[MSW] Warning: intercepted a request without a matching request handler:

  • GET /api/lookup?LookupType=TCPortalMeasurementCategory

If you still wish to intercept this unhandled request, please create a request handler for it.
Read more: https://mswjs.io/docs/http/intercepting-requests
10:56:26 am [vite] [33m[2m(client)[22m[39m [2m[console.warn] [22m[MSW] Warning: intercepted a request without a matching request handler:

  • GET /api/lookup?LookupType=TCArtefactTypePortalCategory

If you still wish to intercept this unhandled request, please create a request handler for it.
Read more: https://mswjs.io/docs/http/intercepting-requests
stderr | ClientApp/src/routes/requestForQuote/requestForQuoteSummary.stories.tsx > Editable
[MSW] Warning: intercepted a request without a matching request handler:

  • GET /api/lookup?LookupType=TCPortalMeasurementCategory

If you still wish to intercept this unhandled request, please create a request handler for it.
Read more: https://mswjs.io/docs/http/intercepting-requests
stderr | ClientApp/src/routes/requestForQuote/requestForQuoteSummary.stories.tsx > Editable
[MSW] Warning: intercepted a request without a matching request handler:

  • GET /api/lookup?LookupType=TCArtefactTypePortalCategory

If you still wish to intercept this unhandled request, please create a request handler for it.
Read more: https://mswjs.io/docs/http/intercepting-requests
 ✓ |storybook (chromium)| ClientApp/src/components/InTextLink/InTextLink.stories.tsx (3 tests) 758ms
   ✓ External  700ms
 ✓ |storybook (chromium)| ClientApp/src/components/Inputs/Inputs.stories.tsx (1 test) 703ms
   ✓ Common Field Set  702ms
 ✓ |storybook (chromium)| ClientApp/src/components/Alert/NotificationMessage.stories.tsx (5 tests) 847ms
   ✓ Success  755ms
stderr | ClientApp/src/routes/requestForQuote/requestForQuoteSummary.stories.tsx > Submitted
[MSW] Warning: intercepted a request without a matching request handler:

  • GET /api/lookup?LookupType=TCPortalMeasurementCategory

If you still wish to intercept this unhandled request, please create a request handler for it.
Read more: https://mswjs.io/docs/http/intercepting-requests
10:56:27 am [vite] [33m[2m(client)[22m[39m [2m[console.warn] [22m[MSW] Warning: intercepted a request without a matching request handler:

  • GET /api/lookup?LookupType=TCPortalMeasurementCategory

If you still wish to intercept this unhandled request, please create a request handler for it.
Read more: https://mswjs.io/docs/http/intercepting-requests
10:56:27 am [vite] [33m[2m(client)[22m[39m [2m[console.warn] [22m[MSW] Warning: intercepted a request without a matching request handler:

  • GET /api/lookup?LookupType=TCArtefactTypePortalCategory

If you still wish to intercept this unhandled request, please create a request handler for it.
Read more: https://mswjs.io/docs/http/intercepting-requests
stderr | ClientApp/src/routes/requestForQuote/requestForQuoteSummary.stories.tsx > Submitted
[MSW] Warning: intercepted a request without a matching request handler:

  • GET /api/lookup?LookupType=TCArtefactTypePortalCategory

If you still wish to intercept this unhandled request, please create a request handler for it.
Read more: https://mswjs.io/docs/http/intercepting-requests
 ✓ |storybook (chromium)| ClientApp/src/routes/requestForQuote/requestForQuoteSummary.stories.tsx (2 tests) 1547ms
   ✓ Editable  1493ms
10:56:27 am [vite] [31m[2m(client)[22m[39m [2m[console.error] [22mWarning: An update to RouteAccessibleNavigation inside a test was not wrapped in act(...).

When testing, code that causes React state updates should be wrapped into act(...):

act(() => {
  /* fire events that update state */
});
/* assert on the output */

This ensures that you're testing the behavior the user would see in the browser. Learn more at https://reactjs.org/link/wrap-tests-with-act
    at RouteAccessibleNavigation (http://localhost:63315/ClientApp/src/components/Utilities/routeAccessibleNavigation.tsx:6:32)
    at hookified (http://localhost:63315/node_modules/.cache/storybook/10.5.10/d089ae206bd7a58edd27e2b4d3689eedc26f6a98c46b1c5d1ba852a9c5dce8b8/sb-vitest/deps/csf-B8OjfbGV.js?v=d4d00fa8:8281:9)
    at RenderedRoute (http://localhost:63315/node_modules/.cache/storybook/10.5.10/d089ae206bd7a58edd27e2b4d3689eedc26f6a98c46b1c5d1ba852a9c5dce8b8/sb-vitest/deps/react-router.js?v=e6e31490:4139:26)
    at RenderErrorBoundary (http://localhost:63315/node_modules/.cache/storybook/10.5.10/d089ae206bd7a58edd27e2b4d3689eedc26f6a98c46b1c5d1ba852a9c5dce8b8/sb-vitest/deps/react-router.js?v=e6e31490:4073:3)
    at DataRoutes2 (http://localhost:63315/node_modules/.cache/storybook/10.5.10/d089ae206bd7a58edd27e2b4d3689eedc26f6a98c46b1c5d1ba852a9c5dce8b8/sb-vitest/deps/react-router.js?v=e6e31490:4706:24)
    at Router (http://localhost:63315/node_modules/.cache/storybook/10.5.10/d089ae206bd7a58edd27e2b4d3689eedc26f6a98c46b1c5d1ba852a9c5dce8b8/sb-vitest/deps/react-router.js?v=e6e31490:4771:29)
    at RouterProvider (http://localhost:63315/node_modules/.cache/storybook/10.5.10/d089ae206bd7a58edd27e2b4d3689eedc26f6a98c46b1c5d1ba852a9c5dce8b8/sb-vitest/deps/react-router.js?v=e6e31490:4516:27)
    at unboundStoryFn (http://localhost:63315/node_modules/.cache/storybook/10.5.10/d089ae206bd7a58edd27e2b4d3689eedc26f6a98c46b1c5d1ba852a9c5dce8b8/sb-vitest/deps/csf-B8OjfbGV.js?v=d4d00fa8:8788:243)
stderr | ClientApp/src/components/Utilities/routeAccessibleNavigation.stories.tsx > Live Region
Warning: An update to RouteAccessibleNavigation inside a test was not wrapped in act(...).

When testing, code that causes React state updates should be wrapped into act(...):

act(() => {
  /* fire events that update state */
});
/* assert on the output */

This ensures that you're testing the behavior the user would see in the browser. Learn more at https://reactjs.org/link/wrap-tests-with-act
    at RouteAccessibleNavigation (http://localhost:63315/ClientApp/src/components/Utilities/routeAccessibleNavigation.tsx:6:32)
    at hookified (http://localhost:63315/node_modules/.cache/storybook/10.5.10/d089ae206bd7a58edd27e2b4d3689eedc26f6a98c46b1c5d1ba852a9c5dce8b8/sb-vitest/deps/csf-B8OjfbGV.js?v=d4d00fa8:8281:9)
    at RenderedRoute (http://localhost:63315/node_modules/.cache/storybook/10.5.10/d089ae206bd7a58edd27e2b4d3689eedc26f6a98c46b1c5d1ba852a9c5dce8b8/sb-vitest/deps/react-router.js?v=e6e31490:4139:26)
    at RenderErrorBoundary (http://localhost:63315/node_modules/.cache/storybook/10.5.10/d089ae206bd7a58edd27e2b4d3689eedc26f6a98c46b1c5d1ba852a9c5dce8b8/sb-vitest/deps/react-router.js?v=e6e31490:4073:3)
    at DataRoutes2 (http://localhost:63315/node_modules/.cache/storybook/10.5.10/d089ae206bd7a58edd27e2b4d3689eedc26f6a98c46b1c5d1ba852a9c5dce8b8/sb-vitest/deps/react-router.js?v=e6e31490:4706:24)
    at Router (http://localhost:63315/node_modules/.cache/storybook/10.5.10/d089ae206bd7a58edd27e2b4d3689eedc26f6a98c46b1c5d1ba852a9c5dce8b8/sb-vitest/deps/react-router.js?v=e6e31490:4771:29)
    at RouterProvider (http://localhost:63315/node_modules/.cache/storybook/10.5.10/d089ae206bd7a58edd27e2b4d3689eedc26f6a98c46b1c5d1ba852a9c5dce8b8/sb-vitest/deps/react-router.js?v=e6e31490:4516:27)
    at unboundStoryFn (http://localhost:63315/node_modules/.cache/storybook/10.5.10/d089ae206bd7a58edd27e2b4d3689eedc26f6a98c46b1c5d1ba852a9c5dce8b8/sb-vitest/deps/csf-B8OjfbGV.js?v=d4d00fa8:8788:243)
 ✓ |storybook (chromium)| ClientApp/src/components/SearchFilter/searchBox.stories.tsx (3 tests) 1006ms
   ✓ Empty  875ms
 ✓ |storybook (chromium)| ClientApp/src/components/Utilities/routeAccessibleNavigation.stories.tsx (1 test) 465ms
   ✓ Live Region  465ms
10:56:29 am [vite] [31m[2m(client)[22m[39m [2m[console.error] [22m[env] Missing required runtime variable: REACT_APP_APPINSIGHTS_INSTRUMENTATIONKEY
10:56:29 am [vite] [31m[2m(client)[22m[39m [2m[console.error] [22m[env] Missing required runtime variable: REACT_APP_GA_TRACKINGID
stderr | unknown test
[env] Missing required runtime variable: REACT_APP_APPINSIGHTS_INSTRUMENTATIONKEY
stderr | unknown test
[env] Missing required runtime variable: REACT_APP_GA_TRACKINGID
10:56:30 am [vite] [33m[2m(client)[22m[39m [2m[console.warn] [22m[MSW] Warning: intercepted a request without a matching request handler:

  • GET /api/lookup/services

If you still wish to intercept this unhandled request, please create a request handler for it.
Read more: https://mswjs.io/docs/http/intercepting-requests
stderr | ClientApp/src/routes/services-we-offer/ServicesWeOffer.stories.tsx > Default
[MSW] Warning: intercepted a request without a matching request handler:

  • GET /api/lookup/services

If you still wish to intercept this unhandled request, please create a request handler for it.
Read more: https://mswjs.io/docs/http/intercepting-requests
10:56:30 am [vite] [31m[2m(client)[22m[39m [2m[console.error] [22mWarning: An update to ServicesWeOffer inside a test was not wrapped in act(...).

When testing, code that causes React state updates should be wrapped into act(...):

act(() => {
  /* fire events that update state */
});
/* assert on the output */

This ensures that you're testing the behavior the user would see in the browser. Learn more at https://reactjs.org/link/wrap-tests-with-act
    at ServicesWeOffer (http://localhost:63315/ClientApp/src/routes/services-we-offer/index.tsx:18:33)
    at hookified (http://localhost:63315/node_modules/.cache/storybook/10.5.10/d089ae206bd7a58edd27e2b4d3689eedc26f6a98c46b1c5d1ba852a9c5dce8b8/sb-vitest/deps/csf-B8OjfbGV.js?v=d4d00fa8:8281:9)
    at RenderedRoute (http://localhost:63315/node_modules/.cache/storybook/10.5.10/d089ae206bd7a58edd27e2b4d3689eedc26f6a98c46b1c5d1ba852a9c5dce8b8/sb-vitest/deps/react-router.js?v=e6e31490:4139:26)
    at RenderErrorBoundary (http://localhost:63315/node_modules/.cache/storybook/10.5.10/d089ae206bd7a58edd27e2b4d3689eedc26f6a98c46b1c5d1ba852a9c5dce8b8/sb-vitest/deps/react-router.js?v=e6e31490:4073:3)
    at DataRoutes2 (http://localhost:63315/node_modules/.cache/storybook/10.5.10/d089ae206bd7a58edd27e2b4d3689eedc26f6a98c46b1c5d1ba852a9c5dce8b8/sb-vitest/deps/react-router.js?v=e6e31490:4706:24)
    at Router (http://localhost:63315/node_modules/.cache/storybook/10.5.10/d089ae206bd7a58edd27e2b4d3689eedc26f6a98c46b1c5d1ba852a9c5dce8b8/sb-vitest/deps/react-router.js?v=e6e31490:4771:29)
    at RouterProvider (http://localhost:63315/node_modules/.cache/storybook/10.5.10/d089ae206bd7a58edd27e2b4d3689eedc26f6a98c46b1c5d1ba852a9c5dce8b8/sb-vitest/deps/react-router.js?v=e6e31490:4516:27)
    at unboundStoryFn (http://localhost:63315/node_modules/.cache/storybook/10.5.10/d089ae206bd7a58edd27e2b4d3689eedc26f6a98c46b1c5d1ba852a9c5dce8b8/sb-vitest/deps/csf-B8OjfbGV.js?v=d4d00fa8:8788:243)
10:56:30 am [vite] [31m[2m(client)[22m[39m [2m[console.error] [22mWarning: An update to ServicesWeOffer inside a test was not wrapped in act(...).

When testing, code that causes React state updates should be wrapped into act(...):

act(() => {
  /* fire events that update state */
});
/* assert on the output */

This ensures that you're testing the behavior the user would see in the browser. Learn more at https://reactjs.org/link/wrap-tests-with-act
    at ServicesWeOffer (http://localhost:63315/ClientApp/src/routes/services-we-offer/index.tsx:18:33)
    at hookified (http://localhost:63315/node_modules/.cache/storybook/10.5.10/d089ae206bd7a58edd27e2b4d3689eedc26f6a98c46b1c5d1ba852a9c5dce8b8/sb-vitest/deps/csf-B8OjfbGV.js?v=d4d00fa8:8281:9)
    at RenderedRoute (http://localhost:63315/node_modules/.cache/storybook/10.5.10/d089ae206bd7a58edd27e2b4d3689eedc26f6a98c46b1c5d1ba852a9c5dce8b8/sb-vitest/deps/react-router.js?v=e6e31490:4139:26)
    at RenderErrorBoundary (http://localhost:63315/node_modules/.cache/storybook/10.5.10/d089ae206bd7a58edd27e2b4d3689eedc26f6a98c46b1c5d1ba852a9c5dce8b8/sb-vitest/deps/react-router.js?v=e6e31490:4073:3)
    at DataRoutes2 (http://localhost:63315/node_modules/.cache/storybook/10.5.10/d089ae206bd7a58edd27e2b4d3689eedc26f6a98c46b1c5d1ba852a9c5dce8b8/sb-vitest/deps/react-router.js?v=e6e31490:4706:24)
    at Router (http://localhost:63315/node_modules/.cache/storybook/10.5.10/d089ae206bd7a58edd27e2b4d3689eedc26f6a98c46b1c5d1ba852a9c5dce8b8/sb-vitest/deps/react-router.js?v=e6e31490:4771:29)
    at RouterProvider (http://localhost:63315/node_modules/.cache/storybook/10.5.10/d089ae206bd7a58edd27e2b4d3689eedc26f6a98c46b1c5d1ba852a9c5dce8b8/sb-vitest/deps/react-router.js?v=e6e31490:4516:27)
    at unboundStoryFn (http://localhost:63315/node_modules/.cache/storybook/10.5.10/d089ae206bd7a58edd27e2b4d3689eedc26f6a98c46b1c5d1ba852a9c5dce8b8/sb-vitest/deps/csf-B8OjfbGV.js?v=d4d00fa8:8788:243)
stderr | ClientApp/src/routes/services-we-offer/ServicesWeOffer.stories.tsx > Default
Warning: An update to ServicesWeOffer inside a test was not wrapped in act(...).

When testing, code that causes React state updates should be wrapped into act(...):

act(() => {
  /* fire events that update state */
});
/* assert on the output */

This ensures that you're testing the behavior the user would see in the browser. Learn more at https://reactjs.org/link/wrap-tests-with-act
    at ServicesWeOffer (http://localhost:63315/ClientApp/src/routes/services-we-offer/index.tsx:18:33)
    at hookified (http://localhost:63315/node_modules/.cache/storybook/10.5.10/d089ae206bd7a58edd27e2b4d3689eedc26f6a98c46b1c5d1ba852a9c5dce8b8/sb-vitest/deps/csf-B8OjfbGV.js?v=d4d00fa8:8281:9)
    at RenderedRoute (http://localhost:63315/node_modules/.cache/storybook/10.5.10/d089ae206bd7a58edd27e2b4d3689eedc26f6a98c46b1c5d1ba852a9c5dce8b8/sb-vitest/deps/react-router.js?v=e6e31490:4139:26)
    at RenderErrorBoundary (http://localhost:63315/node_modules/.cache/storybook/10.5.10/d089ae206bd7a58edd27e2b4d3689eedc26f6a98c46b1c5d1ba852a9c5dce8b8/sb-vitest/deps/react-router.js?v=e6e31490:4073:3)
    at DataRoutes2 (http://localhost:63315/node_modules/.cache/storybook/10.5.10/d089ae206bd7a58edd27e2b4d3689eedc26f6a98c46b1c5d1ba852a9c5dce8b8/sb-vitest/deps/react-router.js?v=e6e31490:4706:24)
    at Router (http://localhost:63315/node_modules/.cache/storybook/10.5.10/d089ae206bd7a58edd27e2b4d3689eedc26f6a98c46b1c5d1ba852a9c5dce8b8/sb-vitest/deps/react-router.js?v=e6e31490:4771:29)
    at RouterProvider (http://localhost:63315/node_modules/.cache/storybook/10.5.10/d089ae206bd7a58edd27e2b4d3689eedc26f6a98c46b1c5d1ba852a9c5dce8b8/sb-vitest/deps/react-router.js?v=e6e31490:4516:27)
    at unboundStoryFn (http://localhost:63315/node_modules/.cache/storybook/10.5.10/d089ae206bd7a58edd27e2b4d3689eedc26f6a98c46b1c5d1ba852a9c5dce8b8/sb-vitest/deps/csf-B8OjfbGV.js?v=d4d00fa8:8788:243)
stderr | ClientApp/src/routes/services-we-offer/ServicesWeOffer.stories.tsx > Default
Warning: An update to ServicesWeOffer inside a test was not wrapped in act(...).

When testing, code that causes React state updates should be wrapped into act(...):

act(() => {
  /* fire events that update state */
});
/* assert on the output */

This ensures that you're testing the behavior the user would see in the browser. Learn more at https://reactjs.org/link/wrap-tests-with-act
    at ServicesWeOffer (http://localhost:63315/ClientApp/src/routes/services-we-offer/index.tsx:18:33)
    at hookified (http://localhost:63315/node_modules/.cache/storybook/10.5.10/d089ae206bd7a58edd27e2b4d3689eedc26f6a98c46b1c5d1ba852a9c5dce8b8/sb-vitest/deps/csf-B8OjfbGV.js?v=d4d00fa8:8281:9)
    at RenderedRoute (http://localhost:63315/node_modules/.cache/storybook/10.5.10/d089ae206bd7a58edd27e2b4d3689eedc26f6a98c46b1c5d1ba852a9c5dce8b8/sb-vitest/deps/react-router.js?v=e6e31490:4139:26)
    at RenderErrorBoundary (http://localhost:63315/node_modules/.cache/storybook/10.5.10/d089ae206bd7a58edd27e2b4d3689eedc26f6a98c46b1c5d1ba852a9c5dce8b8/sb-vitest/deps/react-router.js?v=e6e31490:4073:3)
    at DataRoutes2 (http://localhost:63315/node_modules/.cache/storybook/10.5.10/d089ae206bd7a58edd27e2b4d3689eedc26f6a98c46b1c5d1ba852a9c5dce8b8/sb-vitest/deps/react-router.js?v=e6e31490:4706:24)
    at Router (http://localhost:63315/node_modules/.cache/storybook/10.5.10/d089ae206bd7a58edd27e2b4d3689eedc26f6a98c46b1c5d1ba852a9c5dce8b8/sb-vitest/deps/react-router.js?v=e6e31490:4771:29)
    at RouterProvider (http://localhost:63315/node_modules/.cache/storybook/10.5.10/d089ae206bd7a58edd27e2b4d3689eedc26f6a98c46b1c5d1ba852a9c5dce8b8/sb-vitest/deps/react-router.js?v=e6e31490:4516:27)
    at unboundStoryFn (http://localhost:63315/node_modules/.cache/storybook/10.5.10/d089ae206bd7a58edd27e2b4d3689eedc26f6a98c46b1c5d1ba852a9c5dce8b8/sb-vitest/deps/csf-B8OjfbGV.js?v=d4d00fa8:8788:243)
10:56:30 am [vite] [31m[2m(client)[22m[39m [2m[console.error] [22mWarning: An update to $42ceafc619f9c3ba$export$bf788dd355e3a401 inside a test was not wrapped in act(...).

When testing, code that causes React state updates should be wrapped into act(...):

act(() => {
  /* fire events that update state */
});
/* assert on the output */

This ensures that you're testing the behavior the user would see in the browser. Learn more at https://reactjs.org/link/wrap-tests-with-act
    at $42ceafc619f9c3ba$export$bf788dd355e3a401 (http://localhost:63315/node_modules/.cache/storybook/10.5.10/d089ae206bd7a58edd27e2b4d3689eedc26f6a98c46b1c5d1ba852a9c5dce8b8/sb-vitest/deps/Collection-B9ePPz5R.js?v=d4d00fa8:703:34)
    at Breadcrumbs (http://localhost:63315/node_modules/.cache/storybook/10.5.10/d089ae206bd7a58edd27e2b4d3689eedc26f6a98c46b1c5d1ba852a9c5dce8b8/sb-vitest/deps/Breadcrumbs-C0DnT5iV.js?v=d4d00fa8:198:17)
    at nav
    at CustomBreadcrumb (http://localhost:63315/ClientApp/src/components/Breadcrumb/index.tsx:6:29)
    at div
    at http://localhost:63315/node_modules/.cache/storybook/10.5.10/d089ae206bd7a58edd27e2b4d3689eedc26f6a98c46b1c5d1ba852a9c5dce8b8/sb-vitest/deps/react-bootstrap_Col.js?v=869d6675:39:83
    at div
    at http://localhost:63315/node_modules/.cache/storybook/10.5.10/d089ae206bd7a58edd27e2b4d3689eedc26f6a98c46b1c5d1ba852a9c5dce8b8/sb-vitest/deps/react-bootstrap_Row.js?v=edf1b346:10:52
    at div
    at http://localhost:63315/node_modules/.cache/storybook/10.5.10/d089ae206bd7a58edd27e2b4d3689eedc26f6a98c46b1c5d1ba852a9c5dce8b8/sb-vitest/deps/react-bootstrap.js?v=bcabbf56:900:58
    at div
    at http://localhost:63315/node_modules/.cache/storybook/10.5.10/d089ae206bd7a58edd27e2b4d3689eedc26f6a98c46b1c5d1ba852a9c5dce8b8/sb-vitest/deps/react-bootstrap.js?v=bcabbf56:900:58
    at div
    at ServicesWeOffer (http://localhost:63315/ClientApp/src/routes/services-we-offer/index.tsx:18:33)
    at hookified (http://localhost:63315/node_modules/.cache/storybook/10.5.10/d089ae206bd7a58edd27e2b4d3689eedc26f6a98c46b1c5d1ba852a9c5dce8b8/sb-vitest/deps/csf-B8OjfbGV.js?v=d4d00fa8:8281:9)
    at RenderedRoute (http://localhost:63315/node_modules/.cache/storybook/10.5.10/d089ae206bd7a58edd27e2b4d3689eedc26f6a98c46b1c5d1ba852a9c5dce8b8/sb-vitest/deps/react-router.js?v=e6e31490:4139:26)
    at RenderErrorBoundary (http://localhost:63315/node_modules/.cache/storybook/10.5.10/d089ae206bd7a58edd27e2b4d3689eedc26f6a98c46b1c5d1ba852a9c5dce8b8/sb-vitest/deps/react-router.js?v=e6e31490:4073:3)
    at DataRoutes2 (http://localhost:63315/node_modules/.cache/storybook/10.5.10/d089ae206bd7a58edd27e2b4d3689eedc26f6a98c46b1c5d1ba852a9c5dce8b8/sb-vitest/deps/react-router.js?v=e6e31490:4706:24)
    at Router (http://localhost:63315/node_modules/.cache/storybook/10.5.10/d089ae206bd7a58edd27e2b4d3689eedc26f6a98c46b1c5d1ba852a9c5dce8b8/sb-vitest/deps/react-router.js?v=e6e31490:4771:29)
    at RouterProvider (http://localhost:63315/node_modules/.cache/storybook/10.5.10/d089ae206bd7a58edd27e2b4d3689eedc26f6a98c46b1c5d1ba852a9c5dce8b8/sb-vitest/deps/react-router.js?v=e6e31490:4516:27)
    at unboundStoryFn (http://localhost:63315/node_modules/.cache/storybook/10.5.10/d089ae206bd7a58edd27e2b4d3689eedc26f6a98c46b1c5d1ba852a9c5dce8b8/sb-vitest/deps/csf-B8OjfbGV.js?v=d4d00fa8:8788:243)
stderr | ClientApp/src/routes/services-we-offer/ServicesWeOffer.stories.tsx > Default
Warning: An update to $42ceafc619f9c3ba$export$bf788dd355e3a401 inside a test was not wrapped in act(...).

When testing, code that causes React state updates should be wrapped into act(...):

act(() => {
  /* fire events that update state */
});
/* assert on the output */

This ensures that you're testing the behavior the user would see in the browser. Learn more at https://reactjs.org/link/wrap-tests-with-act
    at $42ceafc619f9c3ba$export$bf788dd355e3a401 (http://localhost:63315/node_modules/.cache/storybook/10.5.10/d089ae206bd7a58edd27e2b4d3689eedc26f6a98c46b1c5d1ba852a9c5dce8b8/sb-vitest/deps/Collection-B9ePPz5R.js?v=d4d00fa8:703:34)
    at Breadcrumbs (http://localhost:63315/node_modules/.cache/storybook/10.5.10/d089ae206bd7a58edd27e2b4d3689eedc26f6a98c46b1c5d1ba852a9c5dce8b8/sb-vitest/deps/Breadcrumbs-C0DnT5iV.js?v=d4d00fa8:198:17)
    at nav
    at CustomBreadcrumb (http://localhost:63315/ClientApp/src/components/Breadcrumb/index.tsx:6:29)
    at div
    at http://localhost:63315/node_modules/.cache/storybook/10.5.10/d089ae206bd7a58edd27e2b4d3689eedc26f6a98c46b1c5d1ba852a9c5dce8b8/sb-vitest/deps/react-bootstrap_Col.js?v=869d6675:39:83
    at div
    at http://localhost:63315/node_modules/.cache/storybook/10.5.10/d089ae206bd7a58edd27e2b4d3689eedc26f6a98c46b1c5d1ba852a9c5dce8b8/sb-vitest/deps/react-bootstrap_Row.js?v=edf1b346:10:52
    at div
    at http://localhost:63315/node_modules/.cache/storybook/10.5.10/d089ae206bd7a58edd27e2b4d3689eedc26f6a98c46b1c5d1ba852a9c5dce8b8/sb-vitest/deps/react-bootstrap.js?v=bcabbf56:900:58
    at div
    at http://localhost:63315/node_modules/.cache/storybook/10.5.10/d089ae206bd7a58edd27e2b4d3689eedc26f6a98c46b1c5d1ba852a9c5dce8b8/sb-vitest/deps/react-bootstrap.js?v=bcabbf56:900:58
    at div
    at ServicesWeOffer (http://localhost:63315/ClientApp/src/routes/services-we-offer/index.tsx:18:33)
    at hookified (http://localhost:63315/node_modules/.cache/storybook/10.5.10/d089ae206bd7a58edd27e2b4d3689eedc26f6a98c46b1c5d1ba852a9c5dce8b8/sb-vitest/deps/csf-B8OjfbGV.js?v=d4d00fa8:8281:9)
    at RenderedRoute (http://localhost:63315/node_modules/.cache/storybook/10.5.10/d089ae206bd7a58edd27e2b4d3689eedc26f6a98c46b1c5d1ba852a9c5dce8b8/sb-vitest/deps/react-router.js?v=e6e31490:4139:26)
    at RenderErrorBoundary (http://localhost:63315/node_modules/.cache/storybook/10.5.10/d089ae206bd7a58edd27e2b4d3689eedc26f6a98c46b1c5d1ba852a9c5dce8b8/sb-vitest/deps/react-router.js?v=e6e31490:4073:3)
    at DataRoutes2 (http://localhost:63315/node_modules/.cache/storybook/10.5.10/d089ae206bd7a58edd27e2b4d3689eedc26f6a98c46b1c5d1ba852a9c5dce8b8/sb-vitest/deps/react-router.js?v=e6e31490:4706:24)
    at Router (http://localhost:63315/node_modules/.cache/storybook/10.5.10/d089ae206bd7a58edd27e2b4d3689eedc26f6a98c46b1c5d1ba852a9c5dce8b8/sb-vitest/deps/react-router.js?v=e6e31490:4771:29)
    at RouterProvider (http://localhost:63315/node_modules/.cache/storybook/10.5.10/d089ae206bd7a58edd27e2b4d3689eedc26f6a98c46b1c5d1ba852a9c5dce8b8/sb-vitest/deps/react-router.js?v=e6e31490:4516:27)
    at unboundStoryFn (http://localhost:63315/node_modules/.cache/storybook/10.5.10/d089ae206bd7a58edd27e2b4d3689eedc26f6a98c46b1c5d1ba852a9c5dce8b8/sb-vitest/deps/csf-B8OjfbGV.js?v=d4d00fa8:8788:243)
 ✓ |storybook (chromium)| ClientApp/src/routes/services-we-offer/ServicesWeOffer.stories.tsx (1 test) 885ms
   ✓ Default  885ms
 ✓ |storybook (chromium)| ClientApp/src/components/HeaderIntroText/HeaderIntroText.stories.tsx (2 tests) 288ms
 ✓ |storybook (chromium)| ClientApp/src/components/Icons/Icons.stories.tsx (1 test) 383ms
   ✓ External Link  382ms
 ✓ |storybook (chromium)| ClientApp/src/routes/requestForQuote/RequestForQuoteCreated.stories.tsx (1 test) 498ms
   ✓ Submitted  497ms
 ✓ |storybook (chromium)| ClientApp/src/routes/account/AccountCreated.stories.tsx (1 test) 556ms
   ✓ Default  555ms

 Test Files  87 passed (87)
      Tests  218 passed (218)
   Start at  10:54:51
   Duration  99.42s (transform 0ms, setup 397.91s, import 105.61s, tests 148.23s, environment 0ms)

