
> nmi-portal@0.1.0 test:storybook
> node --max-old-space-size=8192 ./node_modules/vitest/vitest.mjs run --config vitest.storybook.config.ts ClientApp/src/routes/acceptQuote/AcceptQuote.stories.tsx --reporter=default


 RUN  v4.1.11 C:/Users/gregm/offline-site-robots-off/portal.measurement.gov.au/source-map-capture/portal.measurement.gov.au

11:27:25 am [vite] [90m[2m(client)[22m[39m Re-optimizing dependencies because vite config has changed
Port 63315 is in use, trying another one...
11:27:27 am [vite] [90m[2m(client)[22m[39m [optimizer] bundling dependencies...
11:27:31 am [vite] [31m[2m(client)[22m[39m [2m[console.error] [22m[env] Missing required runtime variable: REACT_APP_APPINSIGHTS_INSTRUMENTATIONKEY
11:27:31 am [vite] [31m[2m(client)[22m[39m [2m[console.error] [22m[env] Missing required runtime variable: REACT_APP_GA_TRACKINGID
stderr | unknown test
[env] Missing required runtime variable: REACT_APP_APPINSIGHTS_INSTRUMENTATIONKEY
stderr | unknown test
[env] Missing required runtime variable: REACT_APP_GA_TRACKINGID
stderr | ClientApp/src/routes/acceptQuote/AcceptQuote.stories.tsx > Report Recipient Step
Warning: An update to ReportRecipient inside a test was not wrapped in act(...).

When testing, code that causes React state updates should be wrapped into act(...):

act(() => {
  /* fire events that update state */
});
/* assert on the output */

This ensures that you're testing the behavior the user would see in the browser. Learn more at https://reactjs.org/link/wrap-tests-with-act
    at ReportRecipient (http://localhost:63316/ClientApp/src/routes/acceptQuote/reportRecipient.tsx:23:10)
    at hookified (http://localhost:63316/node_modules/.cache/storybook/10.5.10/d089ae206bd7a58edd27e2b4d3689eedc26f6a98c46b1c5d1ba852a9c5dce8b8/sb-vitest/deps/csf-B8OjfbGV.js?v=1e677644:8281:9)
    at form
    at http://localhost:63316/node_modules/.cache/storybook/10.5.10/d089ae206bd7a58edd27e2b4d3689eedc26f6a98c46b1c5d1ba852a9c5dce8b8/sb-vitest/deps/formik.js?v=d7e89814:3385:21
    at Formik (http://localhost:63316/node_modules/.cache/storybook/10.5.10/d089ae206bd7a58edd27e2b4d3689eedc26f6a98c46b1c5d1ba852a9c5dce8b8/sb-vitest/deps/formik.js?v=d7e89814:3190:18)
    at RenderedRoute (http://localhost:63316/node_modules/.cache/storybook/10.5.10/d089ae206bd7a58edd27e2b4d3689eedc26f6a98c46b1c5d1ba852a9c5dce8b8/sb-vitest/deps/react-router.js?v=1b0d1760:4139:26)
    at RenderErrorBoundary (http://localhost:63316/node_modules/.cache/storybook/10.5.10/d089ae206bd7a58edd27e2b4d3689eedc26f6a98c46b1c5d1ba852a9c5dce8b8/sb-vitest/deps/react-router.js?v=1b0d1760:4073:3)
    at DataRoutes2 (http://localhost:63316/node_modules/.cache/storybook/10.5.10/d089ae206bd7a58edd27e2b4d3689eedc26f6a98c46b1c5d1ba852a9c5dce8b8/sb-vitest/deps/react-router.js?v=1b0d1760:4706:24)
    at Router (http://localhost:63316/node_modules/.cache/storybook/10.5.10/d089ae206bd7a58edd27e2b4d3689eedc26f6a98c46b1c5d1ba852a9c5dce8b8/sb-vitest/deps/react-router.js?v=1b0d1760:4771:29)
    at RouterProvider (http://localhost:63316/node_modules/.cache/storybook/10.5.10/d089ae206bd7a58edd27e2b4d3689eedc26f6a98c46b1c5d1ba852a9c5dce8b8/sb-vitest/deps/react-router.js?v=1b0d1760:4516:27)
    at unboundStoryFn (http://localhost:63316/node_modules/.cache/storybook/10.5.10/d089ae206bd7a58edd27e2b4d3689eedc26f6a98c46b1c5d1ba852a9c5dce8b8/sb-vitest/deps/csf-B8OjfbGV.js?v=1e677644:8788:243)
stderr | ClientApp/src/routes/acceptQuote/AcceptQuote.stories.tsx > Report Recipient Step
Warning: An update to ReportRecipient inside a test was not wrapped in act(...).

When testing, code that causes React state updates should be wrapped into act(...):

act(() => {
  /* fire events that update state */
});
/* assert on the output */

This ensures that you're testing the behavior the user would see in the browser. Learn more at https://reactjs.org/link/wrap-tests-with-act
    at ReportRecipient (http://localhost:63316/ClientApp/src/routes/acceptQuote/reportRecipient.tsx:23:10)
    at hookified (http://localhost:63316/node_modules/.cache/storybook/10.5.10/d089ae206bd7a58edd27e2b4d3689eedc26f6a98c46b1c5d1ba852a9c5dce8b8/sb-vitest/deps/csf-B8OjfbGV.js?v=1e677644:8281:9)
    at form
    at http://localhost:63316/node_modules/.cache/storybook/10.5.10/d089ae206bd7a58edd27e2b4d3689eedc26f6a98c46b1c5d1ba852a9c5dce8b8/sb-vitest/deps/formik.js?v=d7e89814:3385:21
    at Formik (http://localhost:63316/node_modules/.cache/storybook/10.5.10/d089ae206bd7a58edd27e2b4d3689eedc26f6a98c46b1c5d1ba852a9c5dce8b8/sb-vitest/deps/formik.js?v=d7e89814:3190:18)
    at RenderedRoute (http://localhost:63316/node_modules/.cache/storybook/10.5.10/d089ae206bd7a58edd27e2b4d3689eedc26f6a98c46b1c5d1ba852a9c5dce8b8/sb-vitest/deps/react-router.js?v=1b0d1760:4139:26)
    at RenderErrorBoundary (http://localhost:63316/node_modules/.cache/storybook/10.5.10/d089ae206bd7a58edd27e2b4d3689eedc26f6a98c46b1c5d1ba852a9c5dce8b8/sb-vitest/deps/react-router.js?v=1b0d1760:4073:3)
    at DataRoutes2 (http://localhost:63316/node_modules/.cache/storybook/10.5.10/d089ae206bd7a58edd27e2b4d3689eedc26f6a98c46b1c5d1ba852a9c5dce8b8/sb-vitest/deps/react-router.js?v=1b0d1760:4706:24)
    at Router (http://localhost:63316/node_modules/.cache/storybook/10.5.10/d089ae206bd7a58edd27e2b4d3689eedc26f6a98c46b1c5d1ba852a9c5dce8b8/sb-vitest/deps/react-router.js?v=1b0d1760:4771:29)
    at RouterProvider (http://localhost:63316/node_modules/.cache/storybook/10.5.10/d089ae206bd7a58edd27e2b4d3689eedc26f6a98c46b1c5d1ba852a9c5dce8b8/sb-vitest/deps/react-router.js?v=1b0d1760:4516:27)
    at unboundStoryFn (http://localhost:63316/node_modules/.cache/storybook/10.5.10/d089ae206bd7a58edd27e2b4d3689eedc26f6a98c46b1c5d1ba852a9c5dce8b8/sb-vitest/deps/csf-B8OjfbGV.js?v=1e677644:8788:243)
stderr | ClientApp/src/routes/acceptQuote/AcceptQuote.stories.tsx > Report Recipient Step
Warning: An update to ReportRecipient inside a test was not wrapped in act(...).

When testing, code that causes React state updates should be wrapped into act(...):

act(() => {
  /* fire events that update state */
});
/* assert on the output */

This ensures that you're testing the behavior the user would see in the browser. Learn more at https://reactjs.org/link/wrap-tests-with-act
    at ReportRecipient (http://localhost:63316/ClientApp/src/routes/acceptQuote/reportRecipient.tsx:23:10)
    at hookified (http://localhost:63316/node_modules/.cache/storybook/10.5.10/d089ae206bd7a58edd27e2b4d3689eedc26f6a98c46b1c5d1ba852a9c5dce8b8/sb-vitest/deps/csf-B8OjfbGV.js?v=1e677644:8281:9)
    at form
    at http://localhost:63316/node_modules/.cache/storybook/10.5.10/d089ae206bd7a58edd27e2b4d3689eedc26f6a98c46b1c5d1ba852a9c5dce8b8/sb-vitest/deps/formik.js?v=d7e89814:3385:21
    at Formik (http://localhost:63316/node_modules/.cache/storybook/10.5.10/d089ae206bd7a58edd27e2b4d3689eedc26f6a98c46b1c5d1ba852a9c5dce8b8/sb-vitest/deps/formik.js?v=d7e89814:3190:18)
    at RenderedRoute (http://localhost:63316/node_modules/.cache/storybook/10.5.10/d089ae206bd7a58edd27e2b4d3689eedc26f6a98c46b1c5d1ba852a9c5dce8b8/sb-vitest/deps/react-router.js?v=1b0d1760:4139:26)
    at RenderErrorBoundary (http://localhost:63316/node_modules/.cache/storybook/10.5.10/d089ae206bd7a58edd27e2b4d3689eedc26f6a98c46b1c5d1ba852a9c5dce8b8/sb-vitest/deps/react-router.js?v=1b0d1760:4073:3)
    at DataRoutes2 (http://localhost:63316/node_modules/.cache/storybook/10.5.10/d089ae206bd7a58edd27e2b4d3689eedc26f6a98c46b1c5d1ba852a9c5dce8b8/sb-vitest/deps/react-router.js?v=1b0d1760:4706:24)
    at Router (http://localhost:63316/node_modules/.cache/storybook/10.5.10/d089ae206bd7a58edd27e2b4d3689eedc26f6a98c46b1c5d1ba852a9c5dce8b8/sb-vitest/deps/react-router.js?v=1b0d1760:4771:29)
    at RouterProvider (http://localhost:63316/node_modules/.cache/storybook/10.5.10/d089ae206bd7a58edd27e2b4d3689eedc26f6a98c46b1c5d1ba852a9c5dce8b8/sb-vitest/deps/react-router.js?v=1b0d1760:4516:27)
    at unboundStoryFn (http://localhost:63316/node_modules/.cache/storybook/10.5.10/d089ae206bd7a58edd27e2b4d3689eedc26f6a98c46b1c5d1ba852a9c5dce8b8/sb-vitest/deps/csf-B8OjfbGV.js?v=1e677644:8788:243)
stderr | ClientApp/src/routes/acceptQuote/AcceptQuote.stories.tsx > Report Recipient Step
Warning: An update to ReportRecipient inside a test was not wrapped in act(...).

When testing, code that causes React state updates should be wrapped into act(...):

act(() => {
  /* fire events that update state */
});
/* assert on the output */

This ensures that you're testing the behavior the user would see in the browser. Learn more at https://reactjs.org/link/wrap-tests-with-act
    at ReportRecipient (http://localhost:63316/ClientApp/src/routes/acceptQuote/reportRecipient.tsx:23:10)
    at hookified (http://localhost:63316/node_modules/.cache/storybook/10.5.10/d089ae206bd7a58edd27e2b4d3689eedc26f6a98c46b1c5d1ba852a9c5dce8b8/sb-vitest/deps/csf-B8OjfbGV.js?v=1e677644:8281:9)
    at form
    at http://localhost:63316/node_modules/.cache/storybook/10.5.10/d089ae206bd7a58edd27e2b4d3689eedc26f6a98c46b1c5d1ba852a9c5dce8b8/sb-vitest/deps/formik.js?v=d7e89814:3385:21
    at Formik (http://localhost:63316/node_modules/.cache/storybook/10.5.10/d089ae206bd7a58edd27e2b4d3689eedc26f6a98c46b1c5d1ba852a9c5dce8b8/sb-vitest/deps/formik.js?v=d7e89814:3190:18)
    at RenderedRoute (http://localhost:63316/node_modules/.cache/storybook/10.5.10/d089ae206bd7a58edd27e2b4d3689eedc26f6a98c46b1c5d1ba852a9c5dce8b8/sb-vitest/deps/react-router.js?v=1b0d1760:4139:26)
    at RenderErrorBoundary (http://localhost:63316/node_modules/.cache/storybook/10.5.10/d089ae206bd7a58edd27e2b4d3689eedc26f6a98c46b1c5d1ba852a9c5dce8b8/sb-vitest/deps/react-router.js?v=1b0d1760:4073:3)
    at DataRoutes2 (http://localhost:63316/node_modules/.cache/storybook/10.5.10/d089ae206bd7a58edd27e2b4d3689eedc26f6a98c46b1c5d1ba852a9c5dce8b8/sb-vitest/deps/react-router.js?v=1b0d1760:4706:24)
    at Router (http://localhost:63316/node_modules/.cache/storybook/10.5.10/d089ae206bd7a58edd27e2b4d3689eedc26f6a98c46b1c5d1ba852a9c5dce8b8/sb-vitest/deps/react-router.js?v=1b0d1760:4771:29)
    at RouterProvider (http://localhost:63316/node_modules/.cache/storybook/10.5.10/d089ae206bd7a58edd27e2b4d3689eedc26f6a98c46b1c5d1ba852a9c5dce8b8/sb-vitest/deps/react-router.js?v=1b0d1760:4516:27)
    at unboundStoryFn (http://localhost:63316/node_modules/.cache/storybook/10.5.10/d089ae206bd7a58edd27e2b4d3689eedc26f6a98c46b1c5d1ba852a9c5dce8b8/sb-vitest/deps/csf-B8OjfbGV.js?v=1e677644:8788:243)
11:27:32 am [vite] [31m[2m(client)[22m[39m [2m[console.error] [22mWarning: An update to ReportRecipient inside a test was not wrapped in act(...).

When testing, code that causes React state updates should be wrapped into act(...):

act(() => {
  /* fire events that update state */
});
/* assert on the output */

This ensures that you're testing the behavior the user would see in the browser. Learn more at https://reactjs.org/link/wrap-tests-with-act
    at ReportRecipient (http://localhost:63316/ClientApp/src/routes/acceptQuote/reportRecipient.tsx:23:10)
    at hookified (http://localhost:63316/node_modules/.cache/storybook/10.5.10/d089ae206bd7a58edd27e2b4d3689eedc26f6a98c46b1c5d1ba852a9c5dce8b8/sb-vitest/deps/csf-B8OjfbGV.js?v=1e677644:8281:9)
    at form
    at http://localhost:63316/node_modules/.cache/storybook/10.5.10/d089ae206bd7a58edd27e2b4d3689eedc26f6a98c46b1c5d1ba852a9c5dce8b8/sb-vitest/deps/formik.js?v=d7e89814:3385:21
    at Formik (http://localhost:63316/node_modules/.cache/storybook/10.5.10/d089ae206bd7a58edd27e2b4d3689eedc26f6a98c46b1c5d1ba852a9c5dce8b8/sb-vitest/deps/formik.js?v=d7e89814:3190:18)
    at RenderedRoute (http://localhost:63316/node_modules/.cache/storybook/10.5.10/d089ae206bd7a58edd27e2b4d3689eedc26f6a98c46b1c5d1ba852a9c5dce8b8/sb-vitest/deps/react-router.js?v=1b0d1760:4139:26)
    at RenderErrorBoundary (http://localhost:63316/node_modules/.cache/storybook/10.5.10/d089ae206bd7a58edd27e2b4d3689eedc26f6a98c46b1c5d1ba852a9c5dce8b8/sb-vitest/deps/react-router.js?v=1b0d1760:4073:3)
    at DataRoutes2 (http://localhost:63316/node_modules/.cache/storybook/10.5.10/d089ae206bd7a58edd27e2b4d3689eedc26f6a98c46b1c5d1ba852a9c5dce8b8/sb-vitest/deps/react-router.js?v=1b0d1760:4706:24)
    at Router (http://localhost:63316/node_modules/.cache/storybook/10.5.10/d089ae206bd7a58edd27e2b4d3689eedc26f6a98c46b1c5d1ba852a9c5dce8b8/sb-vitest/deps/react-router.js?v=1b0d1760:4771:29)
    at RouterProvider (http://localhost:63316/node_modules/.cache/storybook/10.5.10/d089ae206bd7a58edd27e2b4d3689eedc26f6a98c46b1c5d1ba852a9c5dce8b8/sb-vitest/deps/react-router.js?v=1b0d1760:4516:27)
    at unboundStoryFn (http://localhost:63316/node_modules/.cache/storybook/10.5.10/d089ae206bd7a58edd27e2b4d3689eedc26f6a98c46b1c5d1ba852a9c5dce8b8/sb-vitest/deps/csf-B8OjfbGV.js?v=1e677644:8788:243)
11:27:32 am [vite] [31m[2m(client)[22m[39m [2m[console.error] [22mWarning: An update to ReportRecipient inside a test was not wrapped in act(...).

When testing, code that causes React state updates should be wrapped into act(...):

act(() => {
  /* fire events that update state */
});
/* assert on the output */

This ensures that you're testing the behavior the user would see in the browser. Learn more at https://reactjs.org/link/wrap-tests-with-act
    at ReportRecipient (http://localhost:63316/ClientApp/src/routes/acceptQuote/reportRecipient.tsx:23:10)
    at hookified (http://localhost:63316/node_modules/.cache/storybook/10.5.10/d089ae206bd7a58edd27e2b4d3689eedc26f6a98c46b1c5d1ba852a9c5dce8b8/sb-vitest/deps/csf-B8OjfbGV.js?v=1e677644:8281:9)
    at form
    at http://localhost:63316/node_modules/.cache/storybook/10.5.10/d089ae206bd7a58edd27e2b4d3689eedc26f6a98c46b1c5d1ba852a9c5dce8b8/sb-vitest/deps/formik.js?v=d7e89814:3385:21
    at Formik (http://localhost:63316/node_modules/.cache/storybook/10.5.10/d089ae206bd7a58edd27e2b4d3689eedc26f6a98c46b1c5d1ba852a9c5dce8b8/sb-vitest/deps/formik.js?v=d7e89814:3190:18)
    at RenderedRoute (http://localhost:63316/node_modules/.cache/storybook/10.5.10/d089ae206bd7a58edd27e2b4d3689eedc26f6a98c46b1c5d1ba852a9c5dce8b8/sb-vitest/deps/react-router.js?v=1b0d1760:4139:26)
    at RenderErrorBoundary (http://localhost:63316/node_modules/.cache/storybook/10.5.10/d089ae206bd7a58edd27e2b4d3689eedc26f6a98c46b1c5d1ba852a9c5dce8b8/sb-vitest/deps/react-router.js?v=1b0d1760:4073:3)
    at DataRoutes2 (http://localhost:63316/node_modules/.cache/storybook/10.5.10/d089ae206bd7a58edd27e2b4d3689eedc26f6a98c46b1c5d1ba852a9c5dce8b8/sb-vitest/deps/react-router.js?v=1b0d1760:4706:24)
    at Router (http://localhost:63316/node_modules/.cache/storybook/10.5.10/d089ae206bd7a58edd27e2b4d3689eedc26f6a98c46b1c5d1ba852a9c5dce8b8/sb-vitest/deps/react-router.js?v=1b0d1760:4771:29)
    at RouterProvider (http://localhost:63316/node_modules/.cache/storybook/10.5.10/d089ae206bd7a58edd27e2b4d3689eedc26f6a98c46b1c5d1ba852a9c5dce8b8/sb-vitest/deps/react-router.js?v=1b0d1760:4516:27)
    at unboundStoryFn (http://localhost:63316/node_modules/.cache/storybook/10.5.10/d089ae206bd7a58edd27e2b4d3689eedc26f6a98c46b1c5d1ba852a9c5dce8b8/sb-vitest/deps/csf-B8OjfbGV.js?v=1e677644:8788:243)
11:27:32 am [vite] [31m[2m(client)[22m[39m [2m[console.error] [22mWarning: An update to ReportRecipient inside a test was not wrapped in act(...).

When testing, code that causes React state updates should be wrapped into act(...):

act(() => {
  /* fire events that update state */
});
/* assert on the output */

This ensures that you're testing the behavior the user would see in the browser. Learn more at https://reactjs.org/link/wrap-tests-with-act
    at ReportRecipient (http://localhost:63316/ClientApp/src/routes/acceptQuote/reportRecipient.tsx:23:10)
    at hookified (http://localhost:63316/node_modules/.cache/storybook/10.5.10/d089ae206bd7a58edd27e2b4d3689eedc26f6a98c46b1c5d1ba852a9c5dce8b8/sb-vitest/deps/csf-B8OjfbGV.js?v=1e677644:8281:9)
    at form
    at http://localhost:63316/node_modules/.cache/storybook/10.5.10/d089ae206bd7a58edd27e2b4d3689eedc26f6a98c46b1c5d1ba852a9c5dce8b8/sb-vitest/deps/formik.js?v=d7e89814:3385:21
    at Formik (http://localhost:63316/node_modules/.cache/storybook/10.5.10/d089ae206bd7a58edd27e2b4d3689eedc26f6a98c46b1c5d1ba852a9c5dce8b8/sb-vitest/deps/formik.js?v=d7e89814:3190:18)
    at RenderedRoute (http://localhost:63316/node_modules/.cache/storybook/10.5.10/d089ae206bd7a58edd27e2b4d3689eedc26f6a98c46b1c5d1ba852a9c5dce8b8/sb-vitest/deps/react-router.js?v=1b0d1760:4139:26)
    at RenderErrorBoundary (http://localhost:63316/node_modules/.cache/storybook/10.5.10/d089ae206bd7a58edd27e2b4d3689eedc26f6a98c46b1c5d1ba852a9c5dce8b8/sb-vitest/deps/react-router.js?v=1b0d1760:4073:3)
    at DataRoutes2 (http://localhost:63316/node_modules/.cache/storybook/10.5.10/d089ae206bd7a58edd27e2b4d3689eedc26f6a98c46b1c5d1ba852a9c5dce8b8/sb-vitest/deps/react-router.js?v=1b0d1760:4706:24)
    at Router (http://localhost:63316/node_modules/.cache/storybook/10.5.10/d089ae206bd7a58edd27e2b4d3689eedc26f6a98c46b1c5d1ba852a9c5dce8b8/sb-vitest/deps/react-router.js?v=1b0d1760:4771:29)
    at RouterProvider (http://localhost:63316/node_modules/.cache/storybook/10.5.10/d089ae206bd7a58edd27e2b4d3689eedc26f6a98c46b1c5d1ba852a9c5dce8b8/sb-vitest/deps/react-router.js?v=1b0d1760:4516:27)
    at unboundStoryFn (http://localhost:63316/node_modules/.cache/storybook/10.5.10/d089ae206bd7a58edd27e2b4d3689eedc26f6a98c46b1c5d1ba852a9c5dce8b8/sb-vitest/deps/csf-B8OjfbGV.js?v=1e677644:8788:243)
11:27:32 am [vite] [31m[2m(client)[22m[39m [2m[console.error] [22mWarning: An update to ReportRecipient inside a test was not wrapped in act(...).

When testing, code that causes React state updates should be wrapped into act(...):

act(() => {
  /* fire events that update state */
});
/* assert on the output */

This ensures that you're testing the behavior the user would see in the browser. Learn more at https://reactjs.org/link/wrap-tests-with-act
    at ReportRecipient (http://localhost:63316/ClientApp/src/routes/acceptQuote/reportRecipient.tsx:23:10)
    at hookified (http://localhost:63316/node_modules/.cache/storybook/10.5.10/d089ae206bd7a58edd27e2b4d3689eedc26f6a98c46b1c5d1ba852a9c5dce8b8/sb-vitest/deps/csf-B8OjfbGV.js?v=1e677644:8281:9)
    at form
    at http://localhost:63316/node_modules/.cache/storybook/10.5.10/d089ae206bd7a58edd27e2b4d3689eedc26f6a98c46b1c5d1ba852a9c5dce8b8/sb-vitest/deps/formik.js?v=d7e89814:3385:21
    at Formik (http://localhost:63316/node_modules/.cache/storybook/10.5.10/d089ae206bd7a58edd27e2b4d3689eedc26f6a98c46b1c5d1ba852a9c5dce8b8/sb-vitest/deps/formik.js?v=d7e89814:3190:18)
    at RenderedRoute (http://localhost:63316/node_modules/.cache/storybook/10.5.10/d089ae206bd7a58edd27e2b4d3689eedc26f6a98c46b1c5d1ba852a9c5dce8b8/sb-vitest/deps/react-router.js?v=1b0d1760:4139:26)
    at RenderErrorBoundary (http://localhost:63316/node_modules/.cache/storybook/10.5.10/d089ae206bd7a58edd27e2b4d3689eedc26f6a98c46b1c5d1ba852a9c5dce8b8/sb-vitest/deps/react-router.js?v=1b0d1760:4073:3)
    at DataRoutes2 (http://localhost:63316/node_modules/.cache/storybook/10.5.10/d089ae206bd7a58edd27e2b4d3689eedc26f6a98c46b1c5d1ba852a9c5dce8b8/sb-vitest/deps/react-router.js?v=1b0d1760:4706:24)
    at Router (http://localhost:63316/node_modules/.cache/storybook/10.5.10/d089ae206bd7a58edd27e2b4d3689eedc26f6a98c46b1c5d1ba852a9c5dce8b8/sb-vitest/deps/react-router.js?v=1b0d1760:4771:29)
    at RouterProvider (http://localhost:63316/node_modules/.cache/storybook/10.5.10/d089ae206bd7a58edd27e2b4d3689eedc26f6a98c46b1c5d1ba852a9c5dce8b8/sb-vitest/deps/react-router.js?v=1b0d1760:4516:27)
    at unboundStoryFn (http://localhost:63316/node_modules/.cache/storybook/10.5.10/d089ae206bd7a58edd27e2b4d3689eedc26f6a98c46b1c5d1ba852a9c5dce8b8/sb-vitest/deps/csf-B8OjfbGV.js?v=1e677644:8788:243)
11:27:32 am [vite] [31m[2m(client)[22m[39m [2m[console.error] [22mWarning: An update to ReportRecipient inside a test was not wrapped in act(...).

When testing, code that causes React state updates should be wrapped into act(...):

act(() => {
  /* fire events that update state */
});
/* assert on the output */

This ensures that you're testing the behavior the user would see in the browser. Learn more at https://reactjs.org/link/wrap-tests-with-act
    at ReportRecipient (http://localhost:63316/ClientApp/src/routes/acceptQuote/reportRecipient.tsx:23:10)
    at hookified (http://localhost:63316/node_modules/.cache/storybook/10.5.10/d089ae206bd7a58edd27e2b4d3689eedc26f6a98c46b1c5d1ba852a9c5dce8b8/sb-vitest/deps/csf-B8OjfbGV.js?v=1e677644:8281:9)
    at form
    at http://localhost:63316/node_modules/.cache/storybook/10.5.10/d089ae206bd7a58edd27e2b4d3689eedc26f6a98c46b1c5d1ba852a9c5dce8b8/sb-vitest/deps/formik.js?v=d7e89814:3385:21
    at Formik (http://localhost:63316/node_modules/.cache/storybook/10.5.10/d089ae206bd7a58edd27e2b4d3689eedc26f6a98c46b1c5d1ba852a9c5dce8b8/sb-vitest/deps/formik.js?v=d7e89814:3190:18)
    at RenderedRoute (http://localhost:63316/node_modules/.cache/storybook/10.5.10/d089ae206bd7a58edd27e2b4d3689eedc26f6a98c46b1c5d1ba852a9c5dce8b8/sb-vitest/deps/react-router.js?v=1b0d1760:4139:26)
    at RenderErrorBoundary (http://localhost:63316/node_modules/.cache/storybook/10.5.10/d089ae206bd7a58edd27e2b4d3689eedc26f6a98c46b1c5d1ba852a9c5dce8b8/sb-vitest/deps/react-router.js?v=1b0d1760:4073:3)
    at DataRoutes2 (http://localhost:63316/node_modules/.cache/storybook/10.5.10/d089ae206bd7a58edd27e2b4d3689eedc26f6a98c46b1c5d1ba852a9c5dce8b8/sb-vitest/deps/react-router.js?v=1b0d1760:4706:24)
    at Router (http://localhost:63316/node_modules/.cache/storybook/10.5.10/d089ae206bd7a58edd27e2b4d3689eedc26f6a98c46b1c5d1ba852a9c5dce8b8/sb-vitest/deps/react-router.js?v=1b0d1760:4771:29)
    at RouterProvider (http://localhost:63316/node_modules/.cache/storybook/10.5.10/d089ae206bd7a58edd27e2b4d3689eedc26f6a98c46b1c5d1ba852a9c5dce8b8/sb-vitest/deps/react-router.js?v=1b0d1760:4516:27)
    at unboundStoryFn (http://localhost:63316/node_modules/.cache/storybook/10.5.10/d089ae206bd7a58edd27e2b4d3689eedc26f6a98c46b1c5d1ba852a9c5dce8b8/sb-vitest/deps/csf-B8OjfbGV.js?v=1e677644:8788:243)
11:27:32 am [vite] [31m[2m(client)[22m[39m [2m[console.error] [22mWarning: An update to ReportRecipient inside a test was not wrapped in act(...).

When testing, code that causes React state updates should be wrapped into act(...):

act(() => {
  /* fire events that update state */
});
/* assert on the output */

This ensures that you're testing the behavior the user would see in the browser. Learn more at https://reactjs.org/link/wrap-tests-with-act
    at ReportRecipient (http://localhost:63316/ClientApp/src/routes/acceptQuote/reportRecipient.tsx:23:10)
    at hookified (http://localhost:63316/node_modules/.cache/storybook/10.5.10/d089ae206bd7a58edd27e2b4d3689eedc26f6a98c46b1c5d1ba852a9c5dce8b8/sb-vitest/deps/csf-B8OjfbGV.js?v=1e677644:8281:9)
    at form
    at http://localhost:63316/node_modules/.cache/storybook/10.5.10/d089ae206bd7a58edd27e2b4d3689eedc26f6a98c46b1c5d1ba852a9c5dce8b8/sb-vitest/deps/formik.js?v=d7e89814:3385:21
    at Formik (http://localhost:63316/node_modules/.cache/storybook/10.5.10/d089ae206bd7a58edd27e2b4d3689eedc26f6a98c46b1c5d1ba852a9c5dce8b8/sb-vitest/deps/formik.js?v=d7e89814:3190:18)
    at RenderedRoute (http://localhost:63316/node_modules/.cache/storybook/10.5.10/d089ae206bd7a58edd27e2b4d3689eedc26f6a98c46b1c5d1ba852a9c5dce8b8/sb-vitest/deps/react-router.js?v=1b0d1760:4139:26)
    at RenderErrorBoundary (http://localhost:63316/node_modules/.cache/storybook/10.5.10/d089ae206bd7a58edd27e2b4d3689eedc26f6a98c46b1c5d1ba852a9c5dce8b8/sb-vitest/deps/react-router.js?v=1b0d1760:4073:3)
    at DataRoutes2 (http://localhost:63316/node_modules/.cache/storybook/10.5.10/d089ae206bd7a58edd27e2b4d3689eedc26f6a98c46b1c5d1ba852a9c5dce8b8/sb-vitest/deps/react-router.js?v=1b0d1760:4706:24)
    at Router (http://localhost:63316/node_modules/.cache/storybook/10.5.10/d089ae206bd7a58edd27e2b4d3689eedc26f6a98c46b1c5d1ba852a9c5dce8b8/sb-vitest/deps/react-router.js?v=1b0d1760:4771:29)
    at RouterProvider (http://localhost:63316/node_modules/.cache/storybook/10.5.10/d089ae206bd7a58edd27e2b4d3689eedc26f6a98c46b1c5d1ba852a9c5dce8b8/sb-vitest/deps/react-router.js?v=1b0d1760:4516:27)
    at unboundStoryFn (http://localhost:63316/node_modules/.cache/storybook/10.5.10/d089ae206bd7a58edd27e2b4d3689eedc26f6a98c46b1c5d1ba852a9c5dce8b8/sb-vitest/deps/csf-B8OjfbGV.js?v=1e677644:8788:243)
11:27:32 am [vite] [31m[2m(client)[22m[39m [2m[console.error] [22mWarning: An update to ReportRecipient inside a test was not wrapped in act(...).

When testing, code that causes React state updates should be wrapped into act(...):

act(() => {
  /* fire events that update state */
});
/* assert on the output */

This ensures that you're testing the behavior the user would see in the browser. Learn more at https://reactjs.org/link/wrap-tests-with-act
    at ReportRecipient (http://localhost:63316/ClientApp/src/routes/acceptQuote/reportRecipient.tsx:23:10)
    at hookified (http://localhost:63316/node_modules/.cache/storybook/10.5.10/d089ae206bd7a58edd27e2b4d3689eedc26f6a98c46b1c5d1ba852a9c5dce8b8/sb-vitest/deps/csf-B8OjfbGV.js?v=1e677644:8281:9)
    at form
    at http://localhost:63316/node_modules/.cache/storybook/10.5.10/d089ae206bd7a58edd27e2b4d3689eedc26f6a98c46b1c5d1ba852a9c5dce8b8/sb-vitest/deps/formik.js?v=d7e89814:3385:21
    at Formik (http://localhost:63316/node_modules/.cache/storybook/10.5.10/d089ae206bd7a58edd27e2b4d3689eedc26f6a98c46b1c5d1ba852a9c5dce8b8/sb-vitest/deps/formik.js?v=d7e89814:3190:18)
    at RenderedRoute (http://localhost:63316/node_modules/.cache/storybook/10.5.10/d089ae206bd7a58edd27e2b4d3689eedc26f6a98c46b1c5d1ba852a9c5dce8b8/sb-vitest/deps/react-router.js?v=1b0d1760:4139:26)
    at RenderErrorBoundary (http://localhost:63316/node_modules/.cache/storybook/10.5.10/d089ae206bd7a58edd27e2b4d3689eedc26f6a98c46b1c5d1ba852a9c5dce8b8/sb-vitest/deps/react-router.js?v=1b0d1760:4073:3)
    at DataRoutes2 (http://localhost:63316/node_modules/.cache/storybook/10.5.10/d089ae206bd7a58edd27e2b4d3689eedc26f6a98c46b1c5d1ba852a9c5dce8b8/sb-vitest/deps/react-router.js?v=1b0d1760:4706:24)
    at Router (http://localhost:63316/node_modules/.cache/storybook/10.5.10/d089ae206bd7a58edd27e2b4d3689eedc26f6a98c46b1c5d1ba852a9c5dce8b8/sb-vitest/deps/react-router.js?v=1b0d1760:4771:29)
    at RouterProvider (http://localhost:63316/node_modules/.cache/storybook/10.5.10/d089ae206bd7a58edd27e2b4d3689eedc26f6a98c46b1c5d1ba852a9c5dce8b8/sb-vitest/deps/react-router.js?v=1b0d1760:4516:27)
    at unboundStoryFn (http://localhost:63316/node_modules/.cache/storybook/10.5.10/d089ae206bd7a58edd27e2b4d3689eedc26f6a98c46b1c5d1ba852a9c5dce8b8/sb-vitest/deps/csf-B8OjfbGV.js?v=1e677644:8788:243)
11:27:32 am [vite] [31m[2m(client)[22m[39m [2m[console.error] [22mWarning: An update to ReportRecipient inside a test was not wrapped in act(...).

When testing, code that causes React state updates should be wrapped into act(...):

act(() => {
  /* fire events that update state */
});
/* assert on the output */

This ensures that you're testing the behavior the user would see in the browser. Learn more at https://reactjs.org/link/wrap-tests-with-act
    at ReportRecipient (http://localhost:63316/ClientApp/src/routes/acceptQuote/reportRecipient.tsx:23:10)
    at hookified (http://localhost:63316/node_modules/.cache/storybook/10.5.10/d089ae206bd7a58edd27e2b4d3689eedc26f6a98c46b1c5d1ba852a9c5dce8b8/sb-vitest/deps/csf-B8OjfbGV.js?v=1e677644:8281:9)
    at form
    at http://localhost:63316/node_modules/.cache/storybook/10.5.10/d089ae206bd7a58edd27e2b4d3689eedc26f6a98c46b1c5d1ba852a9c5dce8b8/sb-vitest/deps/formik.js?v=d7e89814:3385:21
    at Formik (http://localhost:63316/node_modules/.cache/storybook/10.5.10/d089ae206bd7a58edd27e2b4d3689eedc26f6a98c46b1c5d1ba852a9c5dce8b8/sb-vitest/deps/formik.js?v=d7e89814:3190:18)
    at RenderedRoute (http://localhost:63316/node_modules/.cache/storybook/10.5.10/d089ae206bd7a58edd27e2b4d3689eedc26f6a98c46b1c5d1ba852a9c5dce8b8/sb-vitest/deps/react-router.js?v=1b0d1760:4139:26)
    at RenderErrorBoundary (http://localhost:63316/node_modules/.cache/storybook/10.5.10/d089ae206bd7a58edd27e2b4d3689eedc26f6a98c46b1c5d1ba852a9c5dce8b8/sb-vitest/deps/react-router.js?v=1b0d1760:4073:3)
    at DataRoutes2 (http://localhost:63316/node_modules/.cache/storybook/10.5.10/d089ae206bd7a58edd27e2b4d3689eedc26f6a98c46b1c5d1ba852a9c5dce8b8/sb-vitest/deps/react-router.js?v=1b0d1760:4706:24)
    at Router (http://localhost:63316/node_modules/.cache/storybook/10.5.10/d089ae206bd7a58edd27e2b4d3689eedc26f6a98c46b1c5d1ba852a9c5dce8b8/sb-vitest/deps/react-router.js?v=1b0d1760:4771:29)
    at RouterProvider (http://localhost:63316/node_modules/.cache/storybook/10.5.10/d089ae206bd7a58edd27e2b4d3689eedc26f6a98c46b1c5d1ba852a9c5dce8b8/sb-vitest/deps/react-router.js?v=1b0d1760:4516:27)
    at unboundStoryFn (http://localhost:63316/node_modules/.cache/storybook/10.5.10/d089ae206bd7a58edd27e2b4d3689eedc26f6a98c46b1c5d1ba852a9c5dce8b8/sb-vitest/deps/csf-B8OjfbGV.js?v=1e677644:8788:243)
stderr | ClientApp/src/routes/acceptQuote/AcceptQuote.stories.tsx > Payment Details Step
Warning: An update to ReportRecipient inside a test was not wrapped in act(...).

When testing, code that causes React state updates should be wrapped into act(...):

act(() => {
  /* fire events that update state */
});
/* assert on the output */

This ensures that you're testing the behavior the user would see in the browser. Learn more at https://reactjs.org/link/wrap-tests-with-act
    at ReportRecipient (http://localhost:63316/ClientApp/src/routes/acceptQuote/reportRecipient.tsx:23:10)
    at hookified (http://localhost:63316/node_modules/.cache/storybook/10.5.10/d089ae206bd7a58edd27e2b4d3689eedc26f6a98c46b1c5d1ba852a9c5dce8b8/sb-vitest/deps/csf-B8OjfbGV.js?v=1e677644:8281:9)
    at form
    at http://localhost:63316/node_modules/.cache/storybook/10.5.10/d089ae206bd7a58edd27e2b4d3689eedc26f6a98c46b1c5d1ba852a9c5dce8b8/sb-vitest/deps/formik.js?v=d7e89814:3385:21
    at Formik (http://localhost:63316/node_modules/.cache/storybook/10.5.10/d089ae206bd7a58edd27e2b4d3689eedc26f6a98c46b1c5d1ba852a9c5dce8b8/sb-vitest/deps/formik.js?v=d7e89814:3190:18)
    at RenderedRoute (http://localhost:63316/node_modules/.cache/storybook/10.5.10/d089ae206bd7a58edd27e2b4d3689eedc26f6a98c46b1c5d1ba852a9c5dce8b8/sb-vitest/deps/react-router.js?v=1b0d1760:4139:26)
    at RenderErrorBoundary (http://localhost:63316/node_modules/.cache/storybook/10.5.10/d089ae206bd7a58edd27e2b4d3689eedc26f6a98c46b1c5d1ba852a9c5dce8b8/sb-vitest/deps/react-router.js?v=1b0d1760:4073:3)
    at DataRoutes2 (http://localhost:63316/node_modules/.cache/storybook/10.5.10/d089ae206bd7a58edd27e2b4d3689eedc26f6a98c46b1c5d1ba852a9c5dce8b8/sb-vitest/deps/react-router.js?v=1b0d1760:4706:24)
    at Router (http://localhost:63316/node_modules/.cache/storybook/10.5.10/d089ae206bd7a58edd27e2b4d3689eedc26f6a98c46b1c5d1ba852a9c5dce8b8/sb-vitest/deps/react-router.js?v=1b0d1760:4771:29)
    at RouterProvider (http://localhost:63316/node_modules/.cache/storybook/10.5.10/d089ae206bd7a58edd27e2b4d3689eedc26f6a98c46b1c5d1ba852a9c5dce8b8/sb-vitest/deps/react-router.js?v=1b0d1760:4516:27)
    at unboundStoryFn (http://localhost:63316/node_modules/.cache/storybook/10.5.10/d089ae206bd7a58edd27e2b4d3689eedc26f6a98c46b1c5d1ba852a9c5dce8b8/sb-vitest/deps/csf-B8OjfbGV.js?v=1e677644:8788:243)
stderr | ClientApp/src/routes/acceptQuote/AcceptQuote.stories.tsx > Payment Details Step
Warning: An update to ReportRecipient inside a test was not wrapped in act(...).

When testing, code that causes React state updates should be wrapped into act(...):

act(() => {
  /* fire events that update state */
});
/* assert on the output */

This ensures that you're testing the behavior the user would see in the browser. Learn more at https://reactjs.org/link/wrap-tests-with-act
    at ReportRecipient (http://localhost:63316/ClientApp/src/routes/acceptQuote/reportRecipient.tsx:23:10)
    at hookified (http://localhost:63316/node_modules/.cache/storybook/10.5.10/d089ae206bd7a58edd27e2b4d3689eedc26f6a98c46b1c5d1ba852a9c5dce8b8/sb-vitest/deps/csf-B8OjfbGV.js?v=1e677644:8281:9)
    at form
    at http://localhost:63316/node_modules/.cache/storybook/10.5.10/d089ae206bd7a58edd27e2b4d3689eedc26f6a98c46b1c5d1ba852a9c5dce8b8/sb-vitest/deps/formik.js?v=d7e89814:3385:21
    at Formik (http://localhost:63316/node_modules/.cache/storybook/10.5.10/d089ae206bd7a58edd27e2b4d3689eedc26f6a98c46b1c5d1ba852a9c5dce8b8/sb-vitest/deps/formik.js?v=d7e89814:3190:18)
    at RenderedRoute (http://localhost:63316/node_modules/.cache/storybook/10.5.10/d089ae206bd7a58edd27e2b4d3689eedc26f6a98c46b1c5d1ba852a9c5dce8b8/sb-vitest/deps/react-router.js?v=1b0d1760:4139:26)
    at RenderErrorBoundary (http://localhost:63316/node_modules/.cache/storybook/10.5.10/d089ae206bd7a58edd27e2b4d3689eedc26f6a98c46b1c5d1ba852a9c5dce8b8/sb-vitest/deps/react-router.js?v=1b0d1760:4073:3)
    at DataRoutes2 (http://localhost:63316/node_modules/.cache/storybook/10.5.10/d089ae206bd7a58edd27e2b4d3689eedc26f6a98c46b1c5d1ba852a9c5dce8b8/sb-vitest/deps/react-router.js?v=1b0d1760:4706:24)
    at Router (http://localhost:63316/node_modules/.cache/storybook/10.5.10/d089ae206bd7a58edd27e2b4d3689eedc26f6a98c46b1c5d1ba852a9c5dce8b8/sb-vitest/deps/react-router.js?v=1b0d1760:4771:29)
    at RouterProvider (http://localhost:63316/node_modules/.cache/storybook/10.5.10/d089ae206bd7a58edd27e2b4d3689eedc26f6a98c46b1c5d1ba852a9c5dce8b8/sb-vitest/deps/react-router.js?v=1b0d1760:4516:27)
    at unboundStoryFn (http://localhost:63316/node_modules/.cache/storybook/10.5.10/d089ae206bd7a58edd27e2b4d3689eedc26f6a98c46b1c5d1ba852a9c5dce8b8/sb-vitest/deps/csf-B8OjfbGV.js?v=1e677644:8788:243)
stderr | ClientApp/src/routes/acceptQuote/AcceptQuote.stories.tsx > Payment Details Step
Warning: An update to ReportRecipient inside a test was not wrapped in act(...).

When testing, code that causes React state updates should be wrapped into act(...):

act(() => {
  /* fire events that update state */
});
/* assert on the output */

This ensures that you're testing the behavior the user would see in the browser. Learn more at https://reactjs.org/link/wrap-tests-with-act
    at ReportRecipient (http://localhost:63316/ClientApp/src/routes/acceptQuote/reportRecipient.tsx:23:10)
    at hookified (http://localhost:63316/node_modules/.cache/storybook/10.5.10/d089ae206bd7a58edd27e2b4d3689eedc26f6a98c46b1c5d1ba852a9c5dce8b8/sb-vitest/deps/csf-B8OjfbGV.js?v=1e677644:8281:9)
    at form
    at http://localhost:63316/node_modules/.cache/storybook/10.5.10/d089ae206bd7a58edd27e2b4d3689eedc26f6a98c46b1c5d1ba852a9c5dce8b8/sb-vitest/deps/formik.js?v=d7e89814:3385:21
    at Formik (http://localhost:63316/node_modules/.cache/storybook/10.5.10/d089ae206bd7a58edd27e2b4d3689eedc26f6a98c46b1c5d1ba852a9c5dce8b8/sb-vitest/deps/formik.js?v=d7e89814:3190:18)
    at RenderedRoute (http://localhost:63316/node_modules/.cache/storybook/10.5.10/d089ae206bd7a58edd27e2b4d3689eedc26f6a98c46b1c5d1ba852a9c5dce8b8/sb-vitest/deps/react-router.js?v=1b0d1760:4139:26)
    at RenderErrorBoundary (http://localhost:63316/node_modules/.cache/storybook/10.5.10/d089ae206bd7a58edd27e2b4d3689eedc26f6a98c46b1c5d1ba852a9c5dce8b8/sb-vitest/deps/react-router.js?v=1b0d1760:4073:3)
    at DataRoutes2 (http://localhost:63316/node_modules/.cache/storybook/10.5.10/d089ae206bd7a58edd27e2b4d3689eedc26f6a98c46b1c5d1ba852a9c5dce8b8/sb-vitest/deps/react-router.js?v=1b0d1760:4706:24)
    at Router (http://localhost:63316/node_modules/.cache/storybook/10.5.10/d089ae206bd7a58edd27e2b4d3689eedc26f6a98c46b1c5d1ba852a9c5dce8b8/sb-vitest/deps/react-router.js?v=1b0d1760:4771:29)
    at RouterProvider (http://localhost:63316/node_modules/.cache/storybook/10.5.10/d089ae206bd7a58edd27e2b4d3689eedc26f6a98c46b1c5d1ba852a9c5dce8b8/sb-vitest/deps/react-router.js?v=1b0d1760:4516:27)
    at unboundStoryFn (http://localhost:63316/node_modules/.cache/storybook/10.5.10/d089ae206bd7a58edd27e2b4d3689eedc26f6a98c46b1c5d1ba852a9c5dce8b8/sb-vitest/deps/csf-B8OjfbGV.js?v=1e677644:8788:243)
stderr | ClientApp/src/routes/acceptQuote/AcceptQuote.stories.tsx > Payment Details Step
Warning: An update to ReportRecipient inside a test was not wrapped in act(...).

When testing, code that causes React state updates should be wrapped into act(...):

act(() => {
  /* fire events that update state */
});
/* assert on the output */

This ensures that you're testing the behavior the user would see in the browser. Learn more at https://reactjs.org/link/wrap-tests-with-act
    at ReportRecipient (http://localhost:63316/ClientApp/src/routes/acceptQuote/reportRecipient.tsx:23:10)
    at hookified (http://localhost:63316/node_modules/.cache/storybook/10.5.10/d089ae206bd7a58edd27e2b4d3689eedc26f6a98c46b1c5d1ba852a9c5dce8b8/sb-vitest/deps/csf-B8OjfbGV.js?v=1e677644:8281:9)
    at form
    at http://localhost:63316/node_modules/.cache/storybook/10.5.10/d089ae206bd7a58edd27e2b4d3689eedc26f6a98c46b1c5d1ba852a9c5dce8b8/sb-vitest/deps/formik.js?v=d7e89814:3385:21
    at Formik (http://localhost:63316/node_modules/.cache/storybook/10.5.10/d089ae206bd7a58edd27e2b4d3689eedc26f6a98c46b1c5d1ba852a9c5dce8b8/sb-vitest/deps/formik.js?v=d7e89814:3190:18)
    at RenderedRoute (http://localhost:63316/node_modules/.cache/storybook/10.5.10/d089ae206bd7a58edd27e2b4d3689eedc26f6a98c46b1c5d1ba852a9c5dce8b8/sb-vitest/deps/react-router.js?v=1b0d1760:4139:26)
    at RenderErrorBoundary (http://localhost:63316/node_modules/.cache/storybook/10.5.10/d089ae206bd7a58edd27e2b4d3689eedc26f6a98c46b1c5d1ba852a9c5dce8b8/sb-vitest/deps/react-router.js?v=1b0d1760:4073:3)
    at DataRoutes2 (http://localhost:63316/node_modules/.cache/storybook/10.5.10/d089ae206bd7a58edd27e2b4d3689eedc26f6a98c46b1c5d1ba852a9c5dce8b8/sb-vitest/deps/react-router.js?v=1b0d1760:4706:24)
    at Router (http://localhost:63316/node_modules/.cache/storybook/10.5.10/d089ae206bd7a58edd27e2b4d3689eedc26f6a98c46b1c5d1ba852a9c5dce8b8/sb-vitest/deps/react-router.js?v=1b0d1760:4771:29)
    at RouterProvider (http://localhost:63316/node_modules/.cache/storybook/10.5.10/d089ae206bd7a58edd27e2b4d3689eedc26f6a98c46b1c5d1ba852a9c5dce8b8/sb-vitest/deps/react-router.js?v=1b0d1760:4516:27)
    at unboundStoryFn (http://localhost:63316/node_modules/.cache/storybook/10.5.10/d089ae206bd7a58edd27e2b4d3689eedc26f6a98c46b1c5d1ba852a9c5dce8b8/sb-vitest/deps/csf-B8OjfbGV.js?v=1e677644:8788:243)
stderr | ClientApp/src/routes/acceptQuote/AcceptQuote.stories.tsx > Payment Details Postpaid
Warning: An update to PaymentDetails inside a test was not wrapped in act(...).

When testing, code that causes React state updates should be wrapped into act(...):

act(() => {
  /* fire events that update state */
});
/* assert on the output */

This ensures that you're testing the behavior the user would see in the browser. Learn more at https://reactjs.org/link/wrap-tests-with-act
    at PaymentDetails (http://localhost:63316/ClientApp/src/routes/acceptQuote/paymentDetails.tsx:21:10)
    at hookified (http://localhost:63316/node_modules/.cache/storybook/10.5.10/d089ae206bd7a58edd27e2b4d3689eedc26f6a98c46b1c5d1ba852a9c5dce8b8/sb-vitest/deps/csf-B8OjfbGV.js?v=1e677644:8281:9)
    at form
    at http://localhost:63316/node_modules/.cache/storybook/10.5.10/d089ae206bd7a58edd27e2b4d3689eedc26f6a98c46b1c5d1ba852a9c5dce8b8/sb-vitest/deps/formik.js?v=d7e89814:3385:21
    at Formik (http://localhost:63316/node_modules/.cache/storybook/10.5.10/d089ae206bd7a58edd27e2b4d3689eedc26f6a98c46b1c5d1ba852a9c5dce8b8/sb-vitest/deps/formik.js?v=d7e89814:3190:18)
    at RenderedRoute (http://localhost:63316/node_modules/.cache/storybook/10.5.10/d089ae206bd7a58edd27e2b4d3689eedc26f6a98c46b1c5d1ba852a9c5dce8b8/sb-vitest/deps/react-router.js?v=1b0d1760:4139:26)
    at RenderErrorBoundary (http://localhost:63316/node_modules/.cache/storybook/10.5.10/d089ae206bd7a58edd27e2b4d3689eedc26f6a98c46b1c5d1ba852a9c5dce8b8/sb-vitest/deps/react-router.js?v=1b0d1760:4073:3)
    at DataRoutes2 (http://localhost:63316/node_modules/.cache/storybook/10.5.10/d089ae206bd7a58edd27e2b4d3689eedc26f6a98c46b1c5d1ba852a9c5dce8b8/sb-vitest/deps/react-router.js?v=1b0d1760:4706:24)
    at Router (http://localhost:63316/node_modules/.cache/storybook/10.5.10/d089ae206bd7a58edd27e2b4d3689eedc26f6a98c46b1c5d1ba852a9c5dce8b8/sb-vitest/deps/react-router.js?v=1b0d1760:4771:29)
    at RouterProvider (http://localhost:63316/node_modules/.cache/storybook/10.5.10/d089ae206bd7a58edd27e2b4d3689eedc26f6a98c46b1c5d1ba852a9c5dce8b8/sb-vitest/deps/react-router.js?v=1b0d1760:4516:27)
    at unboundStoryFn (http://localhost:63316/node_modules/.cache/storybook/10.5.10/d089ae206bd7a58edd27e2b4d3689eedc26f6a98c46b1c5d1ba852a9c5dce8b8/sb-vitest/deps/csf-B8OjfbGV.js?v=1e677644:8788:243)
11:27:32 am [vite] [31m[2m(client)[22m[39m [2m[console.error] [22mWarning: An update to PaymentDetails inside a test was not wrapped in act(...).

When testing, code that causes React state updates should be wrapped into act(...):

act(() => {
  /* fire events that update state */
});
/* assert on the output */

This ensures that you're testing the behavior the user would see in the browser. Learn more at https://reactjs.org/link/wrap-tests-with-act
    at PaymentDetails (http://localhost:63316/ClientApp/src/routes/acceptQuote/paymentDetails.tsx:21:10)
    at hookified (http://localhost:63316/node_modules/.cache/storybook/10.5.10/d089ae206bd7a58edd27e2b4d3689eedc26f6a98c46b1c5d1ba852a9c5dce8b8/sb-vitest/deps/csf-B8OjfbGV.js?v=1e677644:8281:9)
    at form
    at http://localhost:63316/node_modules/.cache/storybook/10.5.10/d089ae206bd7a58edd27e2b4d3689eedc26f6a98c46b1c5d1ba852a9c5dce8b8/sb-vitest/deps/formik.js?v=d7e89814:3385:21
    at Formik (http://localhost:63316/node_modules/.cache/storybook/10.5.10/d089ae206bd7a58edd27e2b4d3689eedc26f6a98c46b1c5d1ba852a9c5dce8b8/sb-vitest/deps/formik.js?v=d7e89814:3190:18)
    at RenderedRoute (http://localhost:63316/node_modules/.cache/storybook/10.5.10/d089ae206bd7a58edd27e2b4d3689eedc26f6a98c46b1c5d1ba852a9c5dce8b8/sb-vitest/deps/react-router.js?v=1b0d1760:4139:26)
    at RenderErrorBoundary (http://localhost:63316/node_modules/.cache/storybook/10.5.10/d089ae206bd7a58edd27e2b4d3689eedc26f6a98c46b1c5d1ba852a9c5dce8b8/sb-vitest/deps/react-router.js?v=1b0d1760:4073:3)
    at DataRoutes2 (http://localhost:63316/node_modules/.cache/storybook/10.5.10/d089ae206bd7a58edd27e2b4d3689eedc26f6a98c46b1c5d1ba852a9c5dce8b8/sb-vitest/deps/react-router.js?v=1b0d1760:4706:24)
    at Router (http://localhost:63316/node_modules/.cache/storybook/10.5.10/d089ae206bd7a58edd27e2b4d3689eedc26f6a98c46b1c5d1ba852a9c5dce8b8/sb-vitest/deps/react-router.js?v=1b0d1760:4771:29)
    at RouterProvider (http://localhost:63316/node_modules/.cache/storybook/10.5.10/d089ae206bd7a58edd27e2b4d3689eedc26f6a98c46b1c5d1ba852a9c5dce8b8/sb-vitest/deps/react-router.js?v=1b0d1760:4516:27)
    at unboundStoryFn (http://localhost:63316/node_modules/.cache/storybook/10.5.10/d089ae206bd7a58edd27e2b4d3689eedc26f6a98c46b1c5d1ba852a9c5dce8b8/sb-vitest/deps/csf-B8OjfbGV.js?v=1e677644:8788:243)
11:27:32 am [vite] [31m[2m(client)[22m[39m [2m[console.error] [22mWarning: An update to PaymentDetails inside a test was not wrapped in act(...).

When testing, code that causes React state updates should be wrapped into act(...):

act(() => {
  /* fire events that update state */
});
/* assert on the output */

This ensures that you're testing the behavior the user would see in the browser. Learn more at https://reactjs.org/link/wrap-tests-with-act
    at PaymentDetails (http://localhost:63316/ClientApp/src/routes/acceptQuote/paymentDetails.tsx:21:10)
    at hookified (http://localhost:63316/node_modules/.cache/storybook/10.5.10/d089ae206bd7a58edd27e2b4d3689eedc26f6a98c46b1c5d1ba852a9c5dce8b8/sb-vitest/deps/csf-B8OjfbGV.js?v=1e677644:8281:9)
    at form
    at http://localhost:63316/node_modules/.cache/storybook/10.5.10/d089ae206bd7a58edd27e2b4d3689eedc26f6a98c46b1c5d1ba852a9c5dce8b8/sb-vitest/deps/formik.js?v=d7e89814:3385:21
    at Formik (http://localhost:63316/node_modules/.cache/storybook/10.5.10/d089ae206bd7a58edd27e2b4d3689eedc26f6a98c46b1c5d1ba852a9c5dce8b8/sb-vitest/deps/formik.js?v=d7e89814:3190:18)
    at RenderedRoute (http://localhost:63316/node_modules/.cache/storybook/10.5.10/d089ae206bd7a58edd27e2b4d3689eedc26f6a98c46b1c5d1ba852a9c5dce8b8/sb-vitest/deps/react-router.js?v=1b0d1760:4139:26)
    at RenderErrorBoundary (http://localhost:63316/node_modules/.cache/storybook/10.5.10/d089ae206bd7a58edd27e2b4d3689eedc26f6a98c46b1c5d1ba852a9c5dce8b8/sb-vitest/deps/react-router.js?v=1b0d1760:4073:3)
    at DataRoutes2 (http://localhost:63316/node_modules/.cache/storybook/10.5.10/d089ae206bd7a58edd27e2b4d3689eedc26f6a98c46b1c5d1ba852a9c5dce8b8/sb-vitest/deps/react-router.js?v=1b0d1760:4706:24)
    at Router (http://localhost:63316/node_modules/.cache/storybook/10.5.10/d089ae206bd7a58edd27e2b4d3689eedc26f6a98c46b1c5d1ba852a9c5dce8b8/sb-vitest/deps/react-router.js?v=1b0d1760:4771:29)
    at RouterProvider (http://localhost:63316/node_modules/.cache/storybook/10.5.10/d089ae206bd7a58edd27e2b4d3689eedc26f6a98c46b1c5d1ba852a9c5dce8b8/sb-vitest/deps/react-router.js?v=1b0d1760:4516:27)
    at unboundStoryFn (http://localhost:63316/node_modules/.cache/storybook/10.5.10/d089ae206bd7a58edd27e2b4d3689eedc26f6a98c46b1c5d1ba852a9c5dce8b8/sb-vitest/deps/csf-B8OjfbGV.js?v=1e677644:8788:243)
stderr | ClientApp/src/routes/acceptQuote/AcceptQuote.stories.tsx > Payment Details Postpaid
Warning: An update to PaymentDetails inside a test was not wrapped in act(...).

When testing, code that causes React state updates should be wrapped into act(...):

act(() => {
  /* fire events that update state */
});
/* assert on the output */

This ensures that you're testing the behavior the user would see in the browser. Learn more at https://reactjs.org/link/wrap-tests-with-act
    at PaymentDetails (http://localhost:63316/ClientApp/src/routes/acceptQuote/paymentDetails.tsx:21:10)
    at hookified (http://localhost:63316/node_modules/.cache/storybook/10.5.10/d089ae206bd7a58edd27e2b4d3689eedc26f6a98c46b1c5d1ba852a9c5dce8b8/sb-vitest/deps/csf-B8OjfbGV.js?v=1e677644:8281:9)
    at form
    at http://localhost:63316/node_modules/.cache/storybook/10.5.10/d089ae206bd7a58edd27e2b4d3689eedc26f6a98c46b1c5d1ba852a9c5dce8b8/sb-vitest/deps/formik.js?v=d7e89814:3385:21
    at Formik (http://localhost:63316/node_modules/.cache/storybook/10.5.10/d089ae206bd7a58edd27e2b4d3689eedc26f6a98c46b1c5d1ba852a9c5dce8b8/sb-vitest/deps/formik.js?v=d7e89814:3190:18)
    at RenderedRoute (http://localhost:63316/node_modules/.cache/storybook/10.5.10/d089ae206bd7a58edd27e2b4d3689eedc26f6a98c46b1c5d1ba852a9c5dce8b8/sb-vitest/deps/react-router.js?v=1b0d1760:4139:26)
    at RenderErrorBoundary (http://localhost:63316/node_modules/.cache/storybook/10.5.10/d089ae206bd7a58edd27e2b4d3689eedc26f6a98c46b1c5d1ba852a9c5dce8b8/sb-vitest/deps/react-router.js?v=1b0d1760:4073:3)
    at DataRoutes2 (http://localhost:63316/node_modules/.cache/storybook/10.5.10/d089ae206bd7a58edd27e2b4d3689eedc26f6a98c46b1c5d1ba852a9c5dce8b8/sb-vitest/deps/react-router.js?v=1b0d1760:4706:24)
    at Router (http://localhost:63316/node_modules/.cache/storybook/10.5.10/d089ae206bd7a58edd27e2b4d3689eedc26f6a98c46b1c5d1ba852a9c5dce8b8/sb-vitest/deps/react-router.js?v=1b0d1760:4771:29)
    at RouterProvider (http://localhost:63316/node_modules/.cache/storybook/10.5.10/d089ae206bd7a58edd27e2b4d3689eedc26f6a98c46b1c5d1ba852a9c5dce8b8/sb-vitest/deps/react-router.js?v=1b0d1760:4516:27)
    at unboundStoryFn (http://localhost:63316/node_modules/.cache/storybook/10.5.10/d089ae206bd7a58edd27e2b4d3689eedc26f6a98c46b1c5d1ba852a9c5dce8b8/sb-vitest/deps/csf-B8OjfbGV.js?v=1e677644:8788:243)
11:27:32 am [vite] [31m[2m(client)[22m[39m [2m[console.error] [22mWarning: An update to PaymentDetails inside a test was not wrapped in act(...).

When testing, code that causes React state updates should be wrapped into act(...):

act(() => {
  /* fire events that update state */
});
/* assert on the output */

This ensures that you're testing the behavior the user would see in the browser. Learn more at https://reactjs.org/link/wrap-tests-with-act
    at PaymentDetails (http://localhost:63316/ClientApp/src/routes/acceptQuote/paymentDetails.tsx:21:10)
    at hookified (http://localhost:63316/node_modules/.cache/storybook/10.5.10/d089ae206bd7a58edd27e2b4d3689eedc26f6a98c46b1c5d1ba852a9c5dce8b8/sb-vitest/deps/csf-B8OjfbGV.js?v=1e677644:8281:9)
    at form
    at http://localhost:63316/node_modules/.cache/storybook/10.5.10/d089ae206bd7a58edd27e2b4d3689eedc26f6a98c46b1c5d1ba852a9c5dce8b8/sb-vitest/deps/formik.js?v=d7e89814:3385:21
    at Formik (http://localhost:63316/node_modules/.cache/storybook/10.5.10/d089ae206bd7a58edd27e2b4d3689eedc26f6a98c46b1c5d1ba852a9c5dce8b8/sb-vitest/deps/formik.js?v=d7e89814:3190:18)
    at RenderedRoute (http://localhost:63316/node_modules/.cache/storybook/10.5.10/d089ae206bd7a58edd27e2b4d3689eedc26f6a98c46b1c5d1ba852a9c5dce8b8/sb-vitest/deps/react-router.js?v=1b0d1760:4139:26)
    at RenderErrorBoundary (http://localhost:63316/node_modules/.cache/storybook/10.5.10/d089ae206bd7a58edd27e2b4d3689eedc26f6a98c46b1c5d1ba852a9c5dce8b8/sb-vitest/deps/react-router.js?v=1b0d1760:4073:3)
    at DataRoutes2 (http://localhost:63316/node_modules/.cache/storybook/10.5.10/d089ae206bd7a58edd27e2b4d3689eedc26f6a98c46b1c5d1ba852a9c5dce8b8/sb-vitest/deps/react-router.js?v=1b0d1760:4706:24)
    at Router (http://localhost:63316/node_modules/.cache/storybook/10.5.10/d089ae206bd7a58edd27e2b4d3689eedc26f6a98c46b1c5d1ba852a9c5dce8b8/sb-vitest/deps/react-router.js?v=1b0d1760:4771:29)
    at RouterProvider (http://localhost:63316/node_modules/.cache/storybook/10.5.10/d089ae206bd7a58edd27e2b4d3689eedc26f6a98c46b1c5d1ba852a9c5dce8b8/sb-vitest/deps/react-router.js?v=1b0d1760:4516:27)
    at unboundStoryFn (http://localhost:63316/node_modules/.cache/storybook/10.5.10/d089ae206bd7a58edd27e2b4d3689eedc26f6a98c46b1c5d1ba852a9c5dce8b8/sb-vitest/deps/csf-B8OjfbGV.js?v=1e677644:8788:243)
11:27:32 am [vite] [31m[2m(client)[22m[39m [2m[console.error] [22mWarning: An update to PaymentDetails inside a test was not wrapped in act(...).

When testing, code that causes React state updates should be wrapped into act(...):

act(() => {
  /* fire events that update state */
});
/* assert on the output */

This ensures that you're testing the behavior the user would see in the browser. Learn more at https://reactjs.org/link/wrap-tests-with-act
    at PaymentDetails (http://localhost:63316/ClientApp/src/routes/acceptQuote/paymentDetails.tsx:21:10)
    at hookified (http://localhost:63316/node_modules/.cache/storybook/10.5.10/d089ae206bd7a58edd27e2b4d3689eedc26f6a98c46b1c5d1ba852a9c5dce8b8/sb-vitest/deps/csf-B8OjfbGV.js?v=1e677644:8281:9)
    at form
    at http://localhost:63316/node_modules/.cache/storybook/10.5.10/d089ae206bd7a58edd27e2b4d3689eedc26f6a98c46b1c5d1ba852a9c5dce8b8/sb-vitest/deps/formik.js?v=d7e89814:3385:21
    at Formik (http://localhost:63316/node_modules/.cache/storybook/10.5.10/d089ae206bd7a58edd27e2b4d3689eedc26f6a98c46b1c5d1ba852a9c5dce8b8/sb-vitest/deps/formik.js?v=d7e89814:3190:18)
    at RenderedRoute (http://localhost:63316/node_modules/.cache/storybook/10.5.10/d089ae206bd7a58edd27e2b4d3689eedc26f6a98c46b1c5d1ba852a9c5dce8b8/sb-vitest/deps/react-router.js?v=1b0d1760:4139:26)
    at RenderErrorBoundary (http://localhost:63316/node_modules/.cache/storybook/10.5.10/d089ae206bd7a58edd27e2b4d3689eedc26f6a98c46b1c5d1ba852a9c5dce8b8/sb-vitest/deps/react-router.js?v=1b0d1760:4073:3)
    at DataRoutes2 (http://localhost:63316/node_modules/.cache/storybook/10.5.10/d089ae206bd7a58edd27e2b4d3689eedc26f6a98c46b1c5d1ba852a9c5dce8b8/sb-vitest/deps/react-router.js?v=1b0d1760:4706:24)
    at Router (http://localhost:63316/node_modules/.cache/storybook/10.5.10/d089ae206bd7a58edd27e2b4d3689eedc26f6a98c46b1c5d1ba852a9c5dce8b8/sb-vitest/deps/react-router.js?v=1b0d1760:4771:29)
    at RouterProvider (http://localhost:63316/node_modules/.cache/storybook/10.5.10/d089ae206bd7a58edd27e2b4d3689eedc26f6a98c46b1c5d1ba852a9c5dce8b8/sb-vitest/deps/react-router.js?v=1b0d1760:4516:27)
    at unboundStoryFn (http://localhost:63316/node_modules/.cache/storybook/10.5.10/d089ae206bd7a58edd27e2b4d3689eedc26f6a98c46b1c5d1ba852a9c5dce8b8/sb-vitest/deps/csf-B8OjfbGV.js?v=1e677644:8788:243)
stderr | ClientApp/src/routes/acceptQuote/AcceptQuote.stories.tsx > Delivery And Return Step
Warning: An update to PaymentDetails inside a test was not wrapped in act(...).

When testing, code that causes React state updates should be wrapped into act(...):

act(() => {
  /* fire events that update state */
});
/* assert on the output */

This ensures that you're testing the behavior the user would see in the browser. Learn more at https://reactjs.org/link/wrap-tests-with-act
    at PaymentDetails (http://localhost:63316/ClientApp/src/routes/acceptQuote/paymentDetails.tsx:21:10)
    at hookified (http://localhost:63316/node_modules/.cache/storybook/10.5.10/d089ae206bd7a58edd27e2b4d3689eedc26f6a98c46b1c5d1ba852a9c5dce8b8/sb-vitest/deps/csf-B8OjfbGV.js?v=1e677644:8281:9)
    at form
    at http://localhost:63316/node_modules/.cache/storybook/10.5.10/d089ae206bd7a58edd27e2b4d3689eedc26f6a98c46b1c5d1ba852a9c5dce8b8/sb-vitest/deps/formik.js?v=d7e89814:3385:21
    at Formik (http://localhost:63316/node_modules/.cache/storybook/10.5.10/d089ae206bd7a58edd27e2b4d3689eedc26f6a98c46b1c5d1ba852a9c5dce8b8/sb-vitest/deps/formik.js?v=d7e89814:3190:18)
    at RenderedRoute (http://localhost:63316/node_modules/.cache/storybook/10.5.10/d089ae206bd7a58edd27e2b4d3689eedc26f6a98c46b1c5d1ba852a9c5dce8b8/sb-vitest/deps/react-router.js?v=1b0d1760:4139:26)
    at RenderErrorBoundary (http://localhost:63316/node_modules/.cache/storybook/10.5.10/d089ae206bd7a58edd27e2b4d3689eedc26f6a98c46b1c5d1ba852a9c5dce8b8/sb-vitest/deps/react-router.js?v=1b0d1760:4073:3)
    at DataRoutes2 (http://localhost:63316/node_modules/.cache/storybook/10.5.10/d089ae206bd7a58edd27e2b4d3689eedc26f6a98c46b1c5d1ba852a9c5dce8b8/sb-vitest/deps/react-router.js?v=1b0d1760:4706:24)
    at Router (http://localhost:63316/node_modules/.cache/storybook/10.5.10/d089ae206bd7a58edd27e2b4d3689eedc26f6a98c46b1c5d1ba852a9c5dce8b8/sb-vitest/deps/react-router.js?v=1b0d1760:4771:29)
    at RouterProvider (http://localhost:63316/node_modules/.cache/storybook/10.5.10/d089ae206bd7a58edd27e2b4d3689eedc26f6a98c46b1c5d1ba852a9c5dce8b8/sb-vitest/deps/react-router.js?v=1b0d1760:4516:27)
    at unboundStoryFn (http://localhost:63316/node_modules/.cache/storybook/10.5.10/d089ae206bd7a58edd27e2b4d3689eedc26f6a98c46b1c5d1ba852a9c5dce8b8/sb-vitest/deps/csf-B8OjfbGV.js?v=1e677644:8788:243)
stderr | ClientApp/src/routes/acceptQuote/AcceptQuote.stories.tsx > Delivery And Return Step
Warning: An update to PaymentDetails inside a test was not wrapped in act(...).

When testing, code that causes React state updates should be wrapped into act(...):

act(() => {
  /* fire events that update state */
});
/* assert on the output */

This ensures that you're testing the behavior the user would see in the browser. Learn more at https://reactjs.org/link/wrap-tests-with-act
    at PaymentDetails (http://localhost:63316/ClientApp/src/routes/acceptQuote/paymentDetails.tsx:21:10)
    at hookified (http://localhost:63316/node_modules/.cache/storybook/10.5.10/d089ae206bd7a58edd27e2b4d3689eedc26f6a98c46b1c5d1ba852a9c5dce8b8/sb-vitest/deps/csf-B8OjfbGV.js?v=1e677644:8281:9)
    at form
    at http://localhost:63316/node_modules/.cache/storybook/10.5.10/d089ae206bd7a58edd27e2b4d3689eedc26f6a98c46b1c5d1ba852a9c5dce8b8/sb-vitest/deps/formik.js?v=d7e89814:3385:21
    at Formik (http://localhost:63316/node_modules/.cache/storybook/10.5.10/d089ae206bd7a58edd27e2b4d3689eedc26f6a98c46b1c5d1ba852a9c5dce8b8/sb-vitest/deps/formik.js?v=d7e89814:3190:18)
    at RenderedRoute (http://localhost:63316/node_modules/.cache/storybook/10.5.10/d089ae206bd7a58edd27e2b4d3689eedc26f6a98c46b1c5d1ba852a9c5dce8b8/sb-vitest/deps/react-router.js?v=1b0d1760:4139:26)
    at RenderErrorBoundary (http://localhost:63316/node_modules/.cache/storybook/10.5.10/d089ae206bd7a58edd27e2b4d3689eedc26f6a98c46b1c5d1ba852a9c5dce8b8/sb-vitest/deps/react-router.js?v=1b0d1760:4073:3)
    at DataRoutes2 (http://localhost:63316/node_modules/.cache/storybook/10.5.10/d089ae206bd7a58edd27e2b4d3689eedc26f6a98c46b1c5d1ba852a9c5dce8b8/sb-vitest/deps/react-router.js?v=1b0d1760:4706:24)
    at Router (http://localhost:63316/node_modules/.cache/storybook/10.5.10/d089ae206bd7a58edd27e2b4d3689eedc26f6a98c46b1c5d1ba852a9c5dce8b8/sb-vitest/deps/react-router.js?v=1b0d1760:4771:29)
    at RouterProvider (http://localhost:63316/node_modules/.cache/storybook/10.5.10/d089ae206bd7a58edd27e2b4d3689eedc26f6a98c46b1c5d1ba852a9c5dce8b8/sb-vitest/deps/react-router.js?v=1b0d1760:4516:27)
    at unboundStoryFn (http://localhost:63316/node_modules/.cache/storybook/10.5.10/d089ae206bd7a58edd27e2b4d3689eedc26f6a98c46b1c5d1ba852a9c5dce8b8/sb-vitest/deps/csf-B8OjfbGV.js?v=1e677644:8788:243)
11:27:32 am [vite] [31m[2m(client)[22m[39m [2m[console.error] [22mWarning: An update to $dbdc5e6e7ce01b4b$var$ComboBoxInner inside a test was not wrapped in act(...).

When testing, code that causes React state updates should be wrapped into act(...):

act(() => {
  /* fire events that update state */
});
/* assert on the output */

This ensures that you're testing the behavior the user would see in the browser. Learn more at https://reactjs.org/link/wrap-tests-with-act
    at $dbdc5e6e7ce01b4b$var$ComboBoxInner (http://localhost:63316/node_modules/.cache/storybook/10.5.10/d089ae206bd7a58edd27e2b4d3689eedc26f6a98c46b1c5d1ba852a9c5dce8b8/sb-vitest/deps/ComboBox-ibQmNIIj.js?v=1e677644:4656:48)
    at $42ceafc619f9c3ba$var$CollectionInner (http://localhost:63316/node_modules/.cache/storybook/10.5.10/d089ae206bd7a58edd27e2b4d3689eedc26f6a98c46b1c5d1ba852a9c5dce8b8/sb-vitest/deps/Collection-B9ePPz5R.js?v=1e677644:710:50)
    at $42ceafc619f9c3ba$export$bf788dd355e3a401 (http://localhost:63316/node_modules/.cache/storybook/10.5.10/d089ae206bd7a58edd27e2b4d3689eedc26f6a98c46b1c5d1ba852a9c5dce8b8/sb-vitest/deps/Collection-B9ePPz5R.js?v=1e677644:703:34)
    at Wrapper (http://localhost:63316/node_modules/.cache/storybook/10.5.10/d089ae206bd7a58edd27e2b4d3689eedc26f6a98c46b1c5d1ba852a9c5dce8b8/sb-vitest/deps/Hidden-CqdvWE-W.js?v=1e677644:159:35)
    at div
    at AutoSuggestContainer (http://localhost:63316/ClientApp/src/components/Inputs/AutoSuggest/AutoSuggestContainer.tsx:22:10)
    at AutoSuggest (http://localhost:63316/ClientApp/src/components/Inputs/AutoSuggest/index.tsx:6:10)
    at div
    at http://localhost:63316/node_modules/.cache/storybook/10.5.10/d089ae206bd7a58edd27e2b4d3689eedc26f6a98c46b1c5d1ba852a9c5dce8b8/sb-vitest/deps/Form-Bhe6QYJ3.js?v=1e677644:208:58
    at fieldset
    at AddressLookup (http://localhost:63316/ClientApp/src/components/Inputs/AddressLookup/index.tsx:32:10)
    at div
    at HidableField (http://localhost:63316/ClientApp/src/components/forms/HidableField/index.tsx:7:41)
    at div
    at http://localhost:63316/node_modules/.cache/storybook/10.5.10/d089ae206bd7a58edd27e2b4d3689eedc26f6a98c46b1c5d1ba852a9c5dce8b8/sb-vitest/deps/react-bootstrap_Row.js?v=2da325ed:10:52
    at DeliveryAndReturn (http://localhost:63316/ClientApp/src/routes/acceptQuote/deliveryAndReturn.tsx:29:10)
    at hookified (http://localhost:63316/node_modules/.cache/storybook/10.5.10/d089ae206bd7a58edd27e2b4d3689eedc26f6a98c46b1c5d1ba852a9c5dce8b8/sb-vitest/deps/csf-B8OjfbGV.js?v=1e677644:8281:9)
    at form
    at http://localhost:63316/node_modules/.cache/storybook/10.5.10/d089ae206bd7a58edd27e2b4d3689eedc26f6a98c46b1c5d1ba852a9c5dce8b8/sb-vitest/deps/formik.js?v=d7e89814:3385:21
    at Formik (http://localhost:63316/node_modules/.cache/storybook/10.5.10/d089ae206bd7a58edd27e2b4d3689eedc26f6a98c46b1c5d1ba852a9c5dce8b8/sb-vitest/deps/formik.js?v=d7e89814:3190:18)
    at RenderedRoute (http://localhost:63316/node_modules/.cache/storybook/10.5.10/d089ae206bd7a58edd27e2b4d3689eedc26f6a98c46b1c5d1ba852a9c5dce8b8/sb-vitest/deps/react-router.js?v=1b0d1760:4139:26)
    at RenderErrorBoundary (http://localhost:63316/node_modules/.cache/storybook/10.5.10/d089ae206bd7a58edd27e2b4d3689eedc26f6a98c46b1c5d1ba852a9c5dce8b8/sb-vitest/deps/react-router.js?v=1b0d1760:4073:3)
    at DataRoutes2 (http://localhost:63316/node_modules/.cache/storybook/10.5.10/d089ae206bd7a58edd27e2b4d3689eedc26f6a98c46b1c5d1ba852a9c5dce8b8/sb-vitest/deps/react-router.js?v=1b0d1760:4706:24)
    at Router (http://localhost:63316/node_modules/.cache/storybook/10.5.10/d089ae206bd7a58edd27e2b4d3689eedc26f6a98c46b1c5d1ba852a9c5dce8b8/sb-vitest/deps/react-router.js?v=1b0d1760:4771:29)
    at RouterProvider (http://localhost:63316/node_modules/.cache/storybook/10.5.10/d089ae206bd7a58edd27e2b4d3689eedc26f6a98c46b1c5d1ba852a9c5dce8b8/sb-vitest/deps/react-router.js?v=1b0d1760:4516:27)
    at unboundStoryFn (http://localhost:63316/node_modules/.cache/storybook/10.5.10/d089ae206bd7a58edd27e2b4d3689eedc26f6a98c46b1c5d1ba852a9c5dce8b8/sb-vitest/deps/csf-B8OjfbGV.js?v=1e677644:8788:243)
stderr | ClientApp/src/routes/acceptQuote/AcceptQuote.stories.tsx > Delivery And Return Step
Warning: An update to $dbdc5e6e7ce01b4b$var$ComboBoxInner inside a test was not wrapped in act(...).

When testing, code that causes React state updates should be wrapped into act(...):

act(() => {
  /* fire events that update state */
});
/* assert on the output */

This ensures that you're testing the behavior the user would see in the browser. Learn more at https://reactjs.org/link/wrap-tests-with-act
    at $dbdc5e6e7ce01b4b$var$ComboBoxInner (http://localhost:63316/node_modules/.cache/storybook/10.5.10/d089ae206bd7a58edd27e2b4d3689eedc26f6a98c46b1c5d1ba852a9c5dce8b8/sb-vitest/deps/ComboBox-ibQmNIIj.js?v=1e677644:4656:48)
    at $42ceafc619f9c3ba$var$CollectionInner (http://localhost:63316/node_modules/.cache/storybook/10.5.10/d089ae206bd7a58edd27e2b4d3689eedc26f6a98c46b1c5d1ba852a9c5dce8b8/sb-vitest/deps/Collection-B9ePPz5R.js?v=1e677644:710:50)
    at $42ceafc619f9c3ba$export$bf788dd355e3a401 (http://localhost:63316/node_modules/.cache/storybook/10.5.10/d089ae206bd7a58edd27e2b4d3689eedc26f6a98c46b1c5d1ba852a9c5dce8b8/sb-vitest/deps/Collection-B9ePPz5R.js?v=1e677644:703:34)
    at Wrapper (http://localhost:63316/node_modules/.cache/storybook/10.5.10/d089ae206bd7a58edd27e2b4d3689eedc26f6a98c46b1c5d1ba852a9c5dce8b8/sb-vitest/deps/Hidden-CqdvWE-W.js?v=1e677644:159:35)
    at div
    at AutoSuggestContainer (http://localhost:63316/ClientApp/src/components/Inputs/AutoSuggest/AutoSuggestContainer.tsx:22:10)
    at AutoSuggest (http://localhost:63316/ClientApp/src/components/Inputs/AutoSuggest/index.tsx:6:10)
    at div
    at http://localhost:63316/node_modules/.cache/storybook/10.5.10/d089ae206bd7a58edd27e2b4d3689eedc26f6a98c46b1c5d1ba852a9c5dce8b8/sb-vitest/deps/Form-Bhe6QYJ3.js?v=1e677644:208:58
    at fieldset
    at AddressLookup (http://localhost:63316/ClientApp/src/components/Inputs/AddressLookup/index.tsx:32:10)
    at div
    at HidableField (http://localhost:63316/ClientApp/src/components/forms/HidableField/index.tsx:7:41)
    at div
    at http://localhost:63316/node_modules/.cache/storybook/10.5.10/d089ae206bd7a58edd27e2b4d3689eedc26f6a98c46b1c5d1ba852a9c5dce8b8/sb-vitest/deps/react-bootstrap_Row.js?v=2da325ed:10:52
    at DeliveryAndReturn (http://localhost:63316/ClientApp/src/routes/acceptQuote/deliveryAndReturn.tsx:29:10)
    at hookified (http://localhost:63316/node_modules/.cache/storybook/10.5.10/d089ae206bd7a58edd27e2b4d3689eedc26f6a98c46b1c5d1ba852a9c5dce8b8/sb-vitest/deps/csf-B8OjfbGV.js?v=1e677644:8281:9)
    at form
    at http://localhost:63316/node_modules/.cache/storybook/10.5.10/d089ae206bd7a58edd27e2b4d3689eedc26f6a98c46b1c5d1ba852a9c5dce8b8/sb-vitest/deps/formik.js?v=d7e89814:3385:21
    at Formik (http://localhost:63316/node_modules/.cache/storybook/10.5.10/d089ae206bd7a58edd27e2b4d3689eedc26f6a98c46b1c5d1ba852a9c5dce8b8/sb-vitest/deps/formik.js?v=d7e89814:3190:18)
    at RenderedRoute (http://localhost:63316/node_modules/.cache/storybook/10.5.10/d089ae206bd7a58edd27e2b4d3689eedc26f6a98c46b1c5d1ba852a9c5dce8b8/sb-vitest/deps/react-router.js?v=1b0d1760:4139:26)
    at RenderErrorBoundary (http://localhost:63316/node_modules/.cache/storybook/10.5.10/d089ae206bd7a58edd27e2b4d3689eedc26f6a98c46b1c5d1ba852a9c5dce8b8/sb-vitest/deps/react-router.js?v=1b0d1760:4073:3)
    at DataRoutes2 (http://localhost:63316/node_modules/.cache/storybook/10.5.10/d089ae206bd7a58edd27e2b4d3689eedc26f6a98c46b1c5d1ba852a9c5dce8b8/sb-vitest/deps/react-router.js?v=1b0d1760:4706:24)
    at Router (http://localhost:63316/node_modules/.cache/storybook/10.5.10/d089ae206bd7a58edd27e2b4d3689eedc26f6a98c46b1c5d1ba852a9c5dce8b8/sb-vitest/deps/react-router.js?v=1b0d1760:4771:29)
    at RouterProvider (http://localhost:63316/node_modules/.cache/storybook/10.5.10/d089ae206bd7a58edd27e2b4d3689eedc26f6a98c46b1c5d1ba852a9c5dce8b8/sb-vitest/deps/react-router.js?v=1b0d1760:4516:27)
    at unboundStoryFn (http://localhost:63316/node_modules/.cache/storybook/10.5.10/d089ae206bd7a58edd27e2b4d3689eedc26f6a98c46b1c5d1ba852a9c5dce8b8/sb-vitest/deps/csf-B8OjfbGV.js?v=1e677644:8788:243)
11:27:32 am [vite] [31m[2m(client)[22m[39m [2m[console.error] [22mWarning: An update to DeliveryAndReturn inside a test was not wrapped in act(...).

When testing, code that causes React state updates should be wrapped into act(...):

act(() => {
  /* fire events that update state */
});
/* assert on the output */

This ensures that you're testing the behavior the user would see in the browser. Learn more at https://reactjs.org/link/wrap-tests-with-act
    at DeliveryAndReturn (http://localhost:63316/ClientApp/src/routes/acceptQuote/deliveryAndReturn.tsx:29:10)
    at hookified (http://localhost:63316/node_modules/.cache/storybook/10.5.10/d089ae206bd7a58edd27e2b4d3689eedc26f6a98c46b1c5d1ba852a9c5dce8b8/sb-vitest/deps/csf-B8OjfbGV.js?v=1e677644:8281:9)
    at form
    at http://localhost:63316/node_modules/.cache/storybook/10.5.10/d089ae206bd7a58edd27e2b4d3689eedc26f6a98c46b1c5d1ba852a9c5dce8b8/sb-vitest/deps/formik.js?v=d7e89814:3385:21
    at Formik (http://localhost:63316/node_modules/.cache/storybook/10.5.10/d089ae206bd7a58edd27e2b4d3689eedc26f6a98c46b1c5d1ba852a9c5dce8b8/sb-vitest/deps/formik.js?v=d7e89814:3190:18)
    at RenderedRoute (http://localhost:63316/node_modules/.cache/storybook/10.5.10/d089ae206bd7a58edd27e2b4d3689eedc26f6a98c46b1c5d1ba852a9c5dce8b8/sb-vitest/deps/react-router.js?v=1b0d1760:4139:26)
    at RenderErrorBoundary (http://localhost:63316/node_modules/.cache/storybook/10.5.10/d089ae206bd7a58edd27e2b4d3689eedc26f6a98c46b1c5d1ba852a9c5dce8b8/sb-vitest/deps/react-router.js?v=1b0d1760:4073:3)
    at DataRoutes2 (http://localhost:63316/node_modules/.cache/storybook/10.5.10/d089ae206bd7a58edd27e2b4d3689eedc26f6a98c46b1c5d1ba852a9c5dce8b8/sb-vitest/deps/react-router.js?v=1b0d1760:4706:24)
    at Router (http://localhost:63316/node_modules/.cache/storybook/10.5.10/d089ae206bd7a58edd27e2b4d3689eedc26f6a98c46b1c5d1ba852a9c5dce8b8/sb-vitest/deps/react-router.js?v=1b0d1760:4771:29)
    at RouterProvider (http://localhost:63316/node_modules/.cache/storybook/10.5.10/d089ae206bd7a58edd27e2b4d3689eedc26f6a98c46b1c5d1ba852a9c5dce8b8/sb-vitest/deps/react-router.js?v=1b0d1760:4516:27)
    at unboundStoryFn (http://localhost:63316/node_modules/.cache/storybook/10.5.10/d089ae206bd7a58edd27e2b4d3689eedc26f6a98c46b1c5d1ba852a9c5dce8b8/sb-vitest/deps/csf-B8OjfbGV.js?v=1e677644:8788:243)
11:27:32 am [vite] [31m[2m(client)[22m[39m [2m[console.error] [22mWarning: An update to DeliveryAndReturn inside a test was not wrapped in act(...).

When testing, code that causes React state updates should be wrapped into act(...):

act(() => {
  /* fire events that update state */
});
/* assert on the output */

This ensures that you're testing the behavior the user would see in the browser. Learn more at https://reactjs.org/link/wrap-tests-with-act
    at DeliveryAndReturn (http://localhost:63316/ClientApp/src/routes/acceptQuote/deliveryAndReturn.tsx:29:10)
    at hookified (http://localhost:63316/node_modules/.cache/storybook/10.5.10/d089ae206bd7a58edd27e2b4d3689eedc26f6a98c46b1c5d1ba852a9c5dce8b8/sb-vitest/deps/csf-B8OjfbGV.js?v=1e677644:8281:9)
    at form
    at http://localhost:63316/node_modules/.cache/storybook/10.5.10/d089ae206bd7a58edd27e2b4d3689eedc26f6a98c46b1c5d1ba852a9c5dce8b8/sb-vitest/deps/formik.js?v=d7e89814:3385:21
    at Formik (http://localhost:63316/node_modules/.cache/storybook/10.5.10/d089ae206bd7a58edd27e2b4d3689eedc26f6a98c46b1c5d1ba852a9c5dce8b8/sb-vitest/deps/formik.js?v=d7e89814:3190:18)
    at RenderedRoute (http://localhost:63316/node_modules/.cache/storybook/10.5.10/d089ae206bd7a58edd27e2b4d3689eedc26f6a98c46b1c5d1ba852a9c5dce8b8/sb-vitest/deps/react-router.js?v=1b0d1760:4139:26)
    at RenderErrorBoundary (http://localhost:63316/node_modules/.cache/storybook/10.5.10/d089ae206bd7a58edd27e2b4d3689eedc26f6a98c46b1c5d1ba852a9c5dce8b8/sb-vitest/deps/react-router.js?v=1b0d1760:4073:3)
    at DataRoutes2 (http://localhost:63316/node_modules/.cache/storybook/10.5.10/d089ae206bd7a58edd27e2b4d3689eedc26f6a98c46b1c5d1ba852a9c5dce8b8/sb-vitest/deps/react-router.js?v=1b0d1760:4706:24)
    at Router (http://localhost:63316/node_modules/.cache/storybook/10.5.10/d089ae206bd7a58edd27e2b4d3689eedc26f6a98c46b1c5d1ba852a9c5dce8b8/sb-vitest/deps/react-router.js?v=1b0d1760:4771:29)
    at RouterProvider (http://localhost:63316/node_modules/.cache/storybook/10.5.10/d089ae206bd7a58edd27e2b4d3689eedc26f6a98c46b1c5d1ba852a9c5dce8b8/sb-vitest/deps/react-router.js?v=1b0d1760:4516:27)
    at unboundStoryFn (http://localhost:63316/node_modules/.cache/storybook/10.5.10/d089ae206bd7a58edd27e2b4d3689eedc26f6a98c46b1c5d1ba852a9c5dce8b8/sb-vitest/deps/csf-B8OjfbGV.js?v=1e677644:8788:243)
stderr | ClientApp/src/routes/acceptQuote/AcceptQuote.stories.tsx > Quotation Summary Step
Warning: An update to DeliveryAndReturn inside a test was not wrapped in act(...).

When testing, code that causes React state updates should be wrapped into act(...):

act(() => {
  /* fire events that update state */
});
/* assert on the output */

This ensures that you're testing the behavior the user would see in the browser. Learn more at https://reactjs.org/link/wrap-tests-with-act
    at DeliveryAndReturn (http://localhost:63316/ClientApp/src/routes/acceptQuote/deliveryAndReturn.tsx:29:10)
    at hookified (http://localhost:63316/node_modules/.cache/storybook/10.5.10/d089ae206bd7a58edd27e2b4d3689eedc26f6a98c46b1c5d1ba852a9c5dce8b8/sb-vitest/deps/csf-B8OjfbGV.js?v=1e677644:8281:9)
    at form
    at http://localhost:63316/node_modules/.cache/storybook/10.5.10/d089ae206bd7a58edd27e2b4d3689eedc26f6a98c46b1c5d1ba852a9c5dce8b8/sb-vitest/deps/formik.js?v=d7e89814:3385:21
    at Formik (http://localhost:63316/node_modules/.cache/storybook/10.5.10/d089ae206bd7a58edd27e2b4d3689eedc26f6a98c46b1c5d1ba852a9c5dce8b8/sb-vitest/deps/formik.js?v=d7e89814:3190:18)
    at RenderedRoute (http://localhost:63316/node_modules/.cache/storybook/10.5.10/d089ae206bd7a58edd27e2b4d3689eedc26f6a98c46b1c5d1ba852a9c5dce8b8/sb-vitest/deps/react-router.js?v=1b0d1760:4139:26)
    at RenderErrorBoundary (http://localhost:63316/node_modules/.cache/storybook/10.5.10/d089ae206bd7a58edd27e2b4d3689eedc26f6a98c46b1c5d1ba852a9c5dce8b8/sb-vitest/deps/react-router.js?v=1b0d1760:4073:3)
    at DataRoutes2 (http://localhost:63316/node_modules/.cache/storybook/10.5.10/d089ae206bd7a58edd27e2b4d3689eedc26f6a98c46b1c5d1ba852a9c5dce8b8/sb-vitest/deps/react-router.js?v=1b0d1760:4706:24)
    at Router (http://localhost:63316/node_modules/.cache/storybook/10.5.10/d089ae206bd7a58edd27e2b4d3689eedc26f6a98c46b1c5d1ba852a9c5dce8b8/sb-vitest/deps/react-router.js?v=1b0d1760:4771:29)
    at RouterProvider (http://localhost:63316/node_modules/.cache/storybook/10.5.10/d089ae206bd7a58edd27e2b4d3689eedc26f6a98c46b1c5d1ba852a9c5dce8b8/sb-vitest/deps/react-router.js?v=1b0d1760:4516:27)
    at unboundStoryFn (http://localhost:63316/node_modules/.cache/storybook/10.5.10/d089ae206bd7a58edd27e2b4d3689eedc26f6a98c46b1c5d1ba852a9c5dce8b8/sb-vitest/deps/csf-B8OjfbGV.js?v=1e677644:8788:243)
stderr | ClientApp/src/routes/acceptQuote/AcceptQuote.stories.tsx > Quotation Summary Step
Warning: An update to DeliveryAndReturn inside a test was not wrapped in act(...).

When testing, code that causes React state updates should be wrapped into act(...):

act(() => {
  /* fire events that update state */
});
/* assert on the output */

This ensures that you're testing the behavior the user would see in the browser. Learn more at https://reactjs.org/link/wrap-tests-with-act
    at DeliveryAndReturn (http://localhost:63316/ClientApp/src/routes/acceptQuote/deliveryAndReturn.tsx:29:10)
    at hookified (http://localhost:63316/node_modules/.cache/storybook/10.5.10/d089ae206bd7a58edd27e2b4d3689eedc26f6a98c46b1c5d1ba852a9c5dce8b8/sb-vitest/deps/csf-B8OjfbGV.js?v=1e677644:8281:9)
    at form
    at http://localhost:63316/node_modules/.cache/storybook/10.5.10/d089ae206bd7a58edd27e2b4d3689eedc26f6a98c46b1c5d1ba852a9c5dce8b8/sb-vitest/deps/formik.js?v=d7e89814:3385:21
    at Formik (http://localhost:63316/node_modules/.cache/storybook/10.5.10/d089ae206bd7a58edd27e2b4d3689eedc26f6a98c46b1c5d1ba852a9c5dce8b8/sb-vitest/deps/formik.js?v=d7e89814:3190:18)
    at RenderedRoute (http://localhost:63316/node_modules/.cache/storybook/10.5.10/d089ae206bd7a58edd27e2b4d3689eedc26f6a98c46b1c5d1ba852a9c5dce8b8/sb-vitest/deps/react-router.js?v=1b0d1760:4139:26)
    at RenderErrorBoundary (http://localhost:63316/node_modules/.cache/storybook/10.5.10/d089ae206bd7a58edd27e2b4d3689eedc26f6a98c46b1c5d1ba852a9c5dce8b8/sb-vitest/deps/react-router.js?v=1b0d1760:4073:3)
    at DataRoutes2 (http://localhost:63316/node_modules/.cache/storybook/10.5.10/d089ae206bd7a58edd27e2b4d3689eedc26f6a98c46b1c5d1ba852a9c5dce8b8/sb-vitest/deps/react-router.js?v=1b0d1760:4706:24)
    at Router (http://localhost:63316/node_modules/.cache/storybook/10.5.10/d089ae206bd7a58edd27e2b4d3689eedc26f6a98c46b1c5d1ba852a9c5dce8b8/sb-vitest/deps/react-router.js?v=1b0d1760:4771:29)
    at RouterProvider (http://localhost:63316/node_modules/.cache/storybook/10.5.10/d089ae206bd7a58edd27e2b4d3689eedc26f6a98c46b1c5d1ba852a9c5dce8b8/sb-vitest/deps/react-router.js?v=1b0d1760:4516:27)
    at unboundStoryFn (http://localhost:63316/node_modules/.cache/storybook/10.5.10/d089ae206bd7a58edd27e2b4d3689eedc26f6a98c46b1c5d1ba852a9c5dce8b8/sb-vitest/deps/csf-B8OjfbGV.js?v=1e677644:8788:243)
stderr | ClientApp/src/routes/acceptQuote/AcceptQuote.stories.tsx > Quotation Summary Step
Warning: An update to DeliveryAndReturn inside a test was not wrapped in act(...).

When testing, code that causes React state updates should be wrapped into act(...):

act(() => {
  /* fire events that update state */
});
/* assert on the output */

This ensures that you're testing the behavior the user would see in the browser. Learn more at https://reactjs.org/link/wrap-tests-with-act
    at DeliveryAndReturn (http://localhost:63316/ClientApp/src/routes/acceptQuote/deliveryAndReturn.tsx:29:10)
    at hookified (http://localhost:63316/node_modules/.cache/storybook/10.5.10/d089ae206bd7a58edd27e2b4d3689eedc26f6a98c46b1c5d1ba852a9c5dce8b8/sb-vitest/deps/csf-B8OjfbGV.js?v=1e677644:8281:9)
    at form
    at http://localhost:63316/node_modules/.cache/storybook/10.5.10/d089ae206bd7a58edd27e2b4d3689eedc26f6a98c46b1c5d1ba852a9c5dce8b8/sb-vitest/deps/formik.js?v=d7e89814:3385:21
    at Formik (http://localhost:63316/node_modules/.cache/storybook/10.5.10/d089ae206bd7a58edd27e2b4d3689eedc26f6a98c46b1c5d1ba852a9c5dce8b8/sb-vitest/deps/formik.js?v=d7e89814:3190:18)
    at RenderedRoute (http://localhost:63316/node_modules/.cache/storybook/10.5.10/d089ae206bd7a58edd27e2b4d3689eedc26f6a98c46b1c5d1ba852a9c5dce8b8/sb-vitest/deps/react-router.js?v=1b0d1760:4139:26)
    at RenderErrorBoundary (http://localhost:63316/node_modules/.cache/storybook/10.5.10/d089ae206bd7a58edd27e2b4d3689eedc26f6a98c46b1c5d1ba852a9c5dce8b8/sb-vitest/deps/react-router.js?v=1b0d1760:4073:3)
    at DataRoutes2 (http://localhost:63316/node_modules/.cache/storybook/10.5.10/d089ae206bd7a58edd27e2b4d3689eedc26f6a98c46b1c5d1ba852a9c5dce8b8/sb-vitest/deps/react-router.js?v=1b0d1760:4706:24)
    at Router (http://localhost:63316/node_modules/.cache/storybook/10.5.10/d089ae206bd7a58edd27e2b4d3689eedc26f6a98c46b1c5d1ba852a9c5dce8b8/sb-vitest/deps/react-router.js?v=1b0d1760:4771:29)
    at RouterProvider (http://localhost:63316/node_modules/.cache/storybook/10.5.10/d089ae206bd7a58edd27e2b4d3689eedc26f6a98c46b1c5d1ba852a9c5dce8b8/sb-vitest/deps/react-router.js?v=1b0d1760:4516:27)
    at unboundStoryFn (http://localhost:63316/node_modules/.cache/storybook/10.5.10/d089ae206bd7a58edd27e2b4d3689eedc26f6a98c46b1c5d1ba852a9c5dce8b8/sb-vitest/deps/csf-B8OjfbGV.js?v=1e677644:8788:243)
stderr | ClientApp/src/routes/acceptQuote/AcceptQuote.stories.tsx > Quotation Summary Step
Warning: An update to DeliveryAndReturn inside a test was not wrapped in act(...).

When testing, code that causes React state updates should be wrapped into act(...):

act(() => {
  /* fire events that update state */
});
/* assert on the output */

This ensures that you're testing the behavior the user would see in the browser. Learn more at https://reactjs.org/link/wrap-tests-with-act
    at DeliveryAndReturn (http://localhost:63316/ClientApp/src/routes/acceptQuote/deliveryAndReturn.tsx:29:10)
    at hookified (http://localhost:63316/node_modules/.cache/storybook/10.5.10/d089ae206bd7a58edd27e2b4d3689eedc26f6a98c46b1c5d1ba852a9c5dce8b8/sb-vitest/deps/csf-B8OjfbGV.js?v=1e677644:8281:9)
    at form
    at http://localhost:63316/node_modules/.cache/storybook/10.5.10/d089ae206bd7a58edd27e2b4d3689eedc26f6a98c46b1c5d1ba852a9c5dce8b8/sb-vitest/deps/formik.js?v=d7e89814:3385:21
    at Formik (http://localhost:63316/node_modules/.cache/storybook/10.5.10/d089ae206bd7a58edd27e2b4d3689eedc26f6a98c46b1c5d1ba852a9c5dce8b8/sb-vitest/deps/formik.js?v=d7e89814:3190:18)
    at RenderedRoute (http://localhost:63316/node_modules/.cache/storybook/10.5.10/d089ae206bd7a58edd27e2b4d3689eedc26f6a98c46b1c5d1ba852a9c5dce8b8/sb-vitest/deps/react-router.js?v=1b0d1760:4139:26)
    at RenderErrorBoundary (http://localhost:63316/node_modules/.cache/storybook/10.5.10/d089ae206bd7a58edd27e2b4d3689eedc26f6a98c46b1c5d1ba852a9c5dce8b8/sb-vitest/deps/react-router.js?v=1b0d1760:4073:3)
    at DataRoutes2 (http://localhost:63316/node_modules/.cache/storybook/10.5.10/d089ae206bd7a58edd27e2b4d3689eedc26f6a98c46b1c5d1ba852a9c5dce8b8/sb-vitest/deps/react-router.js?v=1b0d1760:4706:24)
    at Router (http://localhost:63316/node_modules/.cache/storybook/10.5.10/d089ae206bd7a58edd27e2b4d3689eedc26f6a98c46b1c5d1ba852a9c5dce8b8/sb-vitest/deps/react-router.js?v=1b0d1760:4771:29)
    at RouterProvider (http://localhost:63316/node_modules/.cache/storybook/10.5.10/d089ae206bd7a58edd27e2b4d3689eedc26f6a98c46b1c5d1ba852a9c5dce8b8/sb-vitest/deps/react-router.js?v=1b0d1760:4516:27)
    at unboundStoryFn (http://localhost:63316/node_modules/.cache/storybook/10.5.10/d089ae206bd7a58edd27e2b4d3689eedc26f6a98c46b1c5d1ba852a9c5dce8b8/sb-vitest/deps/csf-B8OjfbGV.js?v=1e677644:8788:243)
stderr | ClientApp/src/routes/acceptQuote/AcceptQuote.stories.tsx > Quotation Summary Step
Warning: An update to DeliveryAndReturn inside a test was not wrapped in act(...).

When testing, code that causes React state updates should be wrapped into act(...):

act(() => {
  /* fire events that update state */
});
/* assert on the output */

This ensures that you're testing the behavior the user would see in the browser. Learn more at https://reactjs.org/link/wrap-tests-with-act
    at DeliveryAndReturn (http://localhost:63316/ClientApp/src/routes/acceptQuote/deliveryAndReturn.tsx:29:10)
    at hookified (http://localhost:63316/node_modules/.cache/storybook/10.5.10/d089ae206bd7a58edd27e2b4d3689eedc26f6a98c46b1c5d1ba852a9c5dce8b8/sb-vitest/deps/csf-B8OjfbGV.js?v=1e677644:8281:9)
    at form
    at http://localhost:63316/node_modules/.cache/storybook/10.5.10/d089ae206bd7a58edd27e2b4d3689eedc26f6a98c46b1c5d1ba852a9c5dce8b8/sb-vitest/deps/formik.js?v=d7e89814:3385:21
    at Formik (http://localhost:63316/node_modules/.cache/storybook/10.5.10/d089ae206bd7a58edd27e2b4d3689eedc26f6a98c46b1c5d1ba852a9c5dce8b8/sb-vitest/deps/formik.js?v=d7e89814:3190:18)
    at RenderedRoute (http://localhost:63316/node_modules/.cache/storybook/10.5.10/d089ae206bd7a58edd27e2b4d3689eedc26f6a98c46b1c5d1ba852a9c5dce8b8/sb-vitest/deps/react-router.js?v=1b0d1760:4139:26)
    at RenderErrorBoundary (http://localhost:63316/node_modules/.cache/storybook/10.5.10/d089ae206bd7a58edd27e2b4d3689eedc26f6a98c46b1c5d1ba852a9c5dce8b8/sb-vitest/deps/react-router.js?v=1b0d1760:4073:3)
    at DataRoutes2 (http://localhost:63316/node_modules/.cache/storybook/10.5.10/d089ae206bd7a58edd27e2b4d3689eedc26f6a98c46b1c5d1ba852a9c5dce8b8/sb-vitest/deps/react-router.js?v=1b0d1760:4706:24)
    at Router (http://localhost:63316/node_modules/.cache/storybook/10.5.10/d089ae206bd7a58edd27e2b4d3689eedc26f6a98c46b1c5d1ba852a9c5dce8b8/sb-vitest/deps/react-router.js?v=1b0d1760:4771:29)
    at RouterProvider (http://localhost:63316/node_modules/.cache/storybook/10.5.10/d089ae206bd7a58edd27e2b4d3689eedc26f6a98c46b1c5d1ba852a9c5dce8b8/sb-vitest/deps/react-router.js?v=1b0d1760:4516:27)
    at unboundStoryFn (http://localhost:63316/node_modules/.cache/storybook/10.5.10/d089ae206bd7a58edd27e2b4d3689eedc26f6a98c46b1c5d1ba852a9c5dce8b8/sb-vitest/deps/csf-B8OjfbGV.js?v=1e677644:8788:243)
11:27:32 am [vite] [31m[2m(client)[22m[39m [2m[console.error] [22mWarning: An update to DeliveryAndReturn inside a test was not wrapped in act(...).

When testing, code that causes React state updates should be wrapped into act(...):

act(() => {
  /* fire events that update state */
});
/* assert on the output */

This ensures that you're testing the behavior the user would see in the browser. Learn more at https://reactjs.org/link/wrap-tests-with-act
    at DeliveryAndReturn (http://localhost:63316/ClientApp/src/routes/acceptQuote/deliveryAndReturn.tsx:29:10)
    at hookified (http://localhost:63316/node_modules/.cache/storybook/10.5.10/d089ae206bd7a58edd27e2b4d3689eedc26f6a98c46b1c5d1ba852a9c5dce8b8/sb-vitest/deps/csf-B8OjfbGV.js?v=1e677644:8281:9)
    at form
    at http://localhost:63316/node_modules/.cache/storybook/10.5.10/d089ae206bd7a58edd27e2b4d3689eedc26f6a98c46b1c5d1ba852a9c5dce8b8/sb-vitest/deps/formik.js?v=d7e89814:3385:21
    at Formik (http://localhost:63316/node_modules/.cache/storybook/10.5.10/d089ae206bd7a58edd27e2b4d3689eedc26f6a98c46b1c5d1ba852a9c5dce8b8/sb-vitest/deps/formik.js?v=d7e89814:3190:18)
    at RenderedRoute (http://localhost:63316/node_modules/.cache/storybook/10.5.10/d089ae206bd7a58edd27e2b4d3689eedc26f6a98c46b1c5d1ba852a9c5dce8b8/sb-vitest/deps/react-router.js?v=1b0d1760:4139:26)
    at RenderErrorBoundary (http://localhost:63316/node_modules/.cache/storybook/10.5.10/d089ae206bd7a58edd27e2b4d3689eedc26f6a98c46b1c5d1ba852a9c5dce8b8/sb-vitest/deps/react-router.js?v=1b0d1760:4073:3)
    at DataRoutes2 (http://localhost:63316/node_modules/.cache/storybook/10.5.10/d089ae206bd7a58edd27e2b4d3689eedc26f6a98c46b1c5d1ba852a9c5dce8b8/sb-vitest/deps/react-router.js?v=1b0d1760:4706:24)
    at Router (http://localhost:63316/node_modules/.cache/storybook/10.5.10/d089ae206bd7a58edd27e2b4d3689eedc26f6a98c46b1c5d1ba852a9c5dce8b8/sb-vitest/deps/react-router.js?v=1b0d1760:4771:29)
    at RouterProvider (http://localhost:63316/node_modules/.cache/storybook/10.5.10/d089ae206bd7a58edd27e2b4d3689eedc26f6a98c46b1c5d1ba852a9c5dce8b8/sb-vitest/deps/react-router.js?v=1b0d1760:4516:27)
    at unboundStoryFn (http://localhost:63316/node_modules/.cache/storybook/10.5.10/d089ae206bd7a58edd27e2b4d3689eedc26f6a98c46b1c5d1ba852a9c5dce8b8/sb-vitest/deps/csf-B8OjfbGV.js?v=1e677644:8788:243)
11:27:32 am [vite] [31m[2m(client)[22m[39m [2m[console.error] [22mWarning: An update to DeliveryAndReturn inside a test was not wrapped in act(...).

When testing, code that causes React state updates should be wrapped into act(...):

act(() => {
  /* fire events that update state */
});
/* assert on the output */

This ensures that you're testing the behavior the user would see in the browser. Learn more at https://reactjs.org/link/wrap-tests-with-act
    at DeliveryAndReturn (http://localhost:63316/ClientApp/src/routes/acceptQuote/deliveryAndReturn.tsx:29:10)
    at hookified (http://localhost:63316/node_modules/.cache/storybook/10.5.10/d089ae206bd7a58edd27e2b4d3689eedc26f6a98c46b1c5d1ba852a9c5dce8b8/sb-vitest/deps/csf-B8OjfbGV.js?v=1e677644:8281:9)
    at form
    at http://localhost:63316/node_modules/.cache/storybook/10.5.10/d089ae206bd7a58edd27e2b4d3689eedc26f6a98c46b1c5d1ba852a9c5dce8b8/sb-vitest/deps/formik.js?v=d7e89814:3385:21
    at Formik (http://localhost:63316/node_modules/.cache/storybook/10.5.10/d089ae206bd7a58edd27e2b4d3689eedc26f6a98c46b1c5d1ba852a9c5dce8b8/sb-vitest/deps/formik.js?v=d7e89814:3190:18)
    at RenderedRoute (http://localhost:63316/node_modules/.cache/storybook/10.5.10/d089ae206bd7a58edd27e2b4d3689eedc26f6a98c46b1c5d1ba852a9c5dce8b8/sb-vitest/deps/react-router.js?v=1b0d1760:4139:26)
    at RenderErrorBoundary (http://localhost:63316/node_modules/.cache/storybook/10.5.10/d089ae206bd7a58edd27e2b4d3689eedc26f6a98c46b1c5d1ba852a9c5dce8b8/sb-vitest/deps/react-router.js?v=1b0d1760:4073:3)
    at DataRoutes2 (http://localhost:63316/node_modules/.cache/storybook/10.5.10/d089ae206bd7a58edd27e2b4d3689eedc26f6a98c46b1c5d1ba852a9c5dce8b8/sb-vitest/deps/react-router.js?v=1b0d1760:4706:24)
    at Router (http://localhost:63316/node_modules/.cache/storybook/10.5.10/d089ae206bd7a58edd27e2b4d3689eedc26f6a98c46b1c5d1ba852a9c5dce8b8/sb-vitest/deps/react-router.js?v=1b0d1760:4771:29)
    at RouterProvider (http://localhost:63316/node_modules/.cache/storybook/10.5.10/d089ae206bd7a58edd27e2b4d3689eedc26f6a98c46b1c5d1ba852a9c5dce8b8/sb-vitest/deps/react-router.js?v=1b0d1760:4516:27)
    at unboundStoryFn (http://localhost:63316/node_modules/.cache/storybook/10.5.10/d089ae206bd7a58edd27e2b4d3689eedc26f6a98c46b1c5d1ba852a9c5dce8b8/sb-vitest/deps/csf-B8OjfbGV.js?v=1e677644:8788:243)
11:27:32 am [vite] [31m[2m(client)[22m[39m [2m[console.error] [22mWarning: An update to DeliveryAndReturn inside a test was not wrapped in act(...).

When testing, code that causes React state updates should be wrapped into act(...):

act(() => {
  /* fire events that update state */
});
/* assert on the output */

This ensures that you're testing the behavior the user would see in the browser. Learn more at https://reactjs.org/link/wrap-tests-with-act
    at DeliveryAndReturn (http://localhost:63316/ClientApp/src/routes/acceptQuote/deliveryAndReturn.tsx:29:10)
    at hookified (http://localhost:63316/node_modules/.cache/storybook/10.5.10/d089ae206bd7a58edd27e2b4d3689eedc26f6a98c46b1c5d1ba852a9c5dce8b8/sb-vitest/deps/csf-B8OjfbGV.js?v=1e677644:8281:9)
    at form
    at http://localhost:63316/node_modules/.cache/storybook/10.5.10/d089ae206bd7a58edd27e2b4d3689eedc26f6a98c46b1c5d1ba852a9c5dce8b8/sb-vitest/deps/formik.js?v=d7e89814:3385:21
    at Formik (http://localhost:63316/node_modules/.cache/storybook/10.5.10/d089ae206bd7a58edd27e2b4d3689eedc26f6a98c46b1c5d1ba852a9c5dce8b8/sb-vitest/deps/formik.js?v=d7e89814:3190:18)
    at RenderedRoute (http://localhost:63316/node_modules/.cache/storybook/10.5.10/d089ae206bd7a58edd27e2b4d3689eedc26f6a98c46b1c5d1ba852a9c5dce8b8/sb-vitest/deps/react-router.js?v=1b0d1760:4139:26)
    at RenderErrorBoundary (http://localhost:63316/node_modules/.cache/storybook/10.5.10/d089ae206bd7a58edd27e2b4d3689eedc26f6a98c46b1c5d1ba852a9c5dce8b8/sb-vitest/deps/react-router.js?v=1b0d1760:4073:3)
    at DataRoutes2 (http://localhost:63316/node_modules/.cache/storybook/10.5.10/d089ae206bd7a58edd27e2b4d3689eedc26f6a98c46b1c5d1ba852a9c5dce8b8/sb-vitest/deps/react-router.js?v=1b0d1760:4706:24)
    at Router (http://localhost:63316/node_modules/.cache/storybook/10.5.10/d089ae206bd7a58edd27e2b4d3689eedc26f6a98c46b1c5d1ba852a9c5dce8b8/sb-vitest/deps/react-router.js?v=1b0d1760:4771:29)
    at RouterProvider (http://localhost:63316/node_modules/.cache/storybook/10.5.10/d089ae206bd7a58edd27e2b4d3689eedc26f6a98c46b1c5d1ba852a9c5dce8b8/sb-vitest/deps/react-router.js?v=1b0d1760:4516:27)
    at unboundStoryFn (http://localhost:63316/node_modules/.cache/storybook/10.5.10/d089ae206bd7a58edd27e2b4d3689eedc26f6a98c46b1c5d1ba852a9c5dce8b8/sb-vitest/deps/csf-B8OjfbGV.js?v=1e677644:8788:243)
11:27:32 am [vite] [31m[2m(client)[22m[39m [2m[console.error] [22mWarning: An update to QuotationSummary inside a test was not wrapped in act(...).

When testing, code that causes React state updates should be wrapped into act(...):

act(() => {
  /* fire events that update state */
});
/* assert on the output */

This ensures that you're testing the behavior the user would see in the browser. Learn more at https://reactjs.org/link/wrap-tests-with-act
    at QuotationSummary (http://localhost:63316/ClientApp/src/routes/acceptQuote/quotationSummary.tsx:17:10)
    at hookified (http://localhost:63316/node_modules/.cache/storybook/10.5.10/d089ae206bd7a58edd27e2b4d3689eedc26f6a98c46b1c5d1ba852a9c5dce8b8/sb-vitest/deps/csf-B8OjfbGV.js?v=1e677644:8281:9)
    at form
    at http://localhost:63316/node_modules/.cache/storybook/10.5.10/d089ae206bd7a58edd27e2b4d3689eedc26f6a98c46b1c5d1ba852a9c5dce8b8/sb-vitest/deps/formik.js?v=d7e89814:3385:21
    at Formik (http://localhost:63316/node_modules/.cache/storybook/10.5.10/d089ae206bd7a58edd27e2b4d3689eedc26f6a98c46b1c5d1ba852a9c5dce8b8/sb-vitest/deps/formik.js?v=d7e89814:3190:18)
    at RenderedRoute (http://localhost:63316/node_modules/.cache/storybook/10.5.10/d089ae206bd7a58edd27e2b4d3689eedc26f6a98c46b1c5d1ba852a9c5dce8b8/sb-vitest/deps/react-router.js?v=1b0d1760:4139:26)
    at RenderErrorBoundary (http://localhost:63316/node_modules/.cache/storybook/10.5.10/d089ae206bd7a58edd27e2b4d3689eedc26f6a98c46b1c5d1ba852a9c5dce8b8/sb-vitest/deps/react-router.js?v=1b0d1760:4073:3)
    at DataRoutes2 (http://localhost:63316/node_modules/.cache/storybook/10.5.10/d089ae206bd7a58edd27e2b4d3689eedc26f6a98c46b1c5d1ba852a9c5dce8b8/sb-vitest/deps/react-router.js?v=1b0d1760:4706:24)
    at Router (http://localhost:63316/node_modules/.cache/storybook/10.5.10/d089ae206bd7a58edd27e2b4d3689eedc26f6a98c46b1c5d1ba852a9c5dce8b8/sb-vitest/deps/react-router.js?v=1b0d1760:4771:29)
    at RouterProvider (http://localhost:63316/node_modules/.cache/storybook/10.5.10/d089ae206bd7a58edd27e2b4d3689eedc26f6a98c46b1c5d1ba852a9c5dce8b8/sb-vitest/deps/react-router.js?v=1b0d1760:4516:27)
    at unboundStoryFn (http://localhost:63316/node_modules/.cache/storybook/10.5.10/d089ae206bd7a58edd27e2b4d3689eedc26f6a98c46b1c5d1ba852a9c5dce8b8/sb-vitest/deps/csf-B8OjfbGV.js?v=1e677644:8788:243)
11:27:32 am [vite] [31m[2m(client)[22m[39m [2m[console.error] [22mWarning: An update to QuotationSummary inside a test was not wrapped in act(...).

When testing, code that causes React state updates should be wrapped into act(...):

act(() => {
  /* fire events that update state */
});
/* assert on the output */

This ensures that you're testing the behavior the user would see in the browser. Learn more at https://reactjs.org/link/wrap-tests-with-act
    at QuotationSummary (http://localhost:63316/ClientApp/src/routes/acceptQuote/quotationSummary.tsx:17:10)
    at hookified (http://localhost:63316/node_modules/.cache/storybook/10.5.10/d089ae206bd7a58edd27e2b4d3689eedc26f6a98c46b1c5d1ba852a9c5dce8b8/sb-vitest/deps/csf-B8OjfbGV.js?v=1e677644:8281:9)
    at form
    at http://localhost:63316/node_modules/.cache/storybook/10.5.10/d089ae206bd7a58edd27e2b4d3689eedc26f6a98c46b1c5d1ba852a9c5dce8b8/sb-vitest/deps/formik.js?v=d7e89814:3385:21
    at Formik (http://localhost:63316/node_modules/.cache/storybook/10.5.10/d089ae206bd7a58edd27e2b4d3689eedc26f6a98c46b1c5d1ba852a9c5dce8b8/sb-vitest/deps/formik.js?v=d7e89814:3190:18)
    at RenderedRoute (http://localhost:63316/node_modules/.cache/storybook/10.5.10/d089ae206bd7a58edd27e2b4d3689eedc26f6a98c46b1c5d1ba852a9c5dce8b8/sb-vitest/deps/react-router.js?v=1b0d1760:4139:26)
    at RenderErrorBoundary (http://localhost:63316/node_modules/.cache/storybook/10.5.10/d089ae206bd7a58edd27e2b4d3689eedc26f6a98c46b1c5d1ba852a9c5dce8b8/sb-vitest/deps/react-router.js?v=1b0d1760:4073:3)
    at DataRoutes2 (http://localhost:63316/node_modules/.cache/storybook/10.5.10/d089ae206bd7a58edd27e2b4d3689eedc26f6a98c46b1c5d1ba852a9c5dce8b8/sb-vitest/deps/react-router.js?v=1b0d1760:4706:24)
    at Router (http://localhost:63316/node_modules/.cache/storybook/10.5.10/d089ae206bd7a58edd27e2b4d3689eedc26f6a98c46b1c5d1ba852a9c5dce8b8/sb-vitest/deps/react-router.js?v=1b0d1760:4771:29)
    at RouterProvider (http://localhost:63316/node_modules/.cache/storybook/10.5.10/d089ae206bd7a58edd27e2b4d3689eedc26f6a98c46b1c5d1ba852a9c5dce8b8/sb-vitest/deps/react-router.js?v=1b0d1760:4516:27)
    at unboundStoryFn (http://localhost:63316/node_modules/.cache/storybook/10.5.10/d089ae206bd7a58edd27e2b4d3689eedc26f6a98c46b1c5d1ba852a9c5dce8b8/sb-vitest/deps/csf-B8OjfbGV.js?v=1e677644:8788:243)
stderr | ClientApp/src/routes/acceptQuote/AcceptQuote.stories.tsx > Summary And Accept Step
Warning: An update to QuotationSummary inside a test was not wrapped in act(...).

When testing, code that causes React state updates should be wrapped into act(...):

act(() => {
  /* fire events that update state */
});
/* assert on the output */

This ensures that you're testing the behavior the user would see in the browser. Learn more at https://reactjs.org/link/wrap-tests-with-act
    at QuotationSummary (http://localhost:63316/ClientApp/src/routes/acceptQuote/quotationSummary.tsx:17:10)
    at hookified (http://localhost:63316/node_modules/.cache/storybook/10.5.10/d089ae206bd7a58edd27e2b4d3689eedc26f6a98c46b1c5d1ba852a9c5dce8b8/sb-vitest/deps/csf-B8OjfbGV.js?v=1e677644:8281:9)
    at form
    at http://localhost:63316/node_modules/.cache/storybook/10.5.10/d089ae206bd7a58edd27e2b4d3689eedc26f6a98c46b1c5d1ba852a9c5dce8b8/sb-vitest/deps/formik.js?v=d7e89814:3385:21
    at Formik (http://localhost:63316/node_modules/.cache/storybook/10.5.10/d089ae206bd7a58edd27e2b4d3689eedc26f6a98c46b1c5d1ba852a9c5dce8b8/sb-vitest/deps/formik.js?v=d7e89814:3190:18)
    at RenderedRoute (http://localhost:63316/node_modules/.cache/storybook/10.5.10/d089ae206bd7a58edd27e2b4d3689eedc26f6a98c46b1c5d1ba852a9c5dce8b8/sb-vitest/deps/react-router.js?v=1b0d1760:4139:26)
    at RenderErrorBoundary (http://localhost:63316/node_modules/.cache/storybook/10.5.10/d089ae206bd7a58edd27e2b4d3689eedc26f6a98c46b1c5d1ba852a9c5dce8b8/sb-vitest/deps/react-router.js?v=1b0d1760:4073:3)
    at DataRoutes2 (http://localhost:63316/node_modules/.cache/storybook/10.5.10/d089ae206bd7a58edd27e2b4d3689eedc26f6a98c46b1c5d1ba852a9c5dce8b8/sb-vitest/deps/react-router.js?v=1b0d1760:4706:24)
    at Router (http://localhost:63316/node_modules/.cache/storybook/10.5.10/d089ae206bd7a58edd27e2b4d3689eedc26f6a98c46b1c5d1ba852a9c5dce8b8/sb-vitest/deps/react-router.js?v=1b0d1760:4771:29)
    at RouterProvider (http://localhost:63316/node_modules/.cache/storybook/10.5.10/d089ae206bd7a58edd27e2b4d3689eedc26f6a98c46b1c5d1ba852a9c5dce8b8/sb-vitest/deps/react-router.js?v=1b0d1760:4516:27)
    at unboundStoryFn (http://localhost:63316/node_modules/.cache/storybook/10.5.10/d089ae206bd7a58edd27e2b4d3689eedc26f6a98c46b1c5d1ba852a9c5dce8b8/sb-vitest/deps/csf-B8OjfbGV.js?v=1e677644:8788:243)
stderr | ClientApp/src/routes/acceptQuote/AcceptQuote.stories.tsx > Summary And Accept Step
Warning: An update to QuotationSummary inside a test was not wrapped in act(...).

When testing, code that causes React state updates should be wrapped into act(...):

act(() => {
  /* fire events that update state */
});
/* assert on the output */

This ensures that you're testing the behavior the user would see in the browser. Learn more at https://reactjs.org/link/wrap-tests-with-act
    at QuotationSummary (http://localhost:63316/ClientApp/src/routes/acceptQuote/quotationSummary.tsx:17:10)
    at hookified (http://localhost:63316/node_modules/.cache/storybook/10.5.10/d089ae206bd7a58edd27e2b4d3689eedc26f6a98c46b1c5d1ba852a9c5dce8b8/sb-vitest/deps/csf-B8OjfbGV.js?v=1e677644:8281:9)
    at form
    at http://localhost:63316/node_modules/.cache/storybook/10.5.10/d089ae206bd7a58edd27e2b4d3689eedc26f6a98c46b1c5d1ba852a9c5dce8b8/sb-vitest/deps/formik.js?v=d7e89814:3385:21
    at Formik (http://localhost:63316/node_modules/.cache/storybook/10.5.10/d089ae206bd7a58edd27e2b4d3689eedc26f6a98c46b1c5d1ba852a9c5dce8b8/sb-vitest/deps/formik.js?v=d7e89814:3190:18)
    at RenderedRoute (http://localhost:63316/node_modules/.cache/storybook/10.5.10/d089ae206bd7a58edd27e2b4d3689eedc26f6a98c46b1c5d1ba852a9c5dce8b8/sb-vitest/deps/react-router.js?v=1b0d1760:4139:26)
    at RenderErrorBoundary (http://localhost:63316/node_modules/.cache/storybook/10.5.10/d089ae206bd7a58edd27e2b4d3689eedc26f6a98c46b1c5d1ba852a9c5dce8b8/sb-vitest/deps/react-router.js?v=1b0d1760:4073:3)
    at DataRoutes2 (http://localhost:63316/node_modules/.cache/storybook/10.5.10/d089ae206bd7a58edd27e2b4d3689eedc26f6a98c46b1c5d1ba852a9c5dce8b8/sb-vitest/deps/react-router.js?v=1b0d1760:4706:24)
    at Router (http://localhost:63316/node_modules/.cache/storybook/10.5.10/d089ae206bd7a58edd27e2b4d3689eedc26f6a98c46b1c5d1ba852a9c5dce8b8/sb-vitest/deps/react-router.js?v=1b0d1760:4771:29)
    at RouterProvider (http://localhost:63316/node_modules/.cache/storybook/10.5.10/d089ae206bd7a58edd27e2b4d3689eedc26f6a98c46b1c5d1ba852a9c5dce8b8/sb-vitest/deps/react-router.js?v=1b0d1760:4516:27)
    at unboundStoryFn (http://localhost:63316/node_modules/.cache/storybook/10.5.10/d089ae206bd7a58edd27e2b4d3689eedc26f6a98c46b1c5d1ba852a9c5dce8b8/sb-vitest/deps/csf-B8OjfbGV.js?v=1e677644:8788:243)
11:27:32 am [vite] [31m[2m(client)[22m[39m [2m[console.error] [22mWarning: An update to ViewPdfQuote inside a test was not wrapped in act(...).

When testing, code that causes React state updates should be wrapped into act(...):

act(() => {
  /* fire events that update state */
});
/* assert on the output */

This ensures that you're testing the behavior the user would see in the browser. Learn more at https://reactjs.org/link/wrap-tests-with-act
    at ViewPdfQuote (http://localhost:63316/ClientApp/src/components/Utilities/ViewPdfQuote.tsx:15:10)
    at div
    at div
    at http://localhost:63316/node_modules/.cache/storybook/10.5.10/d089ae206bd7a58edd27e2b4d3689eedc26f6a98c46b1c5d1ba852a9c5dce8b8/sb-vitest/deps/react-bootstrap_Col.js?v=774c1c82:39:83
    at div
    at http://localhost:63316/node_modules/.cache/storybook/10.5.10/d089ae206bd7a58edd27e2b4d3689eedc26f6a98c46b1c5d1ba852a9c5dce8b8/sb-vitest/deps/react-bootstrap_Row.js?v=2da325ed:10:52
    at QuotationSummary (http://localhost:63316/ClientApp/src/routes/acceptQuote/quotationSummary.tsx:17:10)
    at hookified (http://localhost:63316/node_modules/.cache/storybook/10.5.10/d089ae206bd7a58edd27e2b4d3689eedc26f6a98c46b1c5d1ba852a9c5dce8b8/sb-vitest/deps/csf-B8OjfbGV.js?v=1e677644:8281:9)
    at form
    at http://localhost:63316/node_modules/.cache/storybook/10.5.10/d089ae206bd7a58edd27e2b4d3689eedc26f6a98c46b1c5d1ba852a9c5dce8b8/sb-vitest/deps/formik.js?v=d7e89814:3385:21
    at Formik (http://localhost:63316/node_modules/.cache/storybook/10.5.10/d089ae206bd7a58edd27e2b4d3689eedc26f6a98c46b1c5d1ba852a9c5dce8b8/sb-vitest/deps/formik.js?v=d7e89814:3190:18)
    at RenderedRoute (http://localhost:63316/node_modules/.cache/storybook/10.5.10/d089ae206bd7a58edd27e2b4d3689eedc26f6a98c46b1c5d1ba852a9c5dce8b8/sb-vitest/deps/react-router.js?v=1b0d1760:4139:26)
    at RenderErrorBoundary (http://localhost:63316/node_modules/.cache/storybook/10.5.10/d089ae206bd7a58edd27e2b4d3689eedc26f6a98c46b1c5d1ba852a9c5dce8b8/sb-vitest/deps/react-router.js?v=1b0d1760:4073:3)
    at DataRoutes2 (http://localhost:63316/node_modules/.cache/storybook/10.5.10/d089ae206bd7a58edd27e2b4d3689eedc26f6a98c46b1c5d1ba852a9c5dce8b8/sb-vitest/deps/react-router.js?v=1b0d1760:4706:24)
    at Router (http://localhost:63316/node_modules/.cache/storybook/10.5.10/d089ae206bd7a58edd27e2b4d3689eedc26f6a98c46b1c5d1ba852a9c5dce8b8/sb-vitest/deps/react-router.js?v=1b0d1760:4771:29)
    at RouterProvider (http://localhost:63316/node_modules/.cache/storybook/10.5.10/d089ae206bd7a58edd27e2b4d3689eedc26f6a98c46b1c5d1ba852a9c5dce8b8/sb-vitest/deps/react-router.js?v=1b0d1760:4516:27)
    at unboundStoryFn (http://localhost:63316/node_modules/.cache/storybook/10.5.10/d089ae206bd7a58edd27e2b4d3689eedc26f6a98c46b1c5d1ba852a9c5dce8b8/sb-vitest/deps/csf-B8OjfbGV.js?v=1e677644:8788:243)
stderr | ClientApp/src/routes/acceptQuote/AcceptQuote.stories.tsx > Summary And Accept Step
Warning: An update to ViewPdfQuote inside a test was not wrapped in act(...).

When testing, code that causes React state updates should be wrapped into act(...):

act(() => {
  /* fire events that update state */
});
/* assert on the output */

This ensures that you're testing the behavior the user would see in the browser. Learn more at https://reactjs.org/link/wrap-tests-with-act
    at ViewPdfQuote (http://localhost:63316/ClientApp/src/components/Utilities/ViewPdfQuote.tsx:15:10)
    at div
    at div
    at http://localhost:63316/node_modules/.cache/storybook/10.5.10/d089ae206bd7a58edd27e2b4d3689eedc26f6a98c46b1c5d1ba852a9c5dce8b8/sb-vitest/deps/react-bootstrap_Col.js?v=774c1c82:39:83
    at div
    at http://localhost:63316/node_modules/.cache/storybook/10.5.10/d089ae206bd7a58edd27e2b4d3689eedc26f6a98c46b1c5d1ba852a9c5dce8b8/sb-vitest/deps/react-bootstrap_Row.js?v=2da325ed:10:52
    at QuotationSummary (http://localhost:63316/ClientApp/src/routes/acceptQuote/quotationSummary.tsx:17:10)
    at hookified (http://localhost:63316/node_modules/.cache/storybook/10.5.10/d089ae206bd7a58edd27e2b4d3689eedc26f6a98c46b1c5d1ba852a9c5dce8b8/sb-vitest/deps/csf-B8OjfbGV.js?v=1e677644:8281:9)
    at form
    at http://localhost:63316/node_modules/.cache/storybook/10.5.10/d089ae206bd7a58edd27e2b4d3689eedc26f6a98c46b1c5d1ba852a9c5dce8b8/sb-vitest/deps/formik.js?v=d7e89814:3385:21
    at Formik (http://localhost:63316/node_modules/.cache/storybook/10.5.10/d089ae206bd7a58edd27e2b4d3689eedc26f6a98c46b1c5d1ba852a9c5dce8b8/sb-vitest/deps/formik.js?v=d7e89814:3190:18)
    at RenderedRoute (http://localhost:63316/node_modules/.cache/storybook/10.5.10/d089ae206bd7a58edd27e2b4d3689eedc26f6a98c46b1c5d1ba852a9c5dce8b8/sb-vitest/deps/react-router.js?v=1b0d1760:4139:26)
    at RenderErrorBoundary (http://localhost:63316/node_modules/.cache/storybook/10.5.10/d089ae206bd7a58edd27e2b4d3689eedc26f6a98c46b1c5d1ba852a9c5dce8b8/sb-vitest/deps/react-router.js?v=1b0d1760:4073:3)
    at DataRoutes2 (http://localhost:63316/node_modules/.cache/storybook/10.5.10/d089ae206bd7a58edd27e2b4d3689eedc26f6a98c46b1c5d1ba852a9c5dce8b8/sb-vitest/deps/react-router.js?v=1b0d1760:4706:24)
    at Router (http://localhost:63316/node_modules/.cache/storybook/10.5.10/d089ae206bd7a58edd27e2b4d3689eedc26f6a98c46b1c5d1ba852a9c5dce8b8/sb-vitest/deps/react-router.js?v=1b0d1760:4771:29)
    at RouterProvider (http://localhost:63316/node_modules/.cache/storybook/10.5.10/d089ae206bd7a58edd27e2b4d3689eedc26f6a98c46b1c5d1ba852a9c5dce8b8/sb-vitest/deps/react-router.js?v=1b0d1760:4516:27)
    at unboundStoryFn (http://localhost:63316/node_modules/.cache/storybook/10.5.10/d089ae206bd7a58edd27e2b4d3689eedc26f6a98c46b1c5d1ba852a9c5dce8b8/sb-vitest/deps/csf-B8OjfbGV.js?v=1e677644:8788:243)
stderr | ClientApp/src/routes/acceptQuote/AcceptQuote.stories.tsx > Summary And Accept Step
Warning: An update to ViewPdfQuote inside a test was not wrapped in act(...).

When testing, code that causes React state updates should be wrapped into act(...):

act(() => {
  /* fire events that update state */
});
/* assert on the output */

This ensures that you're testing the behavior the user would see in the browser. Learn more at https://reactjs.org/link/wrap-tests-with-act
    at ViewPdfQuote (http://localhost:63316/ClientApp/src/components/Utilities/ViewPdfQuote.tsx:15:10)
    at div
    at div
    at http://localhost:63316/node_modules/.cache/storybook/10.5.10/d089ae206bd7a58edd27e2b4d3689eedc26f6a98c46b1c5d1ba852a9c5dce8b8/sb-vitest/deps/react-bootstrap_Col.js?v=774c1c82:39:83
    at div
    at http://localhost:63316/node_modules/.cache/storybook/10.5.10/d089ae206bd7a58edd27e2b4d3689eedc26f6a98c46b1c5d1ba852a9c5dce8b8/sb-vitest/deps/react-bootstrap_Row.js?v=2da325ed:10:52
    at QuotationSummary (http://localhost:63316/ClientApp/src/routes/acceptQuote/quotationSummary.tsx:17:10)
    at hookified (http://localhost:63316/node_modules/.cache/storybook/10.5.10/d089ae206bd7a58edd27e2b4d3689eedc26f6a98c46b1c5d1ba852a9c5dce8b8/sb-vitest/deps/csf-B8OjfbGV.js?v=1e677644:8281:9)
    at form
    at http://localhost:63316/node_modules/.cache/storybook/10.5.10/d089ae206bd7a58edd27e2b4d3689eedc26f6a98c46b1c5d1ba852a9c5dce8b8/sb-vitest/deps/formik.js?v=d7e89814:3385:21
    at Formik (http://localhost:63316/node_modules/.cache/storybook/10.5.10/d089ae206bd7a58edd27e2b4d3689eedc26f6a98c46b1c5d1ba852a9c5dce8b8/sb-vitest/deps/formik.js?v=d7e89814:3190:18)
    at RenderedRoute (http://localhost:63316/node_modules/.cache/storybook/10.5.10/d089ae206bd7a58edd27e2b4d3689eedc26f6a98c46b1c5d1ba852a9c5dce8b8/sb-vitest/deps/react-router.js?v=1b0d1760:4139:26)
    at RenderErrorBoundary (http://localhost:63316/node_modules/.cache/storybook/10.5.10/d089ae206bd7a58edd27e2b4d3689eedc26f6a98c46b1c5d1ba852a9c5dce8b8/sb-vitest/deps/react-router.js?v=1b0d1760:4073:3)
    at DataRoutes2 (http://localhost:63316/node_modules/.cache/storybook/10.5.10/d089ae206bd7a58edd27e2b4d3689eedc26f6a98c46b1c5d1ba852a9c5dce8b8/sb-vitest/deps/react-router.js?v=1b0d1760:4706:24)
    at Router (http://localhost:63316/node_modules/.cache/storybook/10.5.10/d089ae206bd7a58edd27e2b4d3689eedc26f6a98c46b1c5d1ba852a9c5dce8b8/sb-vitest/deps/react-router.js?v=1b0d1760:4771:29)
    at RouterProvider (http://localhost:63316/node_modules/.cache/storybook/10.5.10/d089ae206bd7a58edd27e2b4d3689eedc26f6a98c46b1c5d1ba852a9c5dce8b8/sb-vitest/deps/react-router.js?v=1b0d1760:4516:27)
    at unboundStoryFn (http://localhost:63316/node_modules/.cache/storybook/10.5.10/d089ae206bd7a58edd27e2b4d3689eedc26f6a98c46b1c5d1ba852a9c5dce8b8/sb-vitest/deps/csf-B8OjfbGV.js?v=1e677644:8788:243)
stderr | ClientApp/src/routes/acceptQuote/AcceptQuote.stories.tsx > Summary And Accept Step
Warning: An update to QuotationSummary inside a test was not wrapped in act(...).

When testing, code that causes React state updates should be wrapped into act(...):

act(() => {
  /* fire events that update state */
});
/* assert on the output */

This ensures that you're testing the behavior the user would see in the browser. Learn more at https://reactjs.org/link/wrap-tests-with-act
    at QuotationSummary (http://localhost:63316/ClientApp/src/routes/acceptQuote/quotationSummary.tsx:17:10)
    at hookified (http://localhost:63316/node_modules/.cache/storybook/10.5.10/d089ae206bd7a58edd27e2b4d3689eedc26f6a98c46b1c5d1ba852a9c5dce8b8/sb-vitest/deps/csf-B8OjfbGV.js?v=1e677644:8281:9)
    at form
    at http://localhost:63316/node_modules/.cache/storybook/10.5.10/d089ae206bd7a58edd27e2b4d3689eedc26f6a98c46b1c5d1ba852a9c5dce8b8/sb-vitest/deps/formik.js?v=d7e89814:3385:21
    at Formik (http://localhost:63316/node_modules/.cache/storybook/10.5.10/d089ae206bd7a58edd27e2b4d3689eedc26f6a98c46b1c5d1ba852a9c5dce8b8/sb-vitest/deps/formik.js?v=d7e89814:3190:18)
    at RenderedRoute (http://localhost:63316/node_modules/.cache/storybook/10.5.10/d089ae206bd7a58edd27e2b4d3689eedc26f6a98c46b1c5d1ba852a9c5dce8b8/sb-vitest/deps/react-router.js?v=1b0d1760:4139:26)
    at RenderErrorBoundary (http://localhost:63316/node_modules/.cache/storybook/10.5.10/d089ae206bd7a58edd27e2b4d3689eedc26f6a98c46b1c5d1ba852a9c5dce8b8/sb-vitest/deps/react-router.js?v=1b0d1760:4073:3)
    at DataRoutes2 (http://localhost:63316/node_modules/.cache/storybook/10.5.10/d089ae206bd7a58edd27e2b4d3689eedc26f6a98c46b1c5d1ba852a9c5dce8b8/sb-vitest/deps/react-router.js?v=1b0d1760:4706:24)
    at Router (http://localhost:63316/node_modules/.cache/storybook/10.5.10/d089ae206bd7a58edd27e2b4d3689eedc26f6a98c46b1c5d1ba852a9c5dce8b8/sb-vitest/deps/react-router.js?v=1b0d1760:4771:29)
    at RouterProvider (http://localhost:63316/node_modules/.cache/storybook/10.5.10/d089ae206bd7a58edd27e2b4d3689eedc26f6a98c46b1c5d1ba852a9c5dce8b8/sb-vitest/deps/react-router.js?v=1b0d1760:4516:27)
    at unboundStoryFn (http://localhost:63316/node_modules/.cache/storybook/10.5.10/d089ae206bd7a58edd27e2b4d3689eedc26f6a98c46b1c5d1ba852a9c5dce8b8/sb-vitest/deps/csf-B8OjfbGV.js?v=1e677644:8788:243)
11:27:32 am [vite] [31m[2m(client)[22m[39m [2m[console.error] [22mWarning: An update to ViewPdfQuote inside a test was not wrapped in act(...).

When testing, code that causes React state updates should be wrapped into act(...):

act(() => {
  /* fire events that update state */
});
/* assert on the output */

This ensures that you're testing the behavior the user would see in the browser. Learn more at https://reactjs.org/link/wrap-tests-with-act
    at ViewPdfQuote (http://localhost:63316/ClientApp/src/components/Utilities/ViewPdfQuote.tsx:15:10)
    at div
    at div
    at http://localhost:63316/node_modules/.cache/storybook/10.5.10/d089ae206bd7a58edd27e2b4d3689eedc26f6a98c46b1c5d1ba852a9c5dce8b8/sb-vitest/deps/react-bootstrap_Col.js?v=774c1c82:39:83
    at div
    at http://localhost:63316/node_modules/.cache/storybook/10.5.10/d089ae206bd7a58edd27e2b4d3689eedc26f6a98c46b1c5d1ba852a9c5dce8b8/sb-vitest/deps/react-bootstrap_Row.js?v=2da325ed:10:52
    at QuotationSummary (http://localhost:63316/ClientApp/src/routes/acceptQuote/quotationSummary.tsx:17:10)
    at hookified (http://localhost:63316/node_modules/.cache/storybook/10.5.10/d089ae206bd7a58edd27e2b4d3689eedc26f6a98c46b1c5d1ba852a9c5dce8b8/sb-vitest/deps/csf-B8OjfbGV.js?v=1e677644:8281:9)
    at form
    at http://localhost:63316/node_modules/.cache/storybook/10.5.10/d089ae206bd7a58edd27e2b4d3689eedc26f6a98c46b1c5d1ba852a9c5dce8b8/sb-vitest/deps/formik.js?v=d7e89814:3385:21
    at Formik (http://localhost:63316/node_modules/.cache/storybook/10.5.10/d089ae206bd7a58edd27e2b4d3689eedc26f6a98c46b1c5d1ba852a9c5dce8b8/sb-vitest/deps/formik.js?v=d7e89814:3190:18)
    at RenderedRoute (http://localhost:63316/node_modules/.cache/storybook/10.5.10/d089ae206bd7a58edd27e2b4d3689eedc26f6a98c46b1c5d1ba852a9c5dce8b8/sb-vitest/deps/react-router.js?v=1b0d1760:4139:26)
    at RenderErrorBoundary (http://localhost:63316/node_modules/.cache/storybook/10.5.10/d089ae206bd7a58edd27e2b4d3689eedc26f6a98c46b1c5d1ba852a9c5dce8b8/sb-vitest/deps/react-router.js?v=1b0d1760:4073:3)
    at DataRoutes2 (http://localhost:63316/node_modules/.cache/storybook/10.5.10/d089ae206bd7a58edd27e2b4d3689eedc26f6a98c46b1c5d1ba852a9c5dce8b8/sb-vitest/deps/react-router.js?v=1b0d1760:4706:24)
    at Router (http://localhost:63316/node_modules/.cache/storybook/10.5.10/d089ae206bd7a58edd27e2b4d3689eedc26f6a98c46b1c5d1ba852a9c5dce8b8/sb-vitest/deps/react-router.js?v=1b0d1760:4771:29)
    at RouterProvider (http://localhost:63316/node_modules/.cache/storybook/10.5.10/d089ae206bd7a58edd27e2b4d3689eedc26f6a98c46b1c5d1ba852a9c5dce8b8/sb-vitest/deps/react-router.js?v=1b0d1760:4516:27)
    at unboundStoryFn (http://localhost:63316/node_modules/.cache/storybook/10.5.10/d089ae206bd7a58edd27e2b4d3689eedc26f6a98c46b1c5d1ba852a9c5dce8b8/sb-vitest/deps/csf-B8OjfbGV.js?v=1e677644:8788:243)
11:27:32 am [vite] [31m[2m(client)[22m[39m [2m[console.error] [22mWarning: An update to QuotationSummary inside a test was not wrapped in act(...).

When testing, code that causes React state updates should be wrapped into act(...):

act(() => {
  /* fire events that update state */
});
/* assert on the output */

This ensures that you're testing the behavior the user would see in the browser. Learn more at https://reactjs.org/link/wrap-tests-with-act
    at QuotationSummary (http://localhost:63316/ClientApp/src/routes/acceptQuote/quotationSummary.tsx:17:10)
    at hookified (http://localhost:63316/node_modules/.cache/storybook/10.5.10/d089ae206bd7a58edd27e2b4d3689eedc26f6a98c46b1c5d1ba852a9c5dce8b8/sb-vitest/deps/csf-B8OjfbGV.js?v=1e677644:8281:9)
    at form
    at http://localhost:63316/node_modules/.cache/storybook/10.5.10/d089ae206bd7a58edd27e2b4d3689eedc26f6a98c46b1c5d1ba852a9c5dce8b8/sb-vitest/deps/formik.js?v=d7e89814:3385:21
    at Formik (http://localhost:63316/node_modules/.cache/storybook/10.5.10/d089ae206bd7a58edd27e2b4d3689eedc26f6a98c46b1c5d1ba852a9c5dce8b8/sb-vitest/deps/formik.js?v=d7e89814:3190:18)
    at RenderedRoute (http://localhost:63316/node_modules/.cache/storybook/10.5.10/d089ae206bd7a58edd27e2b4d3689eedc26f6a98c46b1c5d1ba852a9c5dce8b8/sb-vitest/deps/react-router.js?v=1b0d1760:4139:26)
    at RenderErrorBoundary (http://localhost:63316/node_modules/.cache/storybook/10.5.10/d089ae206bd7a58edd27e2b4d3689eedc26f6a98c46b1c5d1ba852a9c5dce8b8/sb-vitest/deps/react-router.js?v=1b0d1760:4073:3)
    at DataRoutes2 (http://localhost:63316/node_modules/.cache/storybook/10.5.10/d089ae206bd7a58edd27e2b4d3689eedc26f6a98c46b1c5d1ba852a9c5dce8b8/sb-vitest/deps/react-router.js?v=1b0d1760:4706:24)
    at Router (http://localhost:63316/node_modules/.cache/storybook/10.5.10/d089ae206bd7a58edd27e2b4d3689eedc26f6a98c46b1c5d1ba852a9c5dce8b8/sb-vitest/deps/react-router.js?v=1b0d1760:4771:29)
    at RouterProvider (http://localhost:63316/node_modules/.cache/storybook/10.5.10/d089ae206bd7a58edd27e2b4d3689eedc26f6a98c46b1c5d1ba852a9c5dce8b8/sb-vitest/deps/react-router.js?v=1b0d1760:4516:27)
    at unboundStoryFn (http://localhost:63316/node_modules/.cache/storybook/10.5.10/d089ae206bd7a58edd27e2b4d3689eedc26f6a98c46b1c5d1ba852a9c5dce8b8/sb-vitest/deps/csf-B8OjfbGV.js?v=1e677644:8788:243)
stderr | ClientApp/src/routes/acceptQuote/AcceptQuote.stories.tsx > Summary And Accept Step
Warning: An update to QuotationSummary inside a test was not wrapped in act(...).

When testing, code that causes React state updates should be wrapped into act(...):

act(() => {
  /* fire events that update state */
});
/* assert on the output */

This ensures that you're testing the behavior the user would see in the browser. Learn more at https://reactjs.org/link/wrap-tests-with-act
    at QuotationSummary (http://localhost:63316/ClientApp/src/routes/acceptQuote/quotationSummary.tsx:17:10)
    at div
    at div
    at Transition (http://localhost:63316/node_modules/.cache/storybook/10.5.10/d089ae206bd7a58edd27e2b4d3689eedc26f6a98c46b1c5d1ba852a9c5dce8b8/sb-vitest/deps/Modal-DPe2VpGT.js?v=1e677644:218:32)
    at http://localhost:63316/node_modules/.cache/storybook/10.5.10/d089ae206bd7a58edd27e2b4d3689eedc26f6a98c46b1c5d1ba852a9c5dce8b8/sb-vitest/deps/Modal-DPe2VpGT.js?v=1e677644:786:66
    at http://localhost:63316/node_modules/.cache/storybook/10.5.10/d089ae206bd7a58edd27e2b4d3689eedc26f6a98c46b1c5d1ba852a9c5dce8b8/sb-vitest/deps/react-bootstrap.js?v=05fae97d:60:57
    at http://localhost:63316/node_modules/.cache/storybook/10.5.10/d089ae206bd7a58edd27e2b4d3689eedc26f6a98c46b1c5d1ba852a9c5dce8b8/sb-vitest/deps/react-bootstrap.js?v=05fae97d:118:70
    at http://localhost:63316/node_modules/.cache/storybook/10.5.10/d089ae206bd7a58edd27e2b4d3689eedc26f6a98c46b1c5d1ba852a9c5dce8b8/sb-vitest/deps/react-bootstrap.js?v=05fae97d:136:66
    at div
    at http://localhost:63316/node_modules/.cache/storybook/10.5.10/d089ae206bd7a58edd27e2b4d3689eedc26f6a98c46b1c5d1ba852a9c5dce8b8/sb-vitest/deps/react-bootstrap.js?v=05fae97d:201:66
    at CustomAccordionBody (http://localhost:63316/ClientApp/src/components/Accordion/index.tsx:91:10)
    at div
    at http://localhost:63316/node_modules/.cache/storybook/10.5.10/d089ae206bd7a58edd27e2b4d3689eedc26f6a98c46b1c5d1ba852a9c5dce8b8/sb-vitest/deps/react-bootstrap.js?v=05fae97d:217:117
    at div
    at CustomAccordion (http://localhost:63316/ClientApp/src/components/Accordion/index.tsx:30:10)
    at div
    at http://localhost:63316/node_modules/.cache/storybook/10.5.10/d089ae206bd7a58edd27e2b4d3689eedc26f6a98c46b1c5d1ba852a9c5dce8b8/sb-vitest/deps/react-bootstrap_Row.js?v=2da325ed:10:52
    at SummaryAndAccept (http://localhost:63316/ClientApp/src/routes/acceptQuote/summaryAndAccept.tsx:31:17)
    at hookified (http://localhost:63316/node_modules/.cache/storybook/10.5.10/d089ae206bd7a58edd27e2b4d3689eedc26f6a98c46b1c5d1ba852a9c5dce8b8/sb-vitest/deps/csf-B8OjfbGV.js?v=1e677644:8281:9)
    at form
    at http://localhost:63316/node_modules/.cache/storybook/10.5.10/d089ae206bd7a58edd27e2b4d3689eedc26f6a98c46b1c5d1ba852a9c5dce8b8/sb-vitest/deps/formik.js?v=d7e89814:3385:21
    at Formik (http://localhost:63316/node_modules/.cache/storybook/10.5.10/d089ae206bd7a58edd27e2b4d3689eedc26f6a98c46b1c5d1ba852a9c5dce8b8/sb-vitest/deps/formik.js?v=d7e89814:3190:18)
    at RenderedRoute (http://localhost:63316/node_modules/.cache/storybook/10.5.10/d089ae206bd7a58edd27e2b4d3689eedc26f6a98c46b1c5d1ba852a9c5dce8b8/sb-vitest/deps/react-router.js?v=1b0d1760:4139:26)
    at RenderErrorBoundary (http://localhost:63316/node_modules/.cache/storybook/10.5.10/d089ae206bd7a58edd27e2b4d3689eedc26f6a98c46b1c5d1ba852a9c5dce8b8/sb-vitest/deps/react-router.js?v=1b0d1760:4073:3)
    at DataRoutes2 (http://localhost:63316/node_modules/.cache/storybook/10.5.10/d089ae206bd7a58edd27e2b4d3689eedc26f6a98c46b1c5d1ba852a9c5dce8b8/sb-vitest/deps/react-router.js?v=1b0d1760:4706:24)
    at Router (http://localhost:63316/node_modules/.cache/storybook/10.5.10/d089ae206bd7a58edd27e2b4d3689eedc26f6a98c46b1c5d1ba852a9c5dce8b8/sb-vitest/deps/react-router.js?v=1b0d1760:4771:29)
    at RouterProvider (http://localhost:63316/node_modules/.cache/storybook/10.5.10/d089ae206bd7a58edd27e2b4d3689eedc26f6a98c46b1c5d1ba852a9c5dce8b8/sb-vitest/deps/react-router.js?v=1b0d1760:4516:27)
    at unboundStoryFn (http://localhost:63316/node_modules/.cache/storybook/10.5.10/d089ae206bd7a58edd27e2b4d3689eedc26f6a98c46b1c5d1ba852a9c5dce8b8/sb-vitest/deps/csf-B8OjfbGV.js?v=1e677644:8788:243)
stderr | ClientApp/src/routes/acceptQuote/AcceptQuote.stories.tsx > Summary And Accept Step
Warning: An update to QuotationSummary inside a test was not wrapped in act(...).

When testing, code that causes React state updates should be wrapped into act(...):

act(() => {
  /* fire events that update state */
});
/* assert on the output */

This ensures that you're testing the behavior the user would see in the browser. Learn more at https://reactjs.org/link/wrap-tests-with-act
    at QuotationSummary (http://localhost:63316/ClientApp/src/routes/acceptQuote/quotationSummary.tsx:17:10)
    at div
    at div
    at Transition (http://localhost:63316/node_modules/.cache/storybook/10.5.10/d089ae206bd7a58edd27e2b4d3689eedc26f6a98c46b1c5d1ba852a9c5dce8b8/sb-vitest/deps/Modal-DPe2VpGT.js?v=1e677644:218:32)
    at http://localhost:63316/node_modules/.cache/storybook/10.5.10/d089ae206bd7a58edd27e2b4d3689eedc26f6a98c46b1c5d1ba852a9c5dce8b8/sb-vitest/deps/Modal-DPe2VpGT.js?v=1e677644:786:66
    at http://localhost:63316/node_modules/.cache/storybook/10.5.10/d089ae206bd7a58edd27e2b4d3689eedc26f6a98c46b1c5d1ba852a9c5dce8b8/sb-vitest/deps/react-bootstrap.js?v=05fae97d:60:57
    at http://localhost:63316/node_modules/.cache/storybook/10.5.10/d089ae206bd7a58edd27e2b4d3689eedc26f6a98c46b1c5d1ba852a9c5dce8b8/sb-vitest/deps/react-bootstrap.js?v=05fae97d:118:70
    at http://localhost:63316/node_modules/.cache/storybook/10.5.10/d089ae206bd7a58edd27e2b4d3689eedc26f6a98c46b1c5d1ba852a9c5dce8b8/sb-vitest/deps/react-bootstrap.js?v=05fae97d:136:66
    at div
    at http://localhost:63316/node_modules/.cache/storybook/10.5.10/d089ae206bd7a58edd27e2b4d3689eedc26f6a98c46b1c5d1ba852a9c5dce8b8/sb-vitest/deps/react-bootstrap.js?v=05fae97d:201:66
    at CustomAccordionBody (http://localhost:63316/ClientApp/src/components/Accordion/index.tsx:91:10)
    at div
    at http://localhost:63316/node_modules/.cache/storybook/10.5.10/d089ae206bd7a58edd27e2b4d3689eedc26f6a98c46b1c5d1ba852a9c5dce8b8/sb-vitest/deps/react-bootstrap.js?v=05fae97d:217:117
    at div
    at CustomAccordion (http://localhost:63316/ClientApp/src/components/Accordion/index.tsx:30:10)
    at div
    at http://localhost:63316/node_modules/.cache/storybook/10.5.10/d089ae206bd7a58edd27e2b4d3689eedc26f6a98c46b1c5d1ba852a9c5dce8b8/sb-vitest/deps/react-bootstrap_Row.js?v=2da325ed:10:52
    at SummaryAndAccept (http://localhost:63316/ClientApp/src/routes/acceptQuote/summaryAndAccept.tsx:31:17)
    at hookified (http://localhost:63316/node_modules/.cache/storybook/10.5.10/d089ae206bd7a58edd27e2b4d3689eedc26f6a98c46b1c5d1ba852a9c5dce8b8/sb-vitest/deps/csf-B8OjfbGV.js?v=1e677644:8281:9)
    at form
    at http://localhost:63316/node_modules/.cache/storybook/10.5.10/d089ae206bd7a58edd27e2b4d3689eedc26f6a98c46b1c5d1ba852a9c5dce8b8/sb-vitest/deps/formik.js?v=d7e89814:3385:21
    at Formik (http://localhost:63316/node_modules/.cache/storybook/10.5.10/d089ae206bd7a58edd27e2b4d3689eedc26f6a98c46b1c5d1ba852a9c5dce8b8/sb-vitest/deps/formik.js?v=d7e89814:3190:18)
    at RenderedRoute (http://localhost:63316/node_modules/.cache/storybook/10.5.10/d089ae206bd7a58edd27e2b4d3689eedc26f6a98c46b1c5d1ba852a9c5dce8b8/sb-vitest/deps/react-router.js?v=1b0d1760:4139:26)
    at RenderErrorBoundary (http://localhost:63316/node_modules/.cache/storybook/10.5.10/d089ae206bd7a58edd27e2b4d3689eedc26f6a98c46b1c5d1ba852a9c5dce8b8/sb-vitest/deps/react-router.js?v=1b0d1760:4073:3)
    at DataRoutes2 (http://localhost:63316/node_modules/.cache/storybook/10.5.10/d089ae206bd7a58edd27e2b4d3689eedc26f6a98c46b1c5d1ba852a9c5dce8b8/sb-vitest/deps/react-router.js?v=1b0d1760:4706:24)
    at Router (http://localhost:63316/node_modules/.cache/storybook/10.5.10/d089ae206bd7a58edd27e2b4d3689eedc26f6a98c46b1c5d1ba852a9c5dce8b8/sb-vitest/deps/react-router.js?v=1b0d1760:4771:29)
    at RouterProvider (http://localhost:63316/node_modules/.cache/storybook/10.5.10/d089ae206bd7a58edd27e2b4d3689eedc26f6a98c46b1c5d1ba852a9c5dce8b8/sb-vitest/deps/react-router.js?v=1b0d1760:4516:27)
    at unboundStoryFn (http://localhost:63316/node_modules/.cache/storybook/10.5.10/d089ae206bd7a58edd27e2b4d3689eedc26f6a98c46b1c5d1ba852a9c5dce8b8/sb-vitest/deps/csf-B8OjfbGV.js?v=1e677644:8788:243)
11:27:32 am [vite] [31m[2m(client)[22m[39m [2m[console.error] [22mWarning: An update to QuotationSummary inside a test was not wrapped in act(...).

When testing, code that causes React state updates should be wrapped into act(...):

act(() => {
  /* fire events that update state */
});
/* assert on the output */

This ensures that you're testing the behavior the user would see in the browser. Learn more at https://reactjs.org/link/wrap-tests-with-act
    at QuotationSummary (http://localhost:63316/ClientApp/src/routes/acceptQuote/quotationSummary.tsx:17:10)
    at div
    at div
    at Transition (http://localhost:63316/node_modules/.cache/storybook/10.5.10/d089ae206bd7a58edd27e2b4d3689eedc26f6a98c46b1c5d1ba852a9c5dce8b8/sb-vitest/deps/Modal-DPe2VpGT.js?v=1e677644:218:32)
    at http://localhost:63316/node_modules/.cache/storybook/10.5.10/d089ae206bd7a58edd27e2b4d3689eedc26f6a98c46b1c5d1ba852a9c5dce8b8/sb-vitest/deps/Modal-DPe2VpGT.js?v=1e677644:786:66
    at http://localhost:63316/node_modules/.cache/storybook/10.5.10/d089ae206bd7a58edd27e2b4d3689eedc26f6a98c46b1c5d1ba852a9c5dce8b8/sb-vitest/deps/react-bootstrap.js?v=05fae97d:60:57
    at http://localhost:63316/node_modules/.cache/storybook/10.5.10/d089ae206bd7a58edd27e2b4d3689eedc26f6a98c46b1c5d1ba852a9c5dce8b8/sb-vitest/deps/react-bootstrap.js?v=05fae97d:118:70
    at http://localhost:63316/node_modules/.cache/storybook/10.5.10/d089ae206bd7a58edd27e2b4d3689eedc26f6a98c46b1c5d1ba852a9c5dce8b8/sb-vitest/deps/react-bootstrap.js?v=05fae97d:136:66
    at div
    at http://localhost:63316/node_modules/.cache/storybook/10.5.10/d089ae206bd7a58edd27e2b4d3689eedc26f6a98c46b1c5d1ba852a9c5dce8b8/sb-vitest/deps/react-bootstrap.js?v=05fae97d:201:66
    at CustomAccordionBody (http://localhost:63316/ClientApp/src/components/Accordion/index.tsx:91:10)
    at div
    at http://localhost:63316/node_modules/.cache/storybook/10.5.10/d089ae206bd7a58edd27e2b4d3689eedc26f6a98c46b1c5d1ba852a9c5dce8b8/sb-vitest/deps/react-bootstrap.js?v=05fae97d:217:117
    at div
    at CustomAccordion (http://localhost:63316/ClientApp/src/components/Accordion/index.tsx:30:10)
    at div
    at http://localhost:63316/node_modules/.cache/storybook/10.5.10/d089ae206bd7a58edd27e2b4d3689eedc26f6a98c46b1c5d1ba852a9c5dce8b8/sb-vitest/deps/react-bootstrap_Row.js?v=2da325ed:10:52
    at SummaryAndAccept (http://localhost:63316/ClientApp/src/routes/acceptQuote/summaryAndAccept.tsx:31:17)
    at hookified (http://localhost:63316/node_modules/.cache/storybook/10.5.10/d089ae206bd7a58edd27e2b4d3689eedc26f6a98c46b1c5d1ba852a9c5dce8b8/sb-vitest/deps/csf-B8OjfbGV.js?v=1e677644:8281:9)
    at form
    at http://localhost:63316/node_modules/.cache/storybook/10.5.10/d089ae206bd7a58edd27e2b4d3689eedc26f6a98c46b1c5d1ba852a9c5dce8b8/sb-vitest/deps/formik.js?v=d7e89814:3385:21
    at Formik (http://localhost:63316/node_modules/.cache/storybook/10.5.10/d089ae206bd7a58edd27e2b4d3689eedc26f6a98c46b1c5d1ba852a9c5dce8b8/sb-vitest/deps/formik.js?v=d7e89814:3190:18)
    at RenderedRoute (http://localhost:63316/node_modules/.cache/storybook/10.5.10/d089ae206bd7a58edd27e2b4d3689eedc26f6a98c46b1c5d1ba852a9c5dce8b8/sb-vitest/deps/react-router.js?v=1b0d1760:4139:26)
    at RenderErrorBoundary (http://localhost:63316/node_modules/.cache/storybook/10.5.10/d089ae206bd7a58edd27e2b4d3689eedc26f6a98c46b1c5d1ba852a9c5dce8b8/sb-vitest/deps/react-router.js?v=1b0d1760:4073:3)
    at DataRoutes2 (http://localhost:63316/node_modules/.cache/storybook/10.5.10/d089ae206bd7a58edd27e2b4d3689eedc26f6a98c46b1c5d1ba852a9c5dce8b8/sb-vitest/deps/react-router.js?v=1b0d1760:4706:24)
    at Router (http://localhost:63316/node_modules/.cache/storybook/10.5.10/d089ae206bd7a58edd27e2b4d3689eedc26f6a98c46b1c5d1ba852a9c5dce8b8/sb-vitest/deps/react-router.js?v=1b0d1760:4771:29)
    at RouterProvider (http://localhost:63316/node_modules/.cache/storybook/10.5.10/d089ae206bd7a58edd27e2b4d3689eedc26f6a98c46b1c5d1ba852a9c5dce8b8/sb-vitest/deps/react-router.js?v=1b0d1760:4516:27)
    at unboundStoryFn (http://localhost:63316/node_modules/.cache/storybook/10.5.10/d089ae206bd7a58edd27e2b4d3689eedc26f6a98c46b1c5d1ba852a9c5dce8b8/sb-vitest/deps/csf-B8OjfbGV.js?v=1e677644:8788:243)
11:27:32 am [vite] [31m[2m(client)[22m[39m [2m[console.error] [22mWarning: An update to QuotationSummary inside a test was not wrapped in act(...).

When testing, code that causes React state updates should be wrapped into act(...):

act(() => {
  /* fire events that update state */
});
/* assert on the output */

This ensures that you're testing the behavior the user would see in the browser. Learn more at https://reactjs.org/link/wrap-tests-with-act
    at QuotationSummary (http://localhost:63316/ClientApp/src/routes/acceptQuote/quotationSummary.tsx:17:10)
    at div
    at div
    at Transition (http://localhost:63316/node_modules/.cache/storybook/10.5.10/d089ae206bd7a58edd27e2b4d3689eedc26f6a98c46b1c5d1ba852a9c5dce8b8/sb-vitest/deps/Modal-DPe2VpGT.js?v=1e677644:218:32)
    at http://localhost:63316/node_modules/.cache/storybook/10.5.10/d089ae206bd7a58edd27e2b4d3689eedc26f6a98c46b1c5d1ba852a9c5dce8b8/sb-vitest/deps/Modal-DPe2VpGT.js?v=1e677644:786:66
    at http://localhost:63316/node_modules/.cache/storybook/10.5.10/d089ae206bd7a58edd27e2b4d3689eedc26f6a98c46b1c5d1ba852a9c5dce8b8/sb-vitest/deps/react-bootstrap.js?v=05fae97d:60:57
    at http://localhost:63316/node_modules/.cache/storybook/10.5.10/d089ae206bd7a58edd27e2b4d3689eedc26f6a98c46b1c5d1ba852a9c5dce8b8/sb-vitest/deps/react-bootstrap.js?v=05fae97d:118:70
    at http://localhost:63316/node_modules/.cache/storybook/10.5.10/d089ae206bd7a58edd27e2b4d3689eedc26f6a98c46b1c5d1ba852a9c5dce8b8/sb-vitest/deps/react-bootstrap.js?v=05fae97d:136:66
    at div
    at http://localhost:63316/node_modules/.cache/storybook/10.5.10/d089ae206bd7a58edd27e2b4d3689eedc26f6a98c46b1c5d1ba852a9c5dce8b8/sb-vitest/deps/react-bootstrap.js?v=05fae97d:201:66
    at CustomAccordionBody (http://localhost:63316/ClientApp/src/components/Accordion/index.tsx:91:10)
    at div
    at http://localhost:63316/node_modules/.cache/storybook/10.5.10/d089ae206bd7a58edd27e2b4d3689eedc26f6a98c46b1c5d1ba852a9c5dce8b8/sb-vitest/deps/react-bootstrap.js?v=05fae97d:217:117
    at div
    at CustomAccordion (http://localhost:63316/ClientApp/src/components/Accordion/index.tsx:30:10)
    at div
    at http://localhost:63316/node_modules/.cache/storybook/10.5.10/d089ae206bd7a58edd27e2b4d3689eedc26f6a98c46b1c5d1ba852a9c5dce8b8/sb-vitest/deps/react-bootstrap_Row.js?v=2da325ed:10:52
    at SummaryAndAccept (http://localhost:63316/ClientApp/src/routes/acceptQuote/summaryAndAccept.tsx:31:17)
    at hookified (http://localhost:63316/node_modules/.cache/storybook/10.5.10/d089ae206bd7a58edd27e2b4d3689eedc26f6a98c46b1c5d1ba852a9c5dce8b8/sb-vitest/deps/csf-B8OjfbGV.js?v=1e677644:8281:9)
    at form
    at http://localhost:63316/node_modules/.cache/storybook/10.5.10/d089ae206bd7a58edd27e2b4d3689eedc26f6a98c46b1c5d1ba852a9c5dce8b8/sb-vitest/deps/formik.js?v=d7e89814:3385:21
    at Formik (http://localhost:63316/node_modules/.cache/storybook/10.5.10/d089ae206bd7a58edd27e2b4d3689eedc26f6a98c46b1c5d1ba852a9c5dce8b8/sb-vitest/deps/formik.js?v=d7e89814:3190:18)
    at RenderedRoute (http://localhost:63316/node_modules/.cache/storybook/10.5.10/d089ae206bd7a58edd27e2b4d3689eedc26f6a98c46b1c5d1ba852a9c5dce8b8/sb-vitest/deps/react-router.js?v=1b0d1760:4139:26)
    at RenderErrorBoundary (http://localhost:63316/node_modules/.cache/storybook/10.5.10/d089ae206bd7a58edd27e2b4d3689eedc26f6a98c46b1c5d1ba852a9c5dce8b8/sb-vitest/deps/react-router.js?v=1b0d1760:4073:3)
    at DataRoutes2 (http://localhost:63316/node_modules/.cache/storybook/10.5.10/d089ae206bd7a58edd27e2b4d3689eedc26f6a98c46b1c5d1ba852a9c5dce8b8/sb-vitest/deps/react-router.js?v=1b0d1760:4706:24)
    at Router (http://localhost:63316/node_modules/.cache/storybook/10.5.10/d089ae206bd7a58edd27e2b4d3689eedc26f6a98c46b1c5d1ba852a9c5dce8b8/sb-vitest/deps/react-router.js?v=1b0d1760:4771:29)
    at RouterProvider (http://localhost:63316/node_modules/.cache/storybook/10.5.10/d089ae206bd7a58edd27e2b4d3689eedc26f6a98c46b1c5d1ba852a9c5dce8b8/sb-vitest/deps/react-router.js?v=1b0d1760:4516:27)
    at unboundStoryFn (http://localhost:63316/node_modules/.cache/storybook/10.5.10/d089ae206bd7a58edd27e2b4d3689eedc26f6a98c46b1c5d1ba852a9c5dce8b8/sb-vitest/deps/csf-B8OjfbGV.js?v=1e677644:8788:243)
 ✓ |storybook (chromium)| ClientApp/src/routes/acceptQuote/AcceptQuote.stories.tsx (7 tests) 806ms
   ✓ Report Recipient Step  432ms

 Test Files  1 passed (1)
      Tests  7 passed (7)
   Start at  11:27:25
   Duration  7.54s (transform 0ms, setup 2.86s, import 535ms, tests 806ms, environment 0ms)

